step,Epoch/Avg_KL,Epoch/Avg_SVR,Epoch/Avg_Structural,Eval/SVR,Eval/acyclic_data_pass,Eval/in_degree_pass,Eval/no_orphan_pass,Eval/out_degree_pass,Eval/terminal_sink_pass,Loss/KL,Loss/Reconstruction,Loss/Structural,Loss/Total,Structural/acyclic,Structural/data_in,Structural/density,Structural/orphan,Structural/out_degree,Structural/sharpness,Structural/terminal,Structural/type_sharpness,run_name
0,,,,0.0,0.0,50.0,100.0,0.0,100.0,0.0,28.91818618774414,0.8909921646118164,28.927095413208008,0.028178231790661812,0.0,0.0,0.0,0.19672299921512604,0.24108678102493286,1.0316877365112305,0.1342546045780182,recon_dom_01_10
1,2.595073699951172,0.0026315790601074696,22.515869140625,,,,,,,0.0004367793444544077,24.178943634033203,24.997392654418945,24.429353713989258,0.1617053896188736,0.0,0.0,0.0,13.954219818115234,0.24445205926895142,20.394325256347656,0.13038700819015503,recon_dom_01_10
2,2.1247878074645996,0.01262626238167286,22.437339782714844,,,,,,,0.0011556276585906744,25.727901458740234,1.2244751453399658,25.741302490234375,0.04167968034744263,0.0,0.0,0.0,0.24749328196048737,0.23834902048110962,1.4623503684997559,0.13573366403579712,recon_dom_01_10
3,,,,,,,,,,0.0017857179045677185,23.712982177734375,8.485311508178711,23.79962158203125,0.08758436888456345,0.0,0.0,0.0,4.12054967880249,0.2403288185596466,7.778982639312744,0.13314975798130035,recon_dom_01_10
4,,,,,,,,,,0.0031377705745399,22.462541580200195,17.882823944091797,22.644508361816406,0.11791263520717621,0.0,0.0,0.0,9.844222068786621,0.2412738800048828,14.822799682617188,0.13512179255485535,recon_dom_01_10
5,,,,,,,,,,0.004187611863017082,24.074676513671875,7.898109436035156,24.15784454345703,0.10210268199443817,0.0,0.0,0.0,3.644798994064331,0.24292583763599396,7.4107279777526855,0.13140392303466797,recon_dom_01_10
6,,,,,,,,,,0.006019300781190395,24.709753036499023,5.288604259490967,24.768657684326172,0.08147276937961578,0.0,0.0,0.0,2.17537784576416,0.24181772768497467,5.336819648742676,0.13270872831344604,recon_dom_01_10
7,,,,,,,,,,0.0080882478505373,22.70486068725586,16.78740692138672,22.880823135375977,0.12201060354709625,0.0,0.0,0.0,9.163352012634277,0.24060744047164917,13.95322322845459,0.13329407572746277,recon_dom_01_10
8,,,,,,,,,,0.012942854315042496,27.771686553955078,0.6170629262924194,27.790800094604492,0.0238480344414711,6.466960621764883e-05,0.0,0.0,0.08501619100570679,0.23419657349586487,0.7503230571746826,0.14160683751106262,recon_dom_01_10
9,,,,,,,,,,0.011695707216858864,21.372142791748047,42.018497467041016,21.80402374267578,0.20853586494922638,0.0,0.0,0.0,24.83181381225586,0.24326005578041077,32.21318817138672,0.13086292147636414,recon_dom_01_10
10,,,,0.0,0.0,0.0,100.0,0.0,50.0,0.01549664419144392,20.596162796020508,26.207942962646484,20.87373924255371,0.15017664432525635,0.0,0.0,0.0,15.009428024291992,0.24049720168113708,20.820276260375977,0.134449303150177,recon_dom_01_10
11,,,,,,,,,,0.02230866253376007,23.304590225219727,3.310167074203491,23.360000610351562,0.06823761761188507,0.0,0.0,0.0,1.1958037614822388,0.23954182863235474,3.4714770317077637,0.13482609391212463,recon_dom_01_10
12,,,,,,,,,,0.02281717024743557,20.905590057373047,12.82949161529541,21.05670166015625,0.13689643144607544,0.0,0.0,0.0,6.543314456939697,0.24328525364398956,11.128554344177246,0.13089489936828613,recon_dom_01_10
13,,,,,,,,,,0.027005746960639954,21.859317779541016,5.860586166381836,21.944929122924805,0.11393751949071884,0.0,0.0,0.0,2.3673362731933594,0.2422776222229004,5.7723188400268555,0.13175071775913239,recon_dom_01_10
14,,,,,,,,,,0.028255954384803772,21.251399993896484,30.672529220581055,21.586381912231445,0.14477801322937012,0.006686578970402479,0.0,0.0,17.913955688476562,0.23924793303012848,23.980552673339844,0.13798126578330994,recon_dom_01_10
15,,,,,,,,,,0.024142056703567505,20.025474548339844,50.0,20.54961585998535,0.36395809054374695,0.0,0.0,0.0,56.09421157836914,0.2471139132976532,69.7732925415039,0.12806107103824615,recon_dom_01_10
16,,,,,,,,,,0.033716894686222076,21.254682540893555,25.35947036743164,21.541994094848633,0.15964777767658234,0.0,0.0,0.0,13.995365142822266,0.2459871470928192,21.05664825439453,0.12944447994232178,recon_dom_01_10
17,,,,,,,,,,0.04446348547935486,22.577550888061523,4.843360900878906,22.670448303222656,0.09425191581249237,0.0,0.0,0.0,1.7986011505126953,0.2416640818119049,5.072213172912598,0.13227450847625732,recon_dom_01_10
18,,,,,,,,,,0.04816571995615959,19.562116622924805,24.611003875732422,19.85639190673828,0.1418977826833725,0.0,0.0,0.0,14.027419090270996,0.2423999309539795,19.67321014404297,0.13251349329948425,recon_dom_01_10
19,,,,,,,,,,0.053827278316020966,19.37835693359375,24.88345718383789,19.681018829345703,0.1425977349281311,0.0,0.0,0.0,14.232298851013184,0.24242815375328064,19.801376342773438,0.132395401597023,recon_dom_01_10
20,,,,0.0,0.0,0.0,100.0,0.0,0.0,0.05796642601490021,20.416757583618164,26.276609420776367,20.737489700317383,0.1409701704978943,0.0,0.0,0.0,15.122270584106445,0.24139712750911713,20.82386016845703,0.1341886669397354,recon_dom_01_10
21,,,,,,,,,,0.03746889531612396,18.35240364074707,50.0,18.88987159729004,0.6927438974380493,0.0,0.0,0.0,135.29917907714844,0.2482720911502838,155.95986938476562,0.12726926803588867,recon_dom_01_10
22,,,,,,,,,,0.06828278303146362,20.410158157348633,12.03355598449707,20.59877586364746,0.11550061404705048,0.0,0.0,0.0,5.963807582855225,0.24479949474334717,10.909480094909668,0.13025718927383423,recon_dom_01_10
23,,,,,,,,,,0.05878657102584839,18.412843704223633,50.0,18.971630096435547,0.3704225718975067,0.0,0.0,0.0,62.89987564086914,0.24595250189304352,75.3722915649414,0.12913978099822998,recon_dom_01_10
24,,,,,,,,,,0.09809532016515732,19.281517028808594,1.7551188468933105,19.39716339111328,0.049641285091638565,0.0,0.0,0.0,0.44198161363601685,0.23962700366973877,2.0550742149353027,0.1343100368976593,recon_dom_01_10
25,,,,,,,,,,0.07117822766304016,19.14645004272461,50.0,19.717628479003906,0.2690099775791168,0.0,0.0,0.0,37.819786071777344,0.24658948183059692,48.79840850830078,0.12914130091667175,recon_dom_01_10
26,,,,,,,,,,0.10217460244894028,20.477462768554688,5.1870880126953125,20.631507873535156,0.09899234771728516,0.0,0.0,0.0,1.9896678924560547,0.24267283082008362,5.330124855041504,0.13128697872161865,recon_dom_01_10
27,,,,,,,,,,0.10353939980268478,19.59066390991211,7.538821220397949,19.76959228515625,0.083042211830616,0.0,0.0,0.0,3.355792284011841,0.24404498934745789,7.460493087768555,0.13166505098342896,recon_dom_01_10
28,,,,,,,,,,0.1236560270190239,20.293506622314453,5.827707290649414,20.475439071655273,0.06409751623868942,0.0,0.0,0.0,2.7286088466644287,0.23942294716835022,5.482150077819824,0.13592883944511414,recon_dom_01_10
29,,,,,,,,,,0.1434287428855896,19.39716339111328,1.3159151077270508,19.55375099182129,0.05380559712648392,0.0,0.0,0.0,0.26271435618400574,0.23969364166259766,1.493346929550171,0.13529865443706512,recon_dom_01_10
30,,,,0.0,0.0,0.0,100.0,0.0,50.0,0.1330123394727707,19.146949768066406,6.174919128417969,19.341711044311523,0.08373481035232544,0.0,0.0,0.0,2.650024175643921,0.2429443895816803,6.137636184692383,0.13108563423156738,recon_dom_01_10
31,,,,,,,,,,0.15159697830677032,20.125673294067383,3.2495741844177246,20.30976676940918,0.06134108453989029,0.0,0.0,0.0,1.1891064643859863,0.2407132089138031,3.432725667953491,0.13328082859516144,recon_dom_01_10
32,,,,,,,,,,0.1499927043914795,19.593286514282227,5.894388198852539,19.802223205566406,0.06926152110099792,0.0,0.0,0.0,2.756878137588501,0.24169152975082397,5.507408142089844,0.13329222798347473,recon_dom_01_10
33,,,,,,,,,,0.14473848044872284,18.16993522644043,32.10078430175781,18.63568115234375,0.17463815212249756,0.0,0.0,0.0,18.561016082763672,0.24453231692314148,25.25814437866211,0.1305108219385147,recon_dom_01_10
34,,,,,,,,,,0.17073290050029755,18.961963653564453,7.164915561676025,19.204345703125,0.07548709213733673,0.0,0.0,0.0,3.446343183517456,0.2427147924900055,6.60729455947876,0.13218216598033905,recon_dom_01_10
35,,,,,,,,,,0.15847960114479065,17.224809646606445,32.194580078125,17.70523452758789,0.19784367084503174,0.0,0.0,0.0,18.14130210876465,0.24549391865730286,26.053199768066406,0.12912821769714355,recon_dom_01_10
36,,,,,,,,,,0.19061820209026337,18.53136444091797,6.105303764343262,18.783035278320312,0.08502204716205597,0.0,0.0,0.0,2.587825298309326,0.24349114298820496,6.109701633453369,0.13168294727802277,recon_dom_01_10
37,,,,,,,,,,0.18734988570213318,17.506637573242188,24.348915100097656,17.937477111816406,0.16828352212905884,0.0,0.0,0.0,13.484886169433594,0.24307018518447876,19.970352172851562,0.13127490878105164,recon_dom_01_10
38,,,,,,,,,,0.20994672179222107,17.834314346313477,8.22961139678955,18.126556396484375,0.10375416278839111,0.0,0.0,0.0,3.7957780361175537,0.2434994876384735,7.755236625671387,0.13094310462474823,recon_dom_01_10
39,,,,,,,,,,0.2326211929321289,19.392751693725586,2.635485887527466,19.6517276763916,0.0412614531815052,0.030737977474927902,0.0,0.0,1.0256657600402832,0.23826400935649872,2.67080020904541,0.1354832649230957,recon_dom_01_10
40,,,,0.0,0.0,0.0,100.0,0.0,0.0,0.20672866702079773,16.20616912841797,50.0,16.91289710998535,0.25240346789360046,0.0,0.0,0.0,35.72414016723633,0.24588239192962646,45.09749984741211,0.12945204973220825,recon_dom_01_10
41,,,,,,,,,,0.24079498648643494,18.299440383911133,5.988974094390869,18.60012435913086,0.08481784164905548,0.0,0.0,0.0,2.5716867446899414,0.24264132976531982,5.911487102508545,0.13190439343452454,recon_dom_01_10
42,,,,,,,,,,0.1680896282196045,16.035564422607422,50.0,16.70365333557129,0.5004070401191711,0.0,0.0,0.0,91.16969299316406,0.24778306484222412,108.35478210449219,0.1274741291999817,recon_dom_01_10
43,,,,,,,,,,0.1160791665315628,15.61434268951416,50.0,16.23042106628418,1.5917903184890747,0.0,0.0,0.0,325.5765686035156,0.24880412220954895,359.2731018066406,0.12671047449111938,recon_dom_01_10
44,,,,,,,,,,0.25993987917900085,17.230493545532227,24.580520629882812,17.736238479614258,0.15692293643951416,0.0,0.0,0.0,13.676528930664062,0.2441871464252472,20.16372299194336,0.13096632063388824,recon_dom_01_10
45,,,,,,,,,,0.25737014412879944,16.590940475463867,32.99897003173828,17.178300857543945,0.19308187067508698,0.0,0.0,0.0,18.33403968811035,0.2459467500448227,27.324037551879883,0.12907618284225464,recon_dom_01_10
46,,,,,,,,,,0.27534568309783936,16.22043228149414,25.273757934570312,16.748516082763672,0.17047765851020813,0.0,0.0,0.0,13.816649436950684,0.24588517844676971,21.13445472717285,0.12903331220149994,recon_dom_01_10
47,,,,,,,,,,0.35914891958236694,16.877492904663086,2.1955642700195312,17.25859832763672,0.06708905100822449,0.0,0.0,0.0,0.6526967883110046,0.2373943030834198,2.340165615081787,0.13600127398967743,recon_dom_01_10
48,,,,,,,,,,0.33864521980285645,15.816237449645996,22.699708938598633,16.381879806518555,0.1419745832681656,0.0,0.0,0.0,12.821272850036621,0.24256959557533264,18.26213264465332,0.13237929344177246,recon_dom_01_10
49,,,,,,,,,,0.3495645523071289,16.526752471923828,8.304635047912598,16.95936393737793,0.09795813262462616,0.0,0.0,0.0,3.7981584072113037,0.2440512627363205,7.958383560180664,0.13089638948440552,recon_dom_01_10
50,,,,0.0,0.0,0.0,100.0,0.0,50.0,0.36432814598083496,15.966766357421875,13.707475662231445,16.468170166015625,0.12269586324691772,0.0,0.0,0.0,6.973792552947998,0.24406221508979797,12.165533065795898,0.1303003579378128,recon_dom_01_10
51,,,,,,,,,,0.278883159160614,15.561333656311035,50.0,16.34021759033203,1.0801056623458862,0.0,0.0,0.0,231.77435302734375,0.2427832931280136,245.10568237304688,0.13258492946624756,recon_dom_01_10
52,,,,,,,,,,0.3377706706523895,14.829086303710938,50.0,15.66685676574707,0.42713022232055664,0.0,0.0,0.0,81.98629760742188,0.2442930042743683,93.5064468383789,0.13062813878059387,recon_dom_01_10
53,,,,,,,,,,0.4555252492427826,18.73423194885254,0.43105924129486084,19.194067001342773,0.01672280952334404,0.0,0.0,0.0,0.10070514678955078,0.23429526388645172,0.4179723262786865,0.1432434618473053,recon_dom_01_10
54,,,,,,,,,,0.47495436668395996,14.999589920043945,3.9796509742736816,15.5143404006958,0.07441665977239609,0.0,0.0,0.0,1.5511606931686401,0.24149921536445618,4.037843704223633,0.13335144519805908,recon_dom_01_10
55,,,,,,,,,,0.3034934401512146,15.466962814331055,50.0,16.270456314086914,0.35571980476379395,0.0,0.0,0.0,56.01136779785156,0.24758750200271606,70.4842300415039,0.12785667181015015,recon_dom_01_10
56,,,,,,,,,,0.5000483989715576,13.949347496032715,7.043915271759033,14.519835472106934,0.10707985609769821,0.0,0.0,0.0,3.268200159072876,0.24101755023002625,6.405679702758789,0.13374388217926025,recon_dom_01_10
57,,,,,,,,,,0.3309439420700073,14.692781448364258,50.0,15.523725509643555,0.9700837731361389,0.0,0.0,0.0,207.5979461669922,0.24536225199699402,226.8717041015625,0.12966251373291016,recon_dom_01_10
58,,,,,,,,,,0.5209100246429443,15.898890495300293,5.104217052459717,16.470842361450195,0.06756186485290527,0.0,0.0,0.0,2.2685935497283936,0.24155330657958984,4.920751571655273,0.13283155858516693,recon_dom_01_10
59,,,,,,,,,,0.5343700647354126,15.05897331237793,5.401240348815918,15.647356033325195,0.06750515103340149,0.0,0.0,0.0,2.3816545009613037,0.24163949489593506,5.289247989654541,0.13272252678871155,recon_dom_01_10
60,,,,0.0,0.0,50.0,100.0,0.0,0.0,0.5392681360244751,14.68630313873291,9.913362503051758,15.324705123901367,0.09239476919174194,0.0,0.0,0.0,5.024841785430908,0.24138635396957397,8.777871131896973,0.13471785187721252,recon_dom_01_10
61,,,,,,,,,,0.5213073492050171,15.050113677978516,9.501352310180664,15.666434288024902,0.1057136282324791,0.0,0.0,0.0,4.527087211608887,0.2435145378112793,8.816401481628418,0.13144627213478088,recon_dom_01_10
62,,,,,,,,,,0.6339779496192932,15.740434646606445,0.8179355263710022,16.382591247558594,0.030650382861495018,0.0,0.0,0.0,0.14292848110198975,0.23728545010089874,0.9684116244316101,0.13820800185203552,recon_dom_01_10
63,,,,,,,,,,0.5376253128051758,13.103373527526855,36.44462203979492,14.00544548034668,0.18049177527427673,0.0,0.0,0.0,21.497940063476562,0.24273672699928284,28.0134334564209,0.13230867683887482,recon_dom_01_10
64,,,,,,,,,,0.6201989650726318,13.934430122375488,6.886561393737793,14.623495101928711,0.10086610913276672,0.0,0.0,0.0,3.004436492919922,0.24401013553142548,6.680693626403809,0.13046735525131226,recon_dom_01_10
65,,,,,,,,,,0.5354841947555542,13.944000244140625,44.59898376464844,14.925474166870117,0.18759867548942566,0.0,0.0,0.0,26.745676040649414,0.24152308702468872,33.75554275512695,0.13393300771713257,recon_dom_01_10
66,,,,,,,,,,0.6294634342193604,13.96106243133545,7.543925762176514,14.66596508026123,0.09086219221353531,0.0,0.0,0.0,3.343341588973999,0.24341514706611633,7.417706489562988,0.13078372180461884,recon_dom_01_10
67,,,,,,,,,,0.5316798090934753,13.322965621948242,50.0,14.354645729064941,0.32364025712013245,0.0,0.0,0.0,53.193336486816406,0.24470753967761993,63.21692657470703,0.13111281394958496,recon_dom_01_10
68,,,,,,,,,,0.6278952956199646,13.188179969787598,14.811759948730469,13.964192390441895,0.11372184008359909,0.0,0.0,0.0,7.841055870056152,0.24337726831436157,12.729023933410645,0.13245871663093567,recon_dom_01_10
69,,,,,,,,,,0.753280520439148,13.399056434631348,1.2041797637939453,14.164379119873047,0.04884698614478111,0.0,0.0,0.0,0.2496347427368164,0.2384258508682251,1.3454476594924927,0.1374368965625763,recon_dom_01_10
70,,,,0.0,0.0,0.0,100.0,0.0,50.0,0.6553148031234741,13.546814918518066,13.853045463562012,14.340660095214844,0.12632150948047638,0.0,0.0,0.0,7.020329475402832,0.24484595656394958,12.327223777770996,0.1301109790802002,recon_dom_01_10
71,,,,,,,,,,0.7845602035522461,12.71617317199707,4.7564873695373535,13.548297882080078,0.0965273380279541,0.0,0.0,0.0,1.8207781314849854,0.24296750128269196,4.83130407333374,0.13123667240142822,recon_dom_01_10
72,,,,,,,,,,0.4593380391597748,12.8655366897583,50.0,13.824874877929688,1.3079824447631836,0.0,0.0,0.0,263.9596862792969,0.2474791407585144,287.8824768066406,0.1274871677160263,recon_dom_01_10
73,,,,,,,,,,0.7940158843994141,13.562150955200195,7.157156467437744,14.427738189697266,0.08835842460393906,0.0,0.0,0.0,3.3765575885772705,0.24233108758926392,6.602719306945801,0.13214053213596344,recon_dom_01_10
74,,,,,,,,,,0.8367416262626648,13.508096694946289,1.93613862991333,14.3641996383667,0.06833402812480927,0.0,0.0,0.0,0.48642590641975403,0.24011686444282532,2.1412057876586914,0.13428106904029846,recon_dom_01_10
75,,,,,,,,,,0.7552334070205688,12.16688060760498,17.42856216430664,13.096399307250977,0.1475403606891632,0.0,0.0,0.0,9.09725284576416,0.24496519565582275,15.112289428710938,0.12967148423194885,recon_dom_01_10
76,,,,,,,,,,0.9119499921798706,12.319493293762207,1.9112927913665771,13.250555992126465,0.06282913684844971,0.0,0.0,0.0,0.47541770339012146,0.2395435869693756,2.1687827110290527,0.1338384449481964,recon_dom_01_10
77,,,,,,,,,,0.7081626653671265,13.290950775146484,24.728816986083984,14.2464017868042,0.1490982323884964,0.0,0.0,0.0,13.474201202392578,0.24562571942806244,20.943218231201172,0.12953948974609375,recon_dom_01_10
78,,,,,,,,,,0.943871021270752,13.735395431518555,0.9829409718513489,14.689095497131348,0.036609798669815063,0.0,0.0,0.0,0.15894262492656708,0.23791545629501343,1.20697820186615,0.13668672740459442,recon_dom_01_10
79,,,,,,,,,,0.9734621047973633,12.206710815429688,3.509213447570801,13.215265274047852,0.0734088346362114,0.0,0.0,0.0,1.233593225479126,0.24146275222301483,3.7421650886535645,0.13347181677818298,recon_dom_01_10
80,,,,0.0,0.0,0.0,100.0,0.0,100.0,0.9505846500396729,12.585359573364258,2.541126012802124,13.561355590820312,0.06079615652561188,0.0,0.0,0.0,0.7296612858772278,0.23999762535095215,2.9403088092803955,0.1332971304655075,recon_dom_01_10
81,,,,,,,,,,1.0094339847564697,11.906387329101562,5.51380729675293,12.970959663391113,0.088523268699646,0.0,0.0,0.0,2.2595293521881104,0.24295683205127716,5.5484771728515625,0.13127104938030243,recon_dom_01_10
82,,,,,,,,,,0.8171418905258179,12.992816925048828,50.0,14.309958457946777,0.5715463161468506,0.0,0.0,0.0,110.162841796875,0.2432452142238617,124.14850616455078,0.13172022998332977,recon_dom_01_10
83,,,,,,,,,,0.926953911781311,11.061307907104492,18.45318031311035,12.1727933883667,0.15251460671424866,0.0,0.0,0.0,9.795489311218262,0.2452308088541031,15.715243339538574,0.12971773743629456,recon_dom_01_10
84,,,,,,,,,,1.0420174598693848,11.817935943603516,13.381162643432617,12.993764877319336,0.13102886080741882,0.0,0.0,0.0,6.86778450012207,0.24257014691829681,11.641570091247559,0.13191697001457214,recon_dom_01_10
85,,,,,,,,,,0.9092602729797363,11.577987670898438,42.2310676574707,12.909558296203613,0.1909482777118683,0.0,0.0,0.0,24.969167709350586,0.24472148716449738,32.53929901123047,0.13038581609725952,recon_dom_01_10
86,,,,,,,,,,0.8879555463790894,11.530388832092285,50.0,12.918344497680664,0.404073029756546,0.0,0.0,0.0,65.93356323242188,0.245293989777565,77.97613525390625,0.12957650423049927,recon_dom_01_10
87,,,,,,,,,,0.9396090507507324,11.524250030517578,39.890380859375,12.862762451171875,0.18115657567977905,0.0,0.0,0.0,23.370031356811523,0.24566327035427094,31.15410804748535,0.1294659525156021,recon_dom_01_10
88,,,,,,,,,,0.9674393534660339,11.381217956542969,50.0,12.848657608032227,0.2421976923942566,0.0,0.0,0.0,36.21120071411133,0.24441993236541748,45.06449890136719,0.13042321801185608,recon_dom_01_10
89,,,,,,,,,,1.1160674095153809,11.195710182189941,10.520914077758789,12.416986465454102,0.09410125762224197,0.0,0.0,0.0,5.361327171325684,0.24300749599933624,9.303226470947266,0.13166674971580505,recon_dom_01_10
90,,,,0.0,0.0,0.0,100.0,0.0,0.0,0.8813744783401489,10.616707801818848,50.0,11.998082160949707,0.2809751033782959,0.0,0.0,0.0,33.000953674316406,0.24724659323692322,44.73250198364258,0.12818096578121185,recon_dom_01_10
91,,,,,,,,,,1.1238402128219604,10.538068771362305,26.764272689819336,11.92955207824707,0.13989940285682678,0.0,0.0,0.0,15.439837455749512,0.24298496544361115,21.174835205078125,0.1322280615568161,recon_dom_01_10
92,,,,,,,,,,1.256501317024231,11.38904857635498,3.629108428955078,12.681840896606445,0.06425271928310394,0.0,0.0,0.0,1.3206133842468262,0.242094948887825,3.8994345664978027,0.13304631412029266,recon_dom_01_10
93,,,,,,,,,,1.3312783241271973,13.168863296508789,0.6297203302383423,14.506439208984375,0.025862548500299454,0.00742532592266798,0.0,0.0,0.08003880828619003,0.23765403032302856,0.7505854964256287,0.13885341584682465,recon_dom_01_10
94,,,,,,,,,,0.9793897867202759,11.478715896606445,50.0,12.95810604095459,0.4359230697154999,0.0,0.0,0.0,78.2583236694336,0.24681255221366882,91.98055267333984,0.12859278917312622,recon_dom_01_10
95,,,,,,,,,,1.2319272756576538,10.803727149963379,11.364835739135742,12.14930248260498,0.09824493527412415,0.0,0.0,0.0,5.787511348724365,0.2432858645915985,10.097293853759766,0.13124382495880127,recon_dom_01_10
96,,,,,,,,,,0.8786243200302124,10.036285400390625,50.0,11.414909362792969,0.5075328946113586,0.0,0.0,0.0,87.57429504394531,0.24788358807563782,105.04362487792969,0.12748295068740845,recon_dom_01_10
97,,,,,,,,,,1.112178087234497,10.220826148986816,44.34086608886719,11.776412963867188,0.21497640013694763,0.0,0.0,0.0,26.09893798828125,0.24574768543243408,34.25907516479492,0.12934312224388123,recon_dom_01_10
98,,,,,,,,,,0.9228846430778503,10.834839820861816,50.0,12.25772476196289,0.46117284893989563,0.0,0.0,0.0,78.65721893310547,0.24789391458034515,94.35863494873047,0.12783977389335632,recon_dom_01_10
99,,,,,,,,,,1.0917333364486694,10.401658058166504,50.0,11.993391036987305,0.24520990252494812,0.0,0.0,0.0,31.089431762695312,0.24654416739940643,41.646488189697266,0.12869203090667725,recon_dom_01_10
100,,,,0.0,0.0,0.0,100.0,50.0,100.0,1.4040969610214233,9.198235511779785,10.484175682067871,10.707174301147461,0.09575287252664566,0.0,0.0,0.0,5.481658935546875,0.23957842588424683,8.972110748291016,0.137379989027977,recon_dom_01_10
101,,,,,,,,,,1.4447441101074219,11.694282531738281,2.054748773574829,13.159574508666992,0.04044162854552269,0.0,0.0,0.0,0.6830700039863586,0.23957699537277222,2.2635884284973145,0.13718809187412262,recon_dom_01_10
102,,,,,,,,,,1.1454946994781494,11.082365036010742,50.0,12.727859497070312,1.2939273118972778,0.0,0.0,0.0,264.38897705078125,0.24541983008384705,286.86138916015625,0.12947899103164673,recon_dom_01_10
103,,,,,,,,,,1.4174304008483887,9.103886604309082,12.130243301391602,10.642619132995605,0.12289391458034515,0.0,0.0,0.0,5.98643684387207,0.24537789821624756,10.983617782592773,0.12989698350429535,recon_dom_01_10
104,,,,,,,,,,1.7356042861938477,9.611869812011719,1.3624886274337769,11.361099243164062,0.05915800854563713,0.0,0.0,0.0,0.26521068811416626,0.24042534828186035,1.5279937982559204,0.1344844549894333,recon_dom_01_10
105,,,,,,,,,,1.5054292678833008,9.160052299499512,9.250492095947266,10.757986068725586,0.10061709582805634,0.0,0.0,0.0,4.364138603210449,0.24442097544670105,8.691564559936523,0.1304401457309723,recon_dom_01_10
106,,,,,,,,,,1.58587646484375,9.237234115600586,3.5248501300811768,10.858359336853027,0.07936777174472809,0.0,0.0,0.0,1.1507673263549805,0.24260935187339783,3.8796043395996094,0.13180717825889587,recon_dom_01_10
107,,,,,,,,,,1.7636570930480957,7.737416744232178,4.379746437072754,9.54487133026123,0.08852961659431458,0.0,0.0,0.0,1.749128818511963,0.24120508134365082,4.30095911026001,0.133697047829628,recon_dom_01_10
108,,,,,,,,,,1.515634298324585,9.22320556640625,29.913301467895508,11.037972450256348,0.1561530977487564,0.0,0.0,0.0,17.33603858947754,0.2430872917175293,23.51797866821289,0.13201621174812317,recon_dom_01_10
109,,,,,,,,,,1.721958875656128,8.349320411682129,10.968810081481934,10.180967330932617,0.13128843903541565,0.0,0.0,0.0,5.481093883514404,0.24369403719902039,9.587715148925781,0.13045886158943176,recon_dom_01_10
110,,,,0.0,0.0,0.0,100.0,50.0,50.0,1.6469087600708008,8.827595710754395,4.810776710510254,10.522612571716309,0.0679558739066124,0.006888826377689838,0.0,0.0,2.1489973068237305,0.24157103896141052,4.554932117462158,0.13488194346427917,recon_dom_01_10
111,,,,,,,,,,1.7024011611938477,8.325163841247559,11.499762535095215,10.142562866210938,0.13899126648902893,0.0,0.0,0.0,5.707134246826172,0.24329158663749695,10.120473861694336,0.13105954229831696,recon_dom_01_10
112,,,,,,,,,,1.757094383239746,8.507702827453613,14.421882629394531,10.409015655517578,0.11897759884595871,0.0,0.0,0.0,7.64530611038208,0.24430009722709656,12.288341522216797,0.13087806105613708,recon_dom_01_10
113,,,,,,,,,,1.9501579999923706,7.223328113555908,2.361788749694824,9.197104454040527,0.08233289420604706,0.0,0.0,0.0,0.6683355569839478,0.24049809575080872,2.4886536598205566,0.13412022590637207,recon_dom_01_10
114,,,,,,,,,,1.7834781408309937,7.689418792724609,7.863402366638184,9.551530838012695,0.09284763038158417,0.0,0.0,0.0,3.688616991043091,0.24398371577262878,7.346104145050049,0.13097158074378967,recon_dom_01_10
115,,,,,,,,,,2.0283596515655518,8.959197998046875,0.4752376079559326,10.9923095703125,0.017679153010249138,0.0,0.0,0.0,0.07274642586708069,0.2350231409072876,0.5526032447814941,0.1429145485162735,recon_dom_01_10
116,,,,,,,,,,1.9186033010482788,9.356682777404785,1.2730352878570557,11.288016319274902,0.03572305664420128,0.0,0.0,0.0,0.2859480679035187,0.23913773894309998,1.5416632890701294,0.1372651755809784,recon_dom_01_10
117,,,,,,,,,,1.68148934841156,8.39743423461914,33.575355529785156,10.414676666259766,0.15875227749347687,0.0,0.0,0.0,19.727922439575195,0.2423534095287323,26.032312393188477,0.13282182812690735,recon_dom_01_10
118,,,,,,,,,,1.7293968200683594,8.631410598754883,50.0,10.860807418823242,0.30805081129074097,0.0,0.0,0.0,45.500389099121094,0.24470415711402893,54.921173095703125,0.1306934654712677,recon_dom_01_10
119,,,,,,,,,,2.1249806880950928,8.98156452178955,0.6347870826721191,11.112893104553223,0.022251851856708527,0.0,0.0,0.0,0.08180344849824905,0.23432143032550812,0.8079248666763306,0.1432981789112091,recon_dom_01_10
120,,,,0.0,0.0,0.0,100.0,0.0,0.0,1.9051191806793213,8.311829566955566,15.124521255493164,10.368193626403809,0.13193663954734802,0.0,0.0,0.0,7.721927165985107,0.24412477016448975,13.410970687866211,0.1301352083683014,recon_dom_01_10
121,,,,,,,,,,1.6206897497177124,8.307185173034668,50.0,10.427874565124512,0.289189875125885,0.0,0.0,0.0,45.817264556884766,0.24476942420005798,56.13087844848633,0.13068321347236633,recon_dom_01_10
122,,,,,,,,,,1.7692936658859253,7.61329460144043,50.0,9.882588386535645,0.2345268726348877,0.0,0.0,0.0,29.770557403564453,0.2460995316505432,38.985435485839844,0.12914475798606873,recon_dom_01_10
123,,,,,,,,,,2.186028480529785,6.578894138336182,3.9870896339416504,8.804793357849121,0.09472835808992386,0.0,0.0,0.0,1.4729936122894287,0.24197226762771606,4.0060038566589355,0.13254989683628082,recon_dom_01_10
124,,,,,,,,,,2.341168165206909,7.817407131195068,2.1681017875671387,10.180255889892578,0.06341136246919632,0.0,0.0,0.0,0.6416292786598206,0.24001216888427734,2.343820571899414,0.13504189252853394,recon_dom_01_10
125,,,,,,,,,,1.9829591512680054,7.667103290557861,50.0,10.150062561035156,0.26313894987106323,0.0,0.0,0.0,40.82128143310547,0.24386969208717346,49.74568557739258,0.1312224268913269,recon_dom_01_10
126,,,,,,,,,,1.8246896266937256,7.592704772949219,36.81097412109375,9.785504341125488,0.19553647935390472,0.0,0.0,0.0,21.172874450683594,0.24614852666854858,29.245756149291992,0.12924779951572418,recon_dom_01_10
127,,,,,,,,,,2.242145299911499,7.729819297790527,6.072359561920166,10.03268814086914,0.08702053129673004,0.0,0.0,0.0,2.773540735244751,0.24260875582695007,5.652396202087402,0.13256880640983582,recon_dom_01_10
128,,,,,,,,,,2.147830009460449,6.435940742492676,5.751388072967529,8.641284942626953,0.0739535316824913,0.0052747274748981,0.0,0.0,2.6596484184265137,0.24009373784065247,5.358132839202881,0.1362176388502121,recon_dom_01_10
129,,,,,,,,,,2.3540706634521484,5.935387134552002,9.710926055908203,8.386567115783691,0.1028812825679779,0.0,0.0,0.0,4.81117057800293,0.24374103546142578,8.695804595947266,0.13073217868804932,recon_dom_01_10
130,,,,0.0,0.0,0.0,100.0,50.0,0.0,2.0092151165008545,7.6659016609191895,46.8687858581543,10.143804550170898,0.22584469616413116,0.0,0.0,0.0,27.83141326904297,0.24292802810668945,35.74131393432617,0.13198930025100708,recon_dom_01_10
131,,,,,,,,,,2.488001823425293,6.35297966003418,3.592118263244629,8.87690258026123,0.06804957985877991,0.0,0.0,0.0,1.3690927028656006,0.24187560379505157,3.690647840499878,0.13266488909721375,recon_dom_01_10
132,,,,,,,,,,2.179661273956299,5.801085948944092,20.765640258789062,8.188404083251953,0.16833312809467316,0.0,0.0,0.0,11.050019264221191,0.24589991569519043,17.67292594909668,0.1290331482887268,recon_dom_01_10
133,,,,,,,,,,2.076533079147339,7.430196285247803,30.96194839477539,9.816349029541016,0.14666825532913208,0.005390162579715252,0.0,0.0,18.009307861328125,0.24213160574436188,24.35240936279297,0.13491852581501007,recon_dom_01_10
134,,,,,,,,,,2.427006244659424,6.236948490142822,4.671955108642578,8.710674285888672,0.08229809999465942,0.0,0.0,0.0,1.8622267246246338,0.24215449392795563,4.721593856811523,0.1322532445192337,recon_dom_01_10
135,,,,,,,,,,2.523714065551758,6.121601581573486,4.209543228149414,8.687411308288574,0.0635061040520668,0.0,0.0,0.0,1.663796305656433,0.24231846630573273,4.381473541259766,0.13248275220394135,recon_dom_01_10
136,,,,,,,,,,2.673823833465576,5.387589931488037,6.40888786315918,8.125502586364746,0.09406223893165588,0.0,0.0,0.0,2.8464813232421875,0.24259963631629944,6.109304428100586,0.1318286955356598,recon_dom_01_10
137,,,,,,,,,,1.736833930015564,8.849705696105957,50.0,11.086539268493652,1.2708364725112915,0.0,0.0,0.0,265.2760925292969,0.24608157575130463,286.69537353515625,0.13019627332687378,recon_dom_01_10
138,,,,,,,,,,2.848762035369873,5.157217979431152,2.6721158027648926,8.03270149230957,0.06776998192071915,0.0,0.0,0.0,0.8216537237167358,0.24173472821712494,2.9482483863830566,0.13314373791217804,recon_dom_01_10
139,,,,,,,,,,2.7599964141845703,5.953832149505615,4.669259548187256,8.760520935058594,0.09206807613372803,0.0,0.0,0.0,1.8450024127960205,0.2427515685558319,4.652880668640137,0.1320117563009262,recon_dom_01_10
140,,,,0.0,0.0,0.0,100.0,0.0,50.0,2.6874351501464844,5.563784122467041,3.600986957550049,8.287229537963867,0.09203872084617615,0.0,0.0,0.0,1.1816582679748535,0.24305680394172668,3.843245267868042,0.13206961750984192,recon_dom_01_10
141,,,,,,,,,,2.544926166534424,5.787087440490723,18.108675003051758,8.513100624084473,0.14446383714675903,0.0,0.0,0.0,9.67409610748291,0.24468165636062622,15.349492073059082,0.13044843077659607,recon_dom_01_10
142,,,,,,,,,,1.8450074195861816,6.889148235321045,50.0,9.234155654907227,0.5356725454330444,0.0,0.0,0.0,101.38285827636719,0.24765148758888245,117.02745056152344,0.12819378077983856,recon_dom_01_10
143,,,,,,,,,,1.9968671798706055,6.765328407287598,50.0,9.262195587158203,0.6499708890914917,0.0,0.0,0.0,115.97480773925781,0.24685075879096985,132.66311645507812,0.12843948602676392,recon_dom_01_10
144,,,,,,,,,,2.990013837814331,5.104804515838623,2.627807378768921,8.12109661102295,0.07108146697282791,0.0,0.0,0.0,0.7607106566429138,0.24133047461509705,2.94846248626709,0.13325053453445435,recon_dom_01_10
145,,,,,,,,,,2.808852195739746,5.779326438903809,3.998483180999756,8.62816333770752,0.06625291705131531,0.005626739468425512,0.0,0.0,1.6750547885894775,0.24047289788722992,3.897942543029785,0.13518521189689636,recon_dom_01_10
146,,,,,,,,,,2.7141480445861816,5.483892440795898,8.444175720214844,8.282482147216797,0.10749907791614532,0.0,0.0,0.0,3.889904737472534,0.2441810816526413,7.958519458770752,0.1309756636619568,recon_dom_01_10
147,,,,,,,,,,3.260247230529785,4.71015739440918,1.05715811252594,7.980976104736328,0.04986497759819031,0.0,0.0,0.0,0.15935367345809937,0.23903538286685944,1.2216280698776245,0.13761910796165466,recon_dom_01_10
148,,,,,,,,,,2.2341089248657227,7.50320291519165,50.0,10.237312316894531,0.9319657683372498,0.0,0.0,0.0,197.2097625732422,0.2442818582057953,216.0946502685547,0.13067510724067688,recon_dom_01_10
149,,,,,,,,,,3.1870906352996826,4.868356227874756,1.658478856086731,8.07203197479248,0.0795256495475769,0.0,0.0,0.0,0.32578912377357483,0.23961052298545837,1.7951942682266235,0.1350325644016266,recon_dom_01_10
150,,,,0.0,0.0,0.0,100.0,0.0,0.0,2.3133044242858887,5.529005527496338,50.0,8.342309951782227,0.27851182222366333,0.0,0.0,0.0,42.665470123291016,0.24688059091567993,53.405738830566406,0.1288616806268692,recon_dom_01_10
151,,,,,,,,,,1.9133237600326538,6.357297420501709,50.0,8.770621299743652,0.6553884148597717,0.0,0.0,0.0,121.08250427246094,0.24798518419265747,138.90341186523438,0.12769901752471924,recon_dom_01_10
152,,,,,,,,,,2.258469343185425,5.898977756500244,50.0,8.65744686126709,0.35043036937713623,0.0,0.0,0.0,58.70677947998047,0.24697250127792358,71.53582763671875,0.1285189986228943,recon_dom_01_10
153,,,,,,,,,,3.1408212184906006,4.314123630523682,2.596341609954834,7.480908393859863,0.06156301125884056,0.0,0.0,0.0,0.7642155885696411,0.242007315158844,2.9737191200256348,0.13250799477100372,recon_dom_01_10
154,,,,,,,,,,1.6680415868759155,8.432633399963379,50.0,10.600674629211426,1.645725131034851,0.0,0.0,0.0,342.8648376464844,0.24795007705688477,371.1099853515625,0.12760329246520996,recon_dom_01_10
155,,,,,,,,,,3.0674502849578857,4.69823694229126,17.391586303710938,7.939602851867676,0.12955591082572937,0.0,0.0,0.0,9.451505661010742,0.2440861612558365,14.50961971282959,0.13083019852638245,recon_dom_01_10
156,,,,,,,,,,2.7788379192352295,4.836462020874023,41.6299934387207,8.031599998474121,0.22159940004348755,0.0,0.0,0.0,24.324254989624023,0.24561110138893127,32.320465087890625,0.12950530648231506,recon_dom_01_10
157,,,,,,,,,,2.8931996822357178,5.179250717163086,30.694843292236328,8.379399299621582,0.17150086164474487,0.0,0.0,0.0,17.657066345214844,0.24511361122131348,24.285425186157227,0.13051261007785797,recon_dom_01_10
158,,,,,,,,,,3.197537422180176,4.780014514923096,3.7696871757507324,8.015249252319336,0.0710858553647995,0.0,0.0,0.0,1.3507026433944702,0.2418893277645111,4.052286148071289,0.1322338581085205,recon_dom_01_10
159,,,,,,,,,,2.8655524253845215,4.491364002227783,30.828771591186523,7.665204048156738,0.19137270748615265,0.0,0.0,0.0,17.34176254272461,0.24588772654533386,24.98525619506836,0.12927435338497162,recon_dom_01_10
160,,,,0.0,0.0,0.0,100.0,50.0,50.0,2.944002151489258,5.588720798492432,50.0,9.032722473144531,0.2393939048051834,0.0,0.0,0.0,36.223690032958984,0.24558372795581818,44.90127182006836,0.13042429089546204,recon_dom_01_10
161,,,,,,,,,,3.5288310050964355,4.778164863586426,0.549464225769043,8.312490463256836,0.02316831797361374,0.0,0.0,0.0,0.1096433475613594,0.2371794581413269,0.5727628469467163,0.13879996538162231,recon_dom_01_10
162,,,,,,,,,,2.9704647064208984,4.54395055770874,20.257740020751953,7.7169928550720215,0.1435321867465973,0.0,0.0,0.0,10.706270217895508,0.24560508131980896,17.59255599975586,0.12969070672988892,recon_dom_01_10
163,,,,,,,,,,2.9732608795166016,4.784828186035156,50.0,8.258089065551758,0.24088028073310852,0.0,0.0,0.0,32.738285064697266,0.24201254546642303,40.205867767333984,0.13327080011367798,recon_dom_01_10
164,,,,,,,,,,3.024545669555664,4.233389377593994,50.0,7.757935047149658,0.23381389677524567,0.0,0.0,0.0,30.4265193939209,0.24372920393943787,38.355831146240234,0.13126415014266968,recon_dom_01_10
165,,,,,,,,,,3.2507238388061523,3.641265630722046,6.759100914001465,6.959580421447754,0.08538056910037994,0.0,0.0,0.0,3.0255541801452637,0.24346831440925598,6.538348197937012,0.13122805953025818,recon_dom_01_10
166,,,,,,,,,,2.8109922409057617,4.113934516906738,44.01581954956055,7.365085124969482,0.2373829185962677,0.0,0.0,0.0,25.432186126708984,0.24688094854354858,34.71826934814453,0.1289588212966919,recon_dom_01_10
167,,,,,,,,,,3.4374918937683105,4.581526756286621,1.3032950162887573,8.032052040100098,0.05208375304937363,0.0,0.0,0.0,0.23535673320293427,0.24015721678733826,1.5397664308547974,0.1362057626247406,recon_dom_01_10
168,,,,,,,,,,2.424123764038086,4.66895055770874,50.0,7.593074321746826,0.4700259566307068,0.0,0.0,0.0,78.6586685180664,0.2476877123117447,94.59452819824219,0.1278635412454605,recon_dom_01_10
169,,,,,,,,,,3.252957820892334,4.359234809875488,24.75895881652832,7.8597822189331055,0.14277146756649017,0.0,0.0,0.0,14.183930397033691,0.24348372220993042,19.647241592407227,0.13202829658985138,recon_dom_01_10
170,,,,0.0,0.0,0.0,100.0,0.0,0.0,3.4580841064453125,3.659214973449707,3.014702320098877,7.147446155548096,0.07145193964242935,0.0,0.0,0.0,0.9399043321609497,0.24266588687896729,3.360050678253174,0.13246352970600128,recon_dom_01_10
171,,,,,,,,,,2.8287434577941895,4.109757423400879,49.275489807128906,7.43125581741333,0.2387467622756958,0.0,0.0,0.0,28.69091033935547,0.24702754616737366,38.706512451171875,0.12887118756771088,recon_dom_01_10
172,,,,,,,,,,3.7107760906219482,3.69454026222229,1.932007074356079,7.424636363983154,0.04299076274037361,0.0,0.0,0.0,0.65621417760849,0.23676642775535583,2.0463969707489014,0.1396414190530777,recon_dom_01_10
173,,,,,,,,,,3.390702724456787,3.590609073638916,13.819144248962402,7.119503021240234,0.13235598802566528,0.0,0.0,0.0,7.258756160736084,0.24278274178504944,11.722288131713867,0.1318589150905609,recon_dom_01_10
174,,,,,,,,,,3.5319156646728516,3.6347787380218506,8.188700675964355,7.248581409454346,0.08378561586141586,0.0,0.0,0.0,3.9142861366271973,0.24227069318294525,7.635870456695557,0.1332392394542694,recon_dom_01_10
175,,,,,,,,,,3.4419620037078857,3.679517984390259,5.616549015045166,7.177645683288574,0.10832516849040985,0.0,0.0,0.0,2.2706127166748047,0.24316957592964172,5.5336713790893555,0.13157659769058228,recon_dom_01_10
176,,,,,,,,,,3.414621114730835,3.7494778633117676,26.746694564819336,7.431565761566162,0.14094093441963196,0.0,0.0,0.0,15.46735954284668,0.24279403686523438,21.07415771484375,0.13271772861480713,recon_dom_01_10
177,,,,,,,,,,2.809347629547119,4.450491428375244,50.0,7.759839057922363,0.45888346433639526,0.0,0.0,0.0,77.34833526611328,0.24670308828353882,91.81205749511719,0.12867772579193115,recon_dom_01_10
178,,,,,,,,,,3.3471174240112305,3.244825839996338,27.50459861755371,6.8669891357421875,0.16841377317905426,0.0,0.0,0.0,15.65116024017334,0.24424919486045837,21.94769287109375,0.13098901510238647,recon_dom_01_10
179,,,,,,,,,,3.7014756202697754,3.094468355178833,5.0234694480896,6.8461785316467285,0.07992745190858841,0.0,0.0,0.0,2.0958523750305176,0.24166911840438843,4.9808526039123535,0.13386228680610657,recon_dom_01_10
180,,,,0.0,0.0,0.0,100.0,0.0,0.0,2.8169820308685303,3.796675682067871,50.0,7.1136579513549805,0.3207058310508728,0.0,0.0,0.0,44.98316192626953,0.2474898099899292,58.01670837402344,0.12848952412605286,recon_dom_01_10
181,,,,,,,,,,2.3053951263427734,7.947592258453369,50.0,10.752986907958984,2.2716455459594727,0.0,0.0,0.0,450.75543212890625,0.24214285612106323,479.91571044921875,0.13121268153190613,recon_dom_01_10
182,,,,,,,,,,2.8311119079589844,5.205972671508789,50.0,8.537084579467773,0.8180940747261047,0.0,0.0,0.0,169.04010009765625,0.24569854140281677,187.000244140625,0.12929454445838928,recon_dom_01_10
183,,,,,,,,,,3.5480594635009766,3.2349159717559814,12.21668815612793,6.905142307281494,0.1189483255147934,0.0,0.0,0.0,6.1340179443359375,0.24390923976898193,10.900843620300293,0.13116180896759033,recon_dom_01_10
184,,,,,,,,,,3.480714797973633,3.494922637939453,42.327125549316406,7.398908615112305,0.19413121044635773,0.0,0.0,0.0,24.823680877685547,0.2455783486366272,32.9904899597168,0.1298307329416275,recon_dom_01_10
185,,,,,,,,,,3.4494094848632812,3.6421265602111816,42.008628845214844,7.511622428894043,0.16656987369060516,0.0,0.0,0.0,25.380104064941406,0.24187976121902466,31.515792846679688,0.1359400451183319,recon_dom_01_10
186,,,,,,,,,,3.3368747234344482,3.1686129570007324,22.50896453857422,6.73057746887207,0.170619398355484,0.0,0.0,0.0,12.198054313659668,0.24568194150924683,18.840574264526367,0.1295894980430603,recon_dom_01_10
187,,,,,,,,,,3.569655418395996,2.820270299911499,14.888679504394531,6.538812637329102,0.11685940623283386,0.0,0.0,0.0,7.728492736816406,0.2454860955476761,13.07658576965332,0.13047906756401062,recon_dom_01_10
188,,,,,,,,,,3.1852633953094482,3.49037766456604,34.001243591308594,7.015653610229492,0.18165408074855804,0.0,0.0,0.0,19.331310272216797,0.24636006355285645,27.448143005371094,0.12953907251358032,recon_dom_01_10
189,,,,,,,,,,2.8776602745056152,4.557365417480469,50.0,7.935025691986084,0.7602084279060364,0.0,0.0,0.0,151.07278442382812,0.24619293212890625,168.66844177246094,0.1293862760066986,recon_dom_01_10
190,,,,0.0,0.0,0.0,100.0,0.0,100.0,3.9795455932617188,2.48307466506958,2.5729572772979736,6.488349914550781,0.1020006537437439,0.0,0.0,0.0,0.7051106095314026,0.2412356734275818,2.6408324241638184,0.13303658366203308,recon_dom_01_10
191,,,,,,,,,,3.821303129196167,2.678086519241333,2.970700979232788,6.529096603393555,0.067294180393219,0.0,0.0,0.0,0.888319730758667,0.2428012490272522,3.4167442321777344,0.13258196413516998,recon_dom_01_10
192,,,,,,,,,,3.909776210784912,2.1731555461883545,4.119381904602051,6.1241254806518555,0.09385640919208527,0.0,0.0,0.0,1.423785924911499,0.2430192530155182,4.377627372741699,0.13198508322238922,recon_dom_01_10
193,,,,,,,,,,3.26081919670105,3.3734662532806396,50.0,7.1342854499816895,0.33207088708877563,0.0,0.0,0.0,55.25450897216797,0.24316301941871643,65.91692352294922,0.13179758191108704,recon_dom_01_10
194,,,,,,,,,,2.061399221420288,4.052679061889648,50.0,6.614078521728516,1.5280048847198486,0.0,0.0,0.0,320.66259765625,0.24878183007240295,349.8062744140625,0.12690508365631104,recon_dom_01_10
195,,,,,,,,,,3.9978079795837402,2.511289596557617,7.94971227645874,6.588594913482666,0.07650527358055115,0.0,0.0,0.0,3.986283540725708,0.2414032518863678,7.086408615112305,0.13557499647140503,recon_dom_01_10
196,,,,,,,,,,3.478358030319214,2.6093544960021973,17.575634002685547,6.2634687423706055,0.14542701840400696,0.0,0.0,0.0,8.932713508605957,0.24581758677959442,15.756534576416016,0.12936308979988098,recon_dom_01_10
197,,,,,,,,,,3.4927988052368164,3.030190944671631,42.412376403808594,6.947113513946533,0.1738198697566986,0.0,0.0,0.0,25.312885284423828,0.2454017847776413,32.38553237915039,0.13090485334396362,recon_dom_01_10
198,,,,,,,,,,4.095753192901611,2.667952060699463,2.114655017852783,6.784852027893066,0.05190063267946243,0.0,0.0,0.0,0.6432744860649109,0.2400393784046173,2.3487277030944824,0.1350971758365631,recon_dom_01_10
199,,,,,,,,,,3.875134229660034,2.9447219371795654,7.720142364501953,6.89705753326416,0.08337582647800446,0.0,0.0,0.0,3.6871566772460938,0.2421867847442627,7.157049179077148,0.13363155722618103,recon_dom_01_10
200,,,,0.0,0.0,0.0,100.0,0.0,0.0,3.5410614013671875,2.5678508281707764,22.135011672973633,6.330262184143066,0.16997785866260529,0.0,0.0,0.0,11.981724739074707,0.24496513605117798,18.53174591064453,0.1302819401025772,recon_dom_01_10
201,,,,,,,,,,3.751000165939331,2.397247791290283,4.8629608154296875,6.196877479553223,0.085680291056633,0.0,0.0,0.0,1.9047625064849854,0.24323587119579315,4.984305381774902,0.1332060694694519,recon_dom_01_10
202,,,,,,,,,,2.8396480083465576,4.209446907043457,50.0,7.549095153808594,0.7998623847961426,0.0,0.0,0.0,155.31056213378906,0.24725182354450226,174.46017456054688,0.1282326579093933,recon_dom_01_10
203,,,,,,,,,,2.9872031211853027,3.709657907485962,50.0,7.196861267089844,0.7939398884773254,0.0,0.0,0.0,150.27862548828125,0.2465776950120926,167.86532592773438,0.1287061870098114,recon_dom_01_10
204,,,,,,,,,,3.619222402572632,2.3892016410827637,15.047698974609375,6.158901214599609,0.13816651701927185,0.0,0.0,0.0,7.483777046203613,0.2457236349582672,13.671102523803711,0.12964710593223572,recon_dom_01_10
205,,,,,,,,,,3.148322582244873,3.9412946701049805,50.0,7.5896172523498535,0.7000083923339844,0.0,0.0,0.0,140.92054748535156,0.24375849962234497,155.50448608398438,0.1318953037261963,recon_dom_01_10
206,,,,,,,,,,3.9750499725341797,2.241807460784912,7.2386016845703125,6.289243221282959,0.08221995085477829,0.0,0.0,0.0,3.425234317779541,0.24309012293815613,6.729422569274902,0.13247063755989075,recon_dom_01_10
207,,,,,,,,,,3.070723295211792,2.538607120513916,50.0,6.109330177307129,0.32927143573760986,0.0,0.0,0.0,48.592018127441406,0.2475375533103943,61.06017303466797,0.12841680645942688,recon_dom_01_10
208,,,,,,,,,,3.478944778442383,2.6639223098754883,50.0,6.642867088317871,0.26121029257774353,0.0,0.0,0.0,35.394248962402344,0.2458086609840393,44.34185791015625,0.12968024611473083,recon_dom_01_10
209,,,,,,,,,,3.995786428451538,2.092945098876953,1.288828730583191,6.101619720458984,0.04170884191989899,0.0,0.0,0.0,0.27435994148254395,0.23808717727661133,1.536554217338562,0.13838708400726318,recon_dom_01_10
210,,,,0.0,0.0,0.0,100.0,0.0,0.0,2.967484951019287,3.0791468620300293,50.0,6.546631813049316,0.5695288777351379,0.0,0.0,0.0,101.15481567382812,0.2474062740802765,117.93297576904297,0.12845370173454285,recon_dom_01_10
211,,,,,,,,,,4.001049995422363,2.322115421295166,4.053586006164551,6.363701343536377,0.07398917526006699,0.0,0.0,0.0,1.4875930547714233,0.2435639202594757,4.317154884338379,0.1311309039592743,recon_dom_01_10
212,,,,,,,,,,3.9397807121276855,2.0604050159454346,6.627285957336426,6.066458702087402,0.09982167184352875,0.0,0.0,0.0,2.9810469150543213,0.24265864491462708,6.219180583953857,0.1327427327632904,recon_dom_01_10
213,,,,,,,,,,2.9931399822235107,2.404561758041382,50.0,5.897701740264893,0.413201242685318,0.0,0.0,0.0,68.62306213378906,0.2477939873933792,82.86312103271484,0.12819130718708038,recon_dom_01_10
214,,,,,,,,,,4.14491605758667,2.3195769786834717,2.109492301940918,6.485588073730469,0.05078686773777008,0.0,0.0,0.0,0.5931345820426941,0.24194233119487762,2.449594259262085,0.1343199908733368,recon_dom_01_10
215,,,,,,,,,,3.0017638206481934,5.048625946044922,50.0,8.550390243530273,1.286168098449707,0.0,0.0,0.0,275.0743713378906,0.24242383241653442,295.3505554199219,0.13272130489349365,recon_dom_01_10
216,,,,,,,,,,3.466395139694214,2.422372579574585,50.0,6.388767719268799,0.2674495279788971,0.0,0.0,0.0,39.06230545043945,0.245442196726799,48.21843719482422,0.12991370260715485,recon_dom_01_10
217,,,,,,,,,,3.9673964977264404,1.6190342903137207,6.058459281921387,5.647015571594238,0.1001199260354042,0.0,0.0,0.0,2.50413179397583,0.24411752820014954,6.032406806945801,0.1311270147562027,recon_dom_01_10
218,,,,,,,,,,3.934062957763672,2.057065486907959,10.22823429107666,6.093410968780518,0.09615035355091095,0.0,0.0,0.0,5.079890251159668,0.24385404586791992,9.260150909423828,0.131308913230896,recon_dom_01_10
219,,,,,,,,,,4.014922142028809,1.7459574937820435,5.29989767074585,5.813878536224365,0.10485438257455826,0.0,0.0,0.0,2.209747314453125,0.24304267764091492,5.056662559509277,0.13243038952350616,recon_dom_01_10
220,,,,0.0,0.0,0.0,100.0,0.0,50.0,3.906594753265381,2.1143808364868164,8.228106498718262,6.103256702423096,0.09330155700445175,0.0,0.0,0.0,4.05328369140625,0.2416015863418579,7.341204643249512,0.13552290201187134,recon_dom_01_10
221,,,,,,,,,,3.9810266494750977,2.064136266708374,2.319143295288086,6.06835412979126,0.06765711307525635,0.0,0.0,0.0,0.6400438547134399,0.24078217148780823,2.6066393852233887,0.13415998220443726,recon_dom_01_10
222,,,,,,,,,,3.5992591381073,1.8389970064163208,11.212610244750977,5.550382137298584,0.11544771492481232,0.0,0.0,0.0,5.372520446777344,0.24497662484645844,10.45061206817627,0.1304725855588913,recon_dom_01_10
223,,,,,,,,,,3.991431713104248,2.1341004371643066,5.602480411529541,6.1815571784973145,0.0733051523566246,0.009319618344306946,0.0,0.0,2.565335988998413,0.23636466264724731,5.247231483459473,0.14046961069107056,recon_dom_01_10
224,,,,,,,,,,3.976893901824951,2.1372251510620117,5.103738307952881,6.165156364440918,0.08690131455659866,0.0,0.0,0.0,2.2179667949676514,0.24058659374713898,4.827523231506348,0.134441077709198,recon_dom_01_10
225,,,,,,,,,,3.7238502502441406,1.7851974964141846,18.218650817871094,5.691234111785889,0.12831079959869385,0.0,0.0,0.0,10.049537658691406,0.2420107126235962,14.979765892028809,0.134741872549057,recon_dom_01_10
226,,,,,,,,,,4.143025875091553,1.6998811960220337,3.4979617595672607,5.877886772155762,0.09608037769794464,0.0,0.0,0.0,1.275673747062683,0.24108870327472687,3.4087612628936768,0.13396555185317993,recon_dom_01_10
227,,,,,,,,,,3.94858980178833,2.3704628944396973,1.5682281255722046,6.334734916687012,0.0587620846927166,0.0,0.0,0.0,0.3389245569705963,0.23877963423728943,1.7959495782852173,0.1364038586616516,recon_dom_01_10
228,,,,,,,,,,3.7751212120056152,2.228302240371704,4.927070140838623,6.052694320678711,0.05448131635785103,0.0,0.0,0.0,2.264981746673584,0.2405649721622467,4.703862190246582,0.13694161176681519,recon_dom_01_10
229,,,,,,,,,,3.2374320030212402,2.885464906692505,50.0,6.622897148132324,0.6642953753471375,0.0,0.0,0.0,136.46151733398438,0.24386200308799744,151.62525939941406,0.13049358129501343,recon_dom_01_10
230,,,,0.0,0.0,0.0,100.0,50.0,50.0,3.715134382247925,2.068084716796875,8.135296821594238,5.864572048187256,0.07412531971931458,0.0,0.0,0.0,4.100415229797363,0.2416924089193344,7.253373146057129,0.13399583101272583,recon_dom_01_10
231,,,,,,,,,,3.6253745555877686,1.9207121133804321,10.738716125488281,5.653473854064941,0.10881707072257996,0.0,0.0,0.0,5.405953407287598,0.24404753744602203,9.502243041992188,0.131510391831398,recon_dom_01_10
232,,,,,,,,,,2.8593673706054688,3.141692638397217,50.0,6.5010600090026855,1.050155520439148,0.0,0.0,0.0,224.70034790039062,0.24266278743743896,242.6434326171875,0.13415932655334473,recon_dom_01_10
233,,,,,,,,,,3.903937816619873,1.651078224182129,5.261036396026611,5.607626438140869,0.10796576738357544,0.0,0.0,0.0,2.0158684253692627,0.24282798171043396,5.335796356201172,0.13158446550369263,recon_dom_01_10
234,,,,,,,,,,3.339749336242676,2.0052545070648193,50.0,5.845004081726074,0.3964676558971405,0.0,0.0,0.0,68.8905029296875,0.2433554232120514,80.65679931640625,0.13196203112602234,recon_dom_01_10
235,,,,,,,,,,2.96077299118042,2.679257392883301,50.0,6.140030384063721,0.6859904527664185,0.0,0.0,0.0,136.3500213623047,0.2428850382566452,150.3583526611328,0.1329977810382843,recon_dom_01_10
236,,,,,,,,,,10.0,100.0,50.0,110.5,2.0928893089294434,0.004509720951318741,0.0,0.0,463.957763671875,0.2275492548942566,492.4939270019531,0.14105600118637085,recon_dom_01_10
237,,,,,,,,,,3.1215882301330566,2.124314546585083,50.0,5.745903015136719,0.46062180399894714,0.0,0.0,0.0,81.0438003540039,0.24644647538661957,94.61014556884766,0.12928709387779236,recon_dom_01_10
238,,,,,,,,,,3.809997320175171,1.4750747680664062,1.87735116481781,5.303845405578613,0.06735362112522125,0.0,0.0,0.0,0.4402969777584076,0.24164538085460663,2.1256000995635986,0.13321445882320404,recon_dom_01_10
239,,,,,,,,,,3.636744260787964,1.5863661766052246,16.61043930053711,5.389214992523193,0.1333419680595398,0.0,0.0,0.0,8.656320571899414,0.24544133245944977,14.499671936035156,0.13028904795646667,recon_dom_01_10
240,,,,0.0,0.0,0.0,100.0,0.0,0.0,3.1687145233154297,1.889715313911438,50.0,5.558429718017578,0.32100605964660645,0.0,0.0,0.0,45.493865966796875,0.24743151664733887,58.615989685058594,0.12871623039245605,recon_dom_01_10
241,,,,,,,,,,3.6728904247283936,1.9267587661743164,17.47120475769043,5.7743611335754395,0.1283082664012909,0.0,0.0,0.0,9.313690185546875,0.2437104880809784,14.956986427307129,0.13107389211654663,recon_dom_01_10
242,,,,,,,,,,3.5289218425750732,1.7776445150375366,50.0,5.80656623840332,0.2374987006187439,0.0,0.0,0.0,34.26887130737305,0.24129503965377808,42.23632049560547,0.1345338225364685,recon_dom_01_10
243,,,,,,,,,,3.62977933883667,1.7861610651016235,5.9046525955200195,5.474987030029297,0.08617343008518219,0.0,0.0,0.0,2.5648281574249268,0.24357157945632935,5.7428483963012695,0.13175582885742188,recon_dom_01_10
244,,,,,,,,,,3.7959580421447754,1.3440735340118408,6.797585487365723,5.208007335662842,0.08731603622436523,0.0,0.0,0.0,3.1443088054656982,0.24219217896461487,6.3582892417907715,0.13332846760749817,recon_dom_01_10
245,,,,,,,,,,3.9690701961517334,1.35563063621521,6.362094402313232,5.388321876525879,0.09677057713270187,0.0,0.0,0.0,2.7900660037994385,0.24293112754821777,6.101400852203369,0.1318208873271942,recon_dom_01_10
246,,,,,,,,,,3.4641051292419434,1.4134960174560547,28.46258544921875,5.162227153778076,0.16584162414073944,0.0,0.0,0.0,16.41209602355957,0.24250900745391846,22.36743927001953,0.1330985724925995,recon_dom_01_10
247,,,,,,,,,,3.638038158416748,1.2871500253677368,19.726518630981445,5.122453212738037,0.16466917097568512,0.0,0.0,0.0,10.442398071289062,0.2460075318813324,16.84636688232422,0.12991304695606232,recon_dom_01_10
248,,,,,,,,,,3.5323874950408936,1.5843980312347412,19.302431106567383,5.309809684753418,0.15643282234668732,0.0,0.0,0.0,10.32656192779541,0.24482086300849915,16.312326431274414,0.13060113787651062,recon_dom_01_10
249,,,,,,,,,,3.4235873222351074,1.6903772354125977,21.122676849365234,5.325191497802734,0.13682469725608826,0.0,0.0,0.0,11.369012832641602,0.24538055062294006,18.063932418823242,0.13037535548210144,recon_dom_01_10
250,,,,0.0,0.0,0.0,100.0,0.0,0.0,3.221421957015991,1.7282769680023193,50.0,5.4496989250183105,0.24378830194473267,0.0,0.0,0.0,30.32400131225586,0.2468748688697815,40.403751373291016,0.12913379073143005,recon_dom_01_10
251,,,,,,,,,,3.675198554992676,1.4123927354812622,2.5661985874176025,5.113253116607666,0.09392626583576202,0.0,0.0,0.0,0.721884548664093,0.2414577156305313,2.6743621826171875,0.133559912443161,recon_dom_01_10
252,,,,,,,,,,3.2838170528411865,1.3918348550796509,38.54615783691406,5.061113357543945,0.18162022531032562,0.008833762258291245,0.0,0.0,22.859081268310547,0.2406681776046753,29.464847564697266,0.1365242302417755,recon_dom_01_10
253,,,,,,,,,,3.3715319633483887,1.5544328689575195,50.0,5.425964832305908,0.20690956711769104,0.0,0.0,0.0,32.14052200317383,0.2424919605255127,39.79654312133789,0.13421154022216797,recon_dom_01_10
254,,,,,,,,,,3.6378707885742188,1.7692863941192627,7.379352569580078,5.480950832366943,0.08414000272750854,0.0,0.0,0.0,3.366133213043213,0.2440025508403778,7.109792709350586,0.1322270929813385,recon_dom_01_10
255,,,,,,,,,,3.4219255447387695,1.526896595954895,18.031997680664062,5.1291422843933105,0.13606372475624084,0.0,0.0,0.0,9.76138973236084,0.2446875274181366,15.105524063110352,0.1305786669254303,recon_dom_01_10
256,,,,,,,,,,3.7619833946228027,1.3870716094970703,4.843813896179199,5.197493076324463,0.10783007740974426,0.0,0.0,0.0,1.8476744890213013,0.24315786361694336,4.838985919952393,0.1318053901195526,recon_dom_01_10
257,,,,,,,,,,3.452925443649292,1.356037974357605,14.772605895996094,4.956689357757568,0.1030752956867218,0.0,0.0,0.0,8.020683288574219,0.24053573608398438,12.39767074584961,0.1365734040737152,recon_dom_01_10
258,,,,,,,,,,3.3237881660461426,1.4867136478424072,13.15744686126709,4.942076206207275,0.12993124127388,0.0,0.0,0.0,6.631146430969238,0.24478840827941895,11.678272247314453,0.13029634952545166,recon_dom_01_10
259,,,,,,,,,,3.077080726623535,1.6376091241836548,50.0,5.2146897315979,0.25486189126968384,0.0,0.0,0.0,35.40217971801758,0.24485620856285095,44.284759521484375,0.13083095848560333,recon_dom_01_10
260,,,,0.0,0.0,0.0,100.0,50.0,50.0,3.517528533935547,1.5597901344299316,8.98975658416748,5.1672163009643555,0.07810235023498535,0.0,0.0,0.0,4.513557434082031,0.2409767210483551,8.096039772033691,0.13568946719169617,recon_dom_01_10
261,,,,,,,,,,3.272510290145874,1.526068925857544,46.81240463256836,5.266703128814697,0.20497483015060425,0.007432811427861452,0.0,0.0,28.154495239257812,0.24283356964588165,35.1756706237793,0.13483181595802307,recon_dom_01_10
262,,,,,,,,,,3.7674319744110107,1.809469223022461,0.6402391195297241,5.583303451538086,0.029140552505850792,0.0,0.0,0.0,0.08992769569158554,0.23351559042930603,0.7338818907737732,0.14316144585609436,recon_dom_01_10
263,,,,,,,,,,3.4691452980041504,2.8980553150177,0.6198710203170776,6.373399257659912,0.025769924744963646,0.00699845002964139,0.0,0.0,0.08109216392040253,0.23501121997833252,0.7304798364639282,0.14189769327640533,recon_dom_01_10
264,,,,,,,,,,2.4575631618499756,2.3501598834991455,50.0,5.307723045349121,0.8716176152229309,0.0,0.0,0.0,175.28184509277344,0.2478639781475067,197.25689697265625,0.1280800849199295,recon_dom_01_10
265,,,,,,,,,,3.516484260559082,1.8152849674224854,2.699232578277588,5.358761787414551,0.04953920096158981,0.0,0.0,0.0,0.9776409268379211,0.2407817542552948,2.872626543045044,0.13504238426685333,recon_dom_01_10
266,,,,,,,,,,3.5093536376953125,1.935394287109375,1.2665871381759644,5.457413673400879,0.03630734980106354,0.0,0.0,0.0,0.2678614854812622,0.23948007822036743,1.5589301586151123,0.13775795698165894,recon_dom_01_10
267,,,,,,,,,,3.331606864929199,1.3928937911987305,50.0,5.22450065612793,0.2593480348587036,0.0,0.0,0.0,36.710784912109375,0.24452459812164307,45.15605545043945,0.13100479543209076,recon_dom_01_10
268,,,,,,,,,,3.042919635772705,1.434630036354065,50.0,4.9775495529174805,0.33112287521362305,0.0,0.0,0.0,56.904605865478516,0.24328218400478363,66.73018646240234,0.1327587217092514,recon_dom_01_10
269,,,,,,,,,,3.2256507873535156,1.3571865558624268,41.55781555175781,4.998415470123291,0.2084968090057373,0.0,0.0,0.0,23.89476776123047,0.24647627770900726,33.1658935546875,0.12968429923057556,recon_dom_01_10
270,,,,0.0,0.0,50.0,100.0,0.0,0.0,3.46240496635437,1.0584704875946045,10.49360179901123,4.625811576843262,0.09956005215644836,0.0,0.0,0.0,5.424567699432373,0.24004077911376953,9.067106246948242,0.13676472008228302,recon_dom_01_10
271,,,,,,,,,,3.5425872802734375,2.770004987716675,0.6497821807861328,6.319089889526367,0.026949580758810043,0.007924484089016914,0.0,0.0,0.08107347041368484,0.23539194464683533,0.7765049934387207,0.1424468457698822,recon_dom_01_10
272,,,,,,,,,,3.536240339279175,1.3833280801773071,2.231009006500244,4.941878318786621,0.07094165682792664,0.0,0.0,0.0,0.6654172539710999,0.23966945707798004,2.346804141998291,0.13514453172683716,recon_dom_01_10
273,,,,,,,,,,3.4422993659973145,1.0708849430084229,23.6569881439209,4.749753952026367,0.17425604164600372,0.0,0.0,0.0,13.143393516540527,0.24474793672561646,19.209556579589844,0.13061124086380005,recon_dom_01_10
274,,,,,,,,,,3.2705020904541016,1.4832695722579956,3.693913459777832,4.790710926055908,0.09652635455131531,0.0,0.0,0.0,1.3271808624267578,0.24220256507396698,3.693084955215454,0.1333812177181244,recon_dom_01_10
275,,,,,,,,,,3.325847625732422,1.2000131607055664,50.0,5.025860786437988,0.5272737145423889,0.0,0.0,0.0,97.78221893310547,0.2454557865858078,111.11905670166016,0.12979072332382202,recon_dom_01_10
276,,,,,,,,,,3.1126296520233154,1.381790041923523,47.27821731567383,4.9672017097473145,0.21603786945343018,0.0,0.0,0.0,28.30364227294922,0.2434881031513214,35.71360778808594,0.13230156898498535,recon_dom_01_10
277,,,,,,,,,,2.4215683937072754,1.9440363645553589,50.0,4.865604877471924,1.088161826133728,0.0,0.0,0.0,221.69195556640625,0.24768021702766418,245.57533264160156,0.12800419330596924,recon_dom_01_10
278,,,,,,,,,,3.340439558029175,1.3168845176696777,13.272636413574219,4.790050506591797,0.1364867389202118,0.0,0.0,0.0,6.58080530166626,0.2451052963733673,11.943647384643555,0.13063371181488037,recon_dom_01_10
279,,,,,,,,,,3.4274394512176514,1.1781004667282104,8.970869064331055,4.695248603820801,0.11441025137901306,0.0,0.0,0.0,4.232183456420898,0.24422799050807953,8.258152961730957,0.131346195936203,recon_dom_01_10
280,,,,0.0,0.0,0.0,100.0,0.0,0.0,3.48392653465271,1.182466745376587,11.579377174377441,4.782186985015869,0.10245661437511444,0.0,0.0,0.0,5.902182579040527,0.2431100755929947,10.254735946655273,0.13231852650642395,recon_dom_01_10
281,,,,,,,,,,3.5807883739471436,1.4287201166152954,3.406426191329956,5.043572902679443,0.07642807066440582,0.0,0.0,0.0,1.126634955406189,0.24188055098056793,3.7204501628875732,0.13237658143043518,recon_dom_01_10
282,,,,,,,,,,3.4180517196655273,1.2184454202651978,20.87949562072754,4.845292091369629,0.12847097218036652,0.0,0.0,0.0,11.690643310546875,0.24251717329025269,17.018033981323242,0.13226065039634705,recon_dom_01_10
283,,,,,,,,,,3.48441743850708,1.406691312789917,1.2831523418426514,4.903940200805664,0.040661074221134186,0.0,0.0,0.0,0.25879278779029846,0.2375243604183197,1.5667712688446045,0.13916133344173431,recon_dom_01_10
284,,,,,,,,,,3.2839274406433105,1.704776644706726,3.1907553672790527,5.020611763000488,0.062230609357357025,0.0,0.0,0.0,1.1735666990280151,0.24010977149009705,3.3370466232299805,0.1350111961364746,recon_dom_01_10
285,,,,,,,,,,3.1297073364257812,1.138847827911377,50.0,4.768555164337158,0.3383408784866333,0.0,0.0,0.0,52.05948257446289,0.2471991777420044,64.64641571044922,0.1287304162979126,recon_dom_01_10
286,,,,,,,,,,2.960416555404663,1.3687149286270142,50.0,4.829131603240967,0.4890638291835785,0.0,0.0,0.0,91.10682678222656,0.24485282599925995,103.45133972167969,0.1302379071712494,recon_dom_01_10
287,,,,,,,,,,3.3339428901672363,1.0764111280441284,40.569580078125,4.816050052642822,0.196311354637146,0.0,0.0,0.0,23.786169052124023,0.2448333203792572,31.52863311767578,0.1305561661720276,recon_dom_01_10
288,,,,,,,,,,3.2314467430114746,1.0117522478103638,14.978668212890625,4.392985820770264,0.09979160130023956,0.0,0.0,0.0,8.173656463623047,0.24084563553333282,12.537002563476562,0.13468196988105774,recon_dom_01_10
289,,,,,,,,,,3.4137656688690186,1.174903392791748,27.865432739257812,4.867323398590088,0.18490636348724365,0.0,0.0,0.0,15.303434371948242,0.24603745341300964,23.199750900268555,0.1298620104789734,recon_dom_01_10
290,,,,0.0,0.0,0.0,100.0,50.0,0.0,3.4715609550476074,1.0061548948287964,9.385780334472656,4.571573734283447,0.0995006412267685,0.0,0.0,0.0,4.628541946411133,0.24219971895217896,8.444419860839844,0.1330471932888031,recon_dom_01_10
291,,,,,,,,,,3.7277984619140625,0.7757724523544312,15.805073738098145,4.661621570587158,0.13673818111419678,0.0,0.0,0.0,8.166080474853516,0.2450343817472458,13.835396766662598,0.13099947571754456,recon_dom_01_10
292,,,,,,,,,,3.5333478450775146,1.5632507801055908,1.6993300914764404,5.113592147827148,0.0496009960770607,0.0,0.0,0.0,0.4300144910812378,0.24005231261253357,1.9676134586334229,0.13498741388320923,recon_dom_01_10
293,,,,,,,,,,3.6615757942199707,1.2285816669464111,5.854854106903076,4.948706150054932,0.08540670573711395,0.0,0.0,0.0,2.5551223754882812,0.24237467348575592,5.670232772827148,0.13344651460647583,recon_dom_01_10
294,,,,,,,,,,2.9080066680908203,1.3298829793930054,50.0,4.737889766693115,0.3491101861000061,0.0,0.0,0.0,53.85029602050781,0.24683737754821777,66.64342498779297,0.12869033217430115,recon_dom_01_10
295,,,,,,,,,,3.453490734100342,1.3489478826522827,11.828563690185547,4.920724391937256,0.11924394965171814,0.0,0.0,0.0,5.760161399841309,0.24419766664505005,10.869229316711426,0.13147684931755066,recon_dom_01_10
296,,,,,,,,,,3.3875770568847656,0.8893300890922546,41.64177703857422,4.693325042724609,0.20831158757209778,0.0,0.0,0.0,24.00808334350586,0.246312215924263,33.10908126831055,0.12964487075805664,recon_dom_01_10
297,,,,,,,,,,3.437699794769287,0.937035858631134,17.611026763916016,4.550846099853516,0.14942686259746552,0.0,0.0,0.0,9.160773277282715,0.2452317178249359,15.331182479858398,0.13006214797496796,recon_dom_01_10
298,,,,,,,,,,3.3824992179870605,1.0019508600234985,6.535026550292969,4.449800491333008,0.07328829169273376,0.0,0.0,0.0,3.0964066982269287,0.24170087277889252,6.069048881530762,0.13483843207359314,recon_dom_01_10
299,,,,,,,,,,2.86645770072937,1.1403945684432983,50.0,4.506852149963379,0.8652358055114746,0.0,0.0,0.0,165.0583038330078,0.24735082685947418,183.79293823242188,0.12876379489898682,recon_dom_01_10
300,,,,0.0,0.0,0.0,100.0,0.0,0.0,2.9963366985321045,0.9898164868354797,50.0,4.4861531257629395,0.2608316242694855,0.0,0.0,0.0,41.70233917236328,0.24296167492866516,51.07655715942383,0.1322089433670044,recon_dom_01_10
301,,,,,,,,,,3.4846439361572266,1.082707405090332,6.440276622772217,4.631753921508789,0.09325767308473587,0.0,0.0,0.0,2.862281560897827,0.2419566810131073,6.148421287536621,0.1330070197582245,recon_dom_01_10
302,,,,,,,,,,3.3233039379119873,1.253657341003418,2.8216285705566406,4.605177402496338,0.10273122042417526,0.0,0.0,0.0,0.8066370487213135,0.24248388409614563,2.9277596473693848,0.13207168877124786,recon_dom_01_10
303,,,,,,,,,,3.1335959434509277,1.0406168699264526,23.826526641845703,4.412477970123291,0.14186039566993713,0.0,0.0,0.0,13.458006858825684,0.24214822053909302,19.243288040161133,0.13361714780330658,recon_dom_01_10
304,,,,,,,,,,2.989305019378662,0.847079873085022,50.0,4.3363847732543945,0.3583438992500305,0.0,0.0,0.0,56.114898681640625,0.24705764651298523,68.33185577392578,0.1289188712835312,recon_dom_01_10
305,,,,,,,,,,3.260364532470703,1.3942162990570068,2.1278769969940186,4.675859451293945,0.06941638886928558,0.0,0.0,0.0,0.5726341009140015,0.24012592434883118,2.3413121700286865,0.134922057390213,recon_dom_01_10
306,,,,,,,,,,2.8815054893493652,1.058193325996399,50.0,4.439698696136475,0.5231579542160034,0.0,0.0,0.0,101.13465118408203,0.24494189023971558,112.94628143310547,0.1315135955810547,recon_dom_01_10
307,,,,,,,,,,3.291785717010498,1.0561394691467285,11.063336372375488,4.458558559417725,0.10949245095252991,0.0,0.0,0.0,5.460819721221924,0.24440959095954895,10.034989356994629,0.13118809461593628,recon_dom_01_10
308,,,,,,,,,,3.0598666667938232,1.1368155479431152,33.356201171875,4.53024435043335,0.1866527795791626,0.0,0.0,0.0,19.426393508911133,0.24277672171592712,25.917966842651367,0.13282999396324158,recon_dom_01_10
309,,,,,,,,,,3.2106375694274902,1.6717983484268188,1.8151869773864746,4.900587558746338,0.05159035325050354,0.0,0.0,0.0,0.43944424390792847,0.23883295059204102,2.1606078147888184,0.13603585958480835,recon_dom_01_10
310,,,,0.0,0.0,0.0,100.0,0.0,50.0,3.332597494125366,1.0704364776611328,35.45036315917969,4.757537841796875,0.18208256363868713,0.0,0.0,0.0,20.581857681274414,0.2447025179862976,27.841083526611328,0.13078241050243378,recon_dom_01_10
311,,,,,,,,,,3.0286436080932617,0.894578754901886,29.822111129760742,4.2214436531066895,0.18521180748939514,0.0,0.0,0.0,17.095003128051758,0.2445337474346161,23.527069091796875,0.13062553107738495,recon_dom_01_10
312,,,,,,,,,,3.2936816215515137,1.296684741973877,9.151260375976562,4.681879043579102,0.09005644917488098,0.0,0.0,0.0,4.538132190704346,0.24160093069076538,8.250594139099121,0.13388831913471222,recon_dom_01_10
313,,,,,,,,,,3.0609068870544434,1.262091875076294,24.581745147705078,4.568816184997559,0.13059920072555542,0.0,0.0,0.0,14.021254539489746,0.24265369772911072,19.739944458007812,0.13257208466529846,recon_dom_01_10
314,,,,,,,,,,3.058389186859131,1.0458534955978394,50.0,4.60424280166626,0.250684916973114,0.0,0.0,0.0,43.305809020996094,0.2435230165719986,51.74745178222656,0.13247841596603394,recon_dom_01_10
315,,,,,,,,,,2.8819580078125,0.9718020558357239,50.0,4.353760242462158,0.3342907428741455,0.0,0.0,0.0,51.278953552246094,0.247190922498703,64.2537841796875,0.1288079023361206,recon_dom_01_10
316,,,,,,,,,,2.9775753021240234,2.5806009769439697,0.6478381156921387,5.56465482711792,0.02860477939248085,0.0,0.0,0.0,0.08805729448795319,0.23297426104545593,0.7578573226928711,0.14530879259109497,recon_dom_01_10
317,,,,,,,,,,3.3424201011657715,1.6762341260910034,2.0209481716156006,5.038863658905029,0.04846857115626335,0.0,0.0,0.0,0.5788828134536743,0.23764394223690033,2.324648380279541,0.13633868098258972,recon_dom_01_10
318,,,,,,,,,,3.2173876762390137,1.5584946870803833,1.16424560546875,4.787524700164795,0.041627705097198486,0.0,0.0,0.0,0.20539012551307678,0.23815174400806427,1.4266328811645508,0.13585305213928223,recon_dom_01_10
319,,,,,,,,,,3.3281896114349365,1.4884073734283447,1.3864558935165405,4.830461502075195,0.06731073558330536,0.0,0.0,0.0,0.2632025480270386,0.2396424114704132,1.4984604120254517,0.13505199551582336,recon_dom_01_10
320,,,,0.0,0.0,0.0,100.0,0.0,50.0,3.2464685440063477,0.7062773704528809,50.0,4.4527459144592285,0.22824428975582123,0.0,0.0,0.0,30.919151306152344,0.24506688117980957,39.29199981689453,0.13018067181110382,recon_dom_01_10
321,,,,,,,,,,3.2288618087768555,1.0853105783462524,33.41046142578125,4.6482768058776855,0.14917241036891937,0.0,0.0,0.0,19.706459045410156,0.24180665612220764,25.84091567993164,0.13501307368278503,recon_dom_01_10
322,,,,,,,,,,10.0,100.0,50.0,110.5,0.25692319869995117,0.0,0.0,0.0,30.87065315246582,0.2464117556810379,41.832679748535156,0.12899380922317505,recon_dom_01_10
323,,,,,,,,,,3.168909788131714,1.7303017377853394,1.3259594440460205,4.912471294403076,0.058642007410526276,0.0,0.0,0.0,0.24931614100933075,0.23791180551052094,1.4920203685760498,0.13631966710090637,recon_dom_01_10
324,,,,,,,,,,3.3913698196411133,0.9890500903129578,18.513076782226562,4.565550804138184,0.1532861292362213,0.0,0.0,0.0,9.704262733459473,0.2443462610244751,16.00977325439453,0.13062673807144165,recon_dom_01_10
325,,,,,,,,,,3.384845733642578,0.9521234631538391,6.959472179412842,4.406563758850098,0.07690910249948502,2.6346620870754123e-05,0.0,0.0,3.3717401027679443,0.24128113687038422,6.331171035766602,0.13446882367134094,recon_dom_01_10
326,,,,,,,,,,3.3032827377319336,0.6665679812431335,22.231672286987305,4.192167282104492,0.11780278384685516,0.0,0.0,0.0,12.714868545532227,0.24129915237426758,17.780126571655273,0.1359628438949585,recon_dom_01_10
327,,,,,,,,,,3.1073050498962402,2.1315078735351562,0.837769627571106,5.247190475463867,0.047504618763923645,0.0,0.0,0.0,0.09402327239513397,0.2334960401058197,0.9369364976882935,0.14405375719070435,recon_dom_01_10
328,,,,,,,,,,3.382066249847412,1.0018446445465088,3.7519168853759766,4.4214301109313965,0.08890592306852341,0.0,0.0,0.0,1.240249514579773,0.24167457222938538,4.059337615966797,0.1330193132162094,recon_dom_01_10
329,,,,,,,,,,10.0,100.0,50.0,110.5,0.36132514476776123,0.0,0.0,0.0,67.83448791503906,0.24412032961845398,79.76725769042969,0.1314360797405243,recon_dom_01_10
330,,,,0.0,0.0,0.0,100.0,50.0,100.0,3.2134501934051514,0.6874715089797974,21.968305587768555,4.120604991912842,0.1283116638660431,0.0,0.0,0.0,12.435315132141113,0.23808032274246216,17.707483291625977,0.13884314894676208,recon_dom_01_10
331,,,,,,,,,,10.0,100.0,50.0,110.5,0.371645987033844,0.01923076994717121,0.0,0.0,66.99546813964844,0.24311739206314087,78.34710693359375,0.13186843693256378,recon_dom_01_10
332,,,,,,,,,,3.2979769706726074,0.8795404434204102,12.425195693969727,4.301769256591797,0.11296204477548599,0.0,0.0,0.0,6.467554092407227,0.24225597083568573,10.710708618164062,0.13251017034053802,recon_dom_01_10
333,,,,,,,,,,10.0,100.0,28.170717239379883,110.28170776367188,0.16271933913230896,0.0,0.0,0.0,15.407146453857422,0.2460823953151703,23.824846267700195,0.12942859530448914,recon_dom_01_10
334,,,,,,,,,,10.0,100.0,49.284061431884766,110.49284362792969,0.2120097577571869,0.03333333507180214,0.0,0.0,28.83926773071289,0.24652956426143646,38.627655029296875,0.12934747338294983,recon_dom_01_10
335,,,,,,,,,,3.5256147384643555,0.9028103351593018,4.019747734069824,4.46862268447876,0.06847548484802246,2.1676272808690555e-05,0.0,0.0,1.6429295539855957,0.23987306654453278,3.9938244819641113,0.13519659638404846,recon_dom_01_10
336,,,,,,,,,,3.9002597332000732,1.02788245677948,3.251089096069336,4.960653305053711,0.07259002327919006,0.0,0.0,0.0,1.1025307178497314,0.2408866435289383,3.49619722366333,0.13421133160591125,recon_dom_01_10
337,,,,,,,,,,2.868311882019043,1.124010443687439,50.0,4.4923224449157715,0.4068480432033539,0.0,0.0,0.0,78.3360824584961,0.24242404103279114,91.20275115966797,0.13391083478927612,recon_dom_01_10
338,,,,,,,,,,3.3775200843811035,1.2569235563278198,2.6860265731811523,4.661303997039795,0.06282953172922134,0.0,0.0,0.0,0.9417545795440674,0.23866236209869385,2.78498911857605,0.13763605058193207,recon_dom_01_10
339,,,,,,,,,,3.3210620880126953,0.7288775444030762,14.631874084472656,4.196258544921875,0.11105148494243622,0.0,0.0,0.0,7.8246846199035645,0.24089178442955017,12.42880630493164,0.13439691066741943,recon_dom_01_10
340,,,,0.0,0.0,0.0,100.0,0.0,0.0,3.3492188453674316,1.3038233518600464,1.4540096521377563,4.6675825119018555,0.050051819533109665,0.0,0.0,0.0,0.297785222530365,0.23851248621940613,1.7371673583984375,0.13530457019805908,recon_dom_01_10
341,,,,,,,,,,10.0,100.0,13.043233871459961,110.13043212890625,0.08991380780935287,0.0833333358168602,0.0,0.0,6.957942485809326,0.24130724370479584,11.029592514038086,0.13462373614311218,recon_dom_01_10
342,,,,,,,,,,3.347014904022217,0.6232621669769287,37.52073669433594,4.345484256744385,0.22978636622428894,0.0,0.0,0.0,21.157636642456055,0.2464178055524826,30.35316276550293,0.12946853041648865,recon_dom_01_10
343,,,,,,,,,,3.1995532512664795,1.220357894897461,2.2744150161743164,4.442655086517334,0.05562123283743858,0.0,0.0,0.0,0.6520178318023682,0.24052074551582336,2.6136977672576904,0.13389945030212402,recon_dom_01_10
345,,,,,,,,,,3.345956325531006,0.6617401242256165,50.0,4.507696628570557,0.44901612401008606,0.0,0.0,0.0,82.93795776367188,0.24458816647529602,94.61156463623047,0.13070686161518097,recon_dom_01_10
346,,,,,,,,,,3.1069841384887695,0.5797145366668701,50.0,4.186698913574219,0.49702203273773193,0.0,0.0,0.0,82.1708984375,0.24761000275611877,97.89141845703125,0.12835320830345154,recon_dom_01_10
347,,,,,,,,,,3.275541305541992,0.688606858253479,50.0,4.464148044586182,0.3455159366130829,0.0,0.0,0.0,64.82850646972656,0.24155379831790924,75.43412780761719,0.13433173298835754,recon_dom_01_10
348,,,,,,,,,,3.6060309410095215,0.8269971013069153,5.786644458770752,4.490894317626953,0.06684577465057373,0.0,0.0,0.0,2.7100422382354736,0.24212795495986938,5.409470081329346,0.13425415754318237,recon_dom_01_10
349,,,,,,,,,,3.2215499877929688,0.7952477335929871,50.0,4.5167975425720215,0.2589581608772278,0.0,0.0,0.0,34.49736022949219,0.24581536650657654,45.632102966308594,0.1299237310886383,recon_dom_01_10
350,,,,0.0,0.0,0.0,100.0,0.0,0.0,3.2289037704467773,0.8059513568878174,25.41144371032715,4.28896951675415,0.18129003047943115,0.0,0.0,0.0,13.996774673461914,0.24457243084907532,20.941423416137695,0.1304972767829895,recon_dom_01_10
351,,,,,,,,,,3.302830219268799,1.2612661123275757,1.7805460691452026,4.581902027130127,0.05230654031038284,0.0,0.0,0.0,0.41951894760131836,0.23891645669937134,2.124147415161133,0.13529160618782043,recon_dom_01_10
352,,,,,,,,,,3.367382526397705,1.2572094202041626,3.2712345123291016,4.657304286956787,0.06292855739593506,0.0,0.0,0.0,1.0876843929290771,0.23891209065914154,3.6630988121032715,0.13466882705688477,recon_dom_01_10
353,,,,,,,,,,3.2337541580200195,1.040974736213684,5.025890350341797,4.324987888336182,0.09118620306253433,0.0,0.0,0.0,1.9922733306884766,0.23939506709575653,5.080386161804199,0.13553813099861145,recon_dom_01_10
354,,,,,,,,,,10.0,100.0,28.915433883666992,110.28915405273438,0.18027040362358093,0.0,0.0,0.0,16.086971282958984,0.24528101086616516,23.779184341430664,0.12991370260715485,recon_dom_01_10
355,,,,,,,,,,3.1342902183532715,0.6726821064949036,32.912471771240234,4.136096954345703,0.1872074156999588,0.0,0.0,0.0,18.981924057006836,0.2444717139005661,25.914079666137695,0.13024315237998962,recon_dom_01_10
356,,,,,,,,,,3.519777297973633,0.8841398358345032,16.289260864257812,4.56680965423584,0.1237901970744133,0.0,0.0,0.0,8.320169448852539,0.2438620924949646,14.625312805175781,0.13098129630088806,recon_dom_01_10
357,,,,,,,,,,3.3772287368774414,1.1329959630966187,7.009114742279053,4.580316066741943,0.08354739844799042,0.0,0.0,0.0,3.088362455368042,0.24269729852676392,6.931026935577393,0.13231995701789856,recon_dom_01_10
358,,,,,,,,,,10.0,100.0,50.0,110.5,0.3122992515563965,0.0,0.0,0.0,44.59807586669922,0.2466917783021927,57.25642395019531,0.1287938356399536,recon_dom_01_10
359,,,,,,,,,,3.0221240520477295,0.9583907723426819,50.0,4.480515003204346,0.26672929525375366,0.0,0.0,0.0,39.12535858154297,0.24251413345336914,48.29985809326172,0.13288110494613647,recon_dom_01_10
360,,,,0.0,0.0,0.0,100.0,0.0,0.0,3.2045998573303223,1.8946808576583862,0.7547895908355713,5.106828689575195,0.03274214267730713,0.00023599226551596075,0.0,0.0,0.09484994411468506,0.23664651811122894,0.9168766736984253,0.1388993114233017,recon_dom_01_10
361,,,,,,,,,,2.9050188064575195,0.7795754075050354,50.0,4.18459415435791,0.5277419090270996,0.0,0.0,0.0,94.46958923339844,0.24552679061889648,108.90496063232422,0.12941697239875793,recon_dom_01_10
362,,,,,,,,,,2.871535301208496,1.8130394220352173,8.656352043151855,4.7711381912231445,0.09770897030830383,0.0,0.0,0.0,4.029718399047852,0.24128858745098114,8.201422691345215,0.13248926401138306,recon_dom_01_10
363,,,,,,,,,,3.1608433723449707,0.9308221936225891,26.503877639770508,4.356704235076904,0.1586184799671173,0.0,0.0,0.0,15.182368278503418,0.23988443613052368,20.981962203979492,0.1344784051179886,recon_dom_01_10
364,,,,,,,,,,3.0898044109344482,1.5264443159103394,2.556145668029785,4.641810417175293,0.04287688806653023,0.0,0.0,0.0,0.9507383704185486,0.2365736961364746,2.7066047191619873,0.1406317800283432,recon_dom_01_10
365,,,,,,,,,,2.8311049938201904,1.938297986984253,1.459660291671753,4.783999443054199,0.046094536781311035,0.0,0.0,0.0,0.3080056309700012,0.2394089549779892,1.7674649953842163,0.13508595526218414,recon_dom_01_10
366,,,,,,,,,,3.6015467643737793,0.810920238494873,11.345952987670898,4.52592658996582,0.11048568040132523,0.0,0.0,0.0,5.589624404907227,0.24403557181358337,10.332683563232422,0.1315513551235199,recon_dom_01_10
367,,,,,,,,,,3.013234853744507,0.5677968859672546,50.0,4.081031799316406,0.3627343773841858,0.0,0.0,0.0,56.040199279785156,0.24639835953712463,68.38552856445312,0.12947851419448853,recon_dom_01_10
368,,,,,,,,,,3.047384023666382,0.7009637951850891,50.0,4.248347759246826,0.21962229907512665,0.0,0.0,0.0,31.130224227905273,0.24358788132667542,39.426002502441406,0.13156746327877045,recon_dom_01_10
369,,,,,,,,,,3.370304822921753,0.8822876811027527,5.91049861907959,4.311697483062744,0.09785547852516174,0.0,0.0,0.0,2.3990495204925537,0.2426471710205078,5.969429016113281,0.1319223940372467,recon_dom_01_10
370,,,,0.0,0.0,0.0,100.0,0.0,50.0,3.3151824474334717,0.7219222784042358,14.914560317993164,4.18625020980835,0.12264741212129593,0.0,0.0,0.0,8.086343765258789,0.2394501119852066,12.355385780334473,0.1334114372730255,recon_dom_01_10
371,,,,,,,,,,3.021782875061035,1.1870652437210083,1.8978570699691772,4.2278265953063965,0.042466431856155396,0.0,0.0,0.0,0.5691672563552856,0.23901233077049255,2.1573269367218018,0.13792994618415833,recon_dom_01_10
372,,,,,,,,,,2.8513622283935547,1.8948190212249756,0.8304955959320068,4.754486083984375,0.03386653959751129,0.0,0.0,0.0,0.12680281698703766,0.2367907464504242,0.9936605095863342,0.13850757479667664,recon_dom_01_10
373,,,,,,,,,,3.2522218227386475,1.0506198406219482,7.3242011070251465,4.376083850860596,0.0892440676689148,0.0,0.0,0.0,3.2295305728912354,0.24274054169654846,7.221968650817871,0.131913423538208,recon_dom_01_10
374,,,,,,,,,,3.135950803756714,0.8029899597167969,7.588563919067383,4.01482629776001,0.1000165194272995,0.0,0.0,0.0,3.4683496952056885,0.24167582392692566,7.165515899658203,0.13206374645233154,recon_dom_01_10
375,,,,,,,,,,10.0,100.0,50.0,110.5,0.7301774621009827,0.04545454680919647,0.0,0.0,152.357177734375,0.24320851266384125,167.69422912597656,0.1309717893600464,recon_dom_01_10
376,,,,,,,,,,2.6165108680725098,2.479860305786133,1.1177852153778076,5.10754919052124,0.06719623506069183,0.0,0.0,0.0,0.15039296448230743,0.23703542351722717,1.1878294944763184,0.13792720437049866,recon_dom_01_10
377,,,,,,,,,,3.3532662391662598,1.179983139038086,2.566020965576172,4.5589094161987305,0.06106812506914139,0.0,0.0,0.0,0.7852421998977661,0.23952630162239075,2.8760242462158203,0.13473446667194366,recon_dom_01_10
378,,,,,,,,,,3.1285064220428467,1.1573458909988403,2.7716541290283203,4.313569068908691,0.06104530766606331,0.0,0.0,0.0,0.8915680646896362,0.23988303542137146,3.0748298168182373,0.13456352055072784,recon_dom_01_10
379,,,,,,,,,,3.0206611156463623,0.579444408416748,33.01054763793945,3.930211067199707,0.20034410059452057,0.0,0.0,0.0,18.90013885498047,0.2442006915807724,26.142345428466797,0.13095155358314514,recon_dom_01_10
380,,,,0.0,0.0,0.0,100.0,0.0,50.0,3.102703094482422,1.601349115371704,1.8610901832580566,4.722662925720215,0.06221003085374832,0.0,0.0,0.0,0.43808794021606445,0.23634842038154602,2.14923095703125,0.13701847195625305,recon_dom_01_10
381,,,,,,,,,,2.5088698863983154,0.8068018555641174,50.0,3.815671682357788,0.2400389462709427,0.0,0.0,0.0,37.74407196044922,0.24362947046756744,45.981849670410156,0.13133573532104492,recon_dom_01_10
382,,,,,,,,,,3.2240827083587646,1.4517865180969238,4.469480991363525,4.720563888549805,0.0847010388970375,0.0,0.0,0.0,1.632041573524475,0.24150241911411285,4.752944469451904,0.13311833143234253,recon_dom_01_10
383,,,,,,,,,,3.0351130962371826,0.8390982151031494,42.74156188964844,4.301627159118652,0.2263161540031433,0.0,0.0,0.0,24.44658660888672,0.24617019295692444,34.251678466796875,0.1293225735425949,recon_dom_01_10
384,,,,,,,,,,3.1095800399780273,1.7102192640304565,1.67922842502594,4.836591720581055,0.06503213942050934,0.0,0.0,0.0,0.4034302532672882,0.23892897367477417,1.826278567314148,0.13605406880378723,recon_dom_01_10
385,,,,,,,,,,2.947033643722534,1.463118553161621,1.0897129774093628,4.421049118041992,0.036028750240802765,0.0,0.0,0.0,0.22799813747406006,0.2357223778963089,1.2879998683929443,0.13998834788799286,recon_dom_01_10
386,,,,,,,,,,3.1090316772460938,0.5942573547363281,50.0,4.203289031982422,0.39296016097068787,0.0,0.0,0.0,61.34990310668945,0.24600720405578613,75.18043518066406,0.12911076843738556,recon_dom_01_10
387,,,,,,,,,,3.726048231124878,0.8583216071128845,2.4965057373046875,4.609334945678711,0.06117383390665054,0.0,0.0,0.0,0.7394938468933105,0.24008935689926147,2.8275558948516846,0.13355770707130432,recon_dom_01_10
388,,,,,,,,,,3.1787657737731934,0.7969055771827698,3.5582218170166016,4.011253356933594,0.07552894204854965,0.0,0.0,0.0,1.3041203022003174,0.23728878796100616,3.678190231323242,0.13632997870445251,recon_dom_01_10
389,,,,,,,,,,3.188230037689209,0.9048572778701782,8.078763008117676,4.173874855041504,0.07918766140937805,0.0,0.0,0.0,3.98024320602417,0.2414332628250122,7.329995155334473,0.13440817594528198,recon_dom_01_10
390,,,,0.0,0.0,0.0,100.0,0.0,50.0,3.0407636165618896,0.6084421873092651,50.0,4.149205684661865,0.35882169008255005,0.0,0.0,0.0,61.647422790527344,0.2453857958316803,73.97502136230469,0.1298786848783493,recon_dom_01_10
391,,,,,,,,,,3.2053451538085938,0.5910916924476624,50.0,4.296436786651611,0.43194064497947693,0.0,0.0,0.0,70.3816146850586,0.24624621868133545,83.1461181640625,0.12908846139907837,recon_dom_01_10
392,,,,,,,,,,3.333375930786133,0.6089724898338318,28.180673599243164,4.224154949188232,0.14515992999076843,0.0,0.0,0.0,16.305261611938477,0.2417890429496765,22.22385025024414,0.1350533366203308,recon_dom_01_10
393,,,,,,,,,,10.0,100.0,36.717994689941406,110.36717987060547,0.17744623124599457,0.0,0.0,0.0,20.968372344970703,0.24557459354400635,29.649700164794922,0.12985526025295258,recon_dom_01_10
394,,,,,,,,,,3.3815133571624756,0.7346168160438538,16.125106811523438,4.277381420135498,0.09601879864931107,0.007112590130418539,0.0,0.0,8.928838729858398,0.2407543808221817,13.34268569946289,0.136440709233284,recon_dom_01_10
395,,,,,,,,,,3.1029133796691895,0.6055941581726074,50.0,4.208507537841797,0.37307608127593994,0.0,0.0,0.0,56.24510955810547,0.24656960368156433,70.99003601074219,0.12906718254089355,recon_dom_01_10
396,,,,,,,,,,3.1195411682128906,0.8560172915458679,6.620103359222412,4.041759490966797,0.06870009005069733,0.0,0.0,0.0,3.2386603355407715,0.23611244559288025,6.000582218170166,0.14039890468120575,recon_dom_01_10
397,,,,,,,,,,3.2951362133026123,0.6815957427024841,18.47996711730957,4.161531448364258,0.12551553547382355,0.0,0.0,0.0,10.019790649414062,0.24388960003852844,15.59005069732666,0.13185164332389832,recon_dom_01_10
398,,,,,,,,,,3.242788314819336,0.6938296556472778,21.200794219970703,4.14862585067749,0.15919744968414307,0.0,0.0,0.0,11.493285179138184,0.24377316236495972,17.748075485229492,0.1310744285583496,recon_dom_01_10
399,,,,,,,,,,3.054651975631714,0.7372254133224487,9.122390747070312,3.883101224899292,0.0884484201669693,0.0,0.0,0.0,4.585139751434326,0.2378242015838623,8.114453315734863,0.13998961448669434,recon_dom_01_10
400,,,,0.0,0.0,0.0,100.0,0.0,0.0,3.0645132064819336,0.7644259333610535,27.8137149810791,4.107076168060303,0.17973850667476654,0.0,0.0,0.0,15.616291999816895,0.24412737786769867,22.522493362426758,0.13070598244667053,recon_dom_01_10
401,,,,,,,,,,2.954530715942383,0.7475863099098206,50.0,4.202116966247559,0.22213859856128693,0.0,0.0,0.0,30.69569969177246,0.2454889565706253,39.25712585449219,0.13078664243221283,recon_dom_01_10
402,,,,,,,,,,10.0,100.0,13.357434272766113,110.13357543945312,0.09027183800935745,0.0833333358168602,0.0,0.0,7.0529303550720215,0.24083103239536285,11.46484088897705,0.13307777047157288,recon_dom_01_10
403,,,,,,,,,,3.2511229515075684,0.4402117133140564,43.02191925048828,4.121553897857666,0.19342078268527985,0.0,0.0,0.0,25.74270248413086,0.24119549989700317,32.54905700683594,0.1346326619386673,recon_dom_01_10
404,,,,,,,,,,3.3126087188720703,1.114547610282898,4.10789680480957,4.468235492706299,0.06857161968946457,0.0,0.0,0.0,1.5806037187576294,0.24255314469337463,4.293849468231201,0.13255304098129272,recon_dom_01_10
405,,,,,,,,,,2.988682508468628,0.6755588054656982,50.0,4.164241313934326,0.2766365110874176,0.0,0.0,0.0,43.52626037597656,0.24349144101142883,53.301361083984375,0.13150015473365784,recon_dom_01_10
406,,,,,,,,,,3.46612548828125,0.5290641188621521,36.557456970214844,4.360764026641846,0.18506541848182678,0.0,0.0,0.0,21.102685928344727,0.24516820907592773,28.983795166015625,0.1302911639213562,recon_dom_01_10
407,,,,,,,,,,3.0281548500061035,0.5554414391517639,49.4155387878418,4.077751636505127,0.20835667848587036,0.0,0.0,0.0,29.840946197509766,0.2405439168214798,36.99055099487305,0.13479770720005035,recon_dom_01_10
408,,,,,,,,,,2.8846750259399414,0.7703366279602051,50.0,4.1550116539001465,0.26062479615211487,0.0,0.0,0.0,41.42783737182617,0.2428876906633377,50.90967559814453,0.13279947638511658,recon_dom_01_10
409,,,,,,,,,,2.9586591720581055,1.0660053491592407,5.700059413909912,4.0816650390625,0.06412038207054138,0.0,0.0,0.0,2.6725287437438965,0.23656263947486877,5.338852405548096,0.13846474885940552,recon_dom_01_10
410,,,,0.0,0.0,0.0,100.0,0.0,100.0,3.0845818519592285,0.7915210127830505,26.97510528564453,4.1458539962768555,0.1542956531047821,0.0,0.0,0.0,15.130293846130371,0.2439975142478943,22.071643829345703,0.13111338019371033,recon_dom_01_10
411,,,,,,,,,,3.024247884750366,1.3862870931625366,3.9642443656921387,4.450177192687988,0.07290148735046387,0.0,0.0,0.0,1.5477430820465088,0.23761698603630066,4.029013156890869,0.13725724816322327,recon_dom_01_10
412,,,,,,,,,,2.7719011306762695,0.6276713609695435,50.0,3.8995723724365234,0.23367397487163544,0.0,0.0,0.0,37.57712173461914,0.23975637555122375,45.270206451416016,0.1373247355222702,recon_dom_01_10
413,,,,,,,,,,2.8995070457458496,1.327366590499878,15.875833511352539,4.385632038116455,0.12696567177772522,0.0,0.0,0.0,8.18226146697998,0.24329835176467896,14.042536735534668,0.13146647810935974,recon_dom_01_10
414,,,,,,,,,,2.745433807373047,0.6152161955833435,50.0,3.860650062561035,0.6555749177932739,0.0,0.0,0.0,128.67434692382812,0.24685436487197876,145.2096405029297,0.1290738880634308,recon_dom_01_10
415,,,,,,,,,,2.573220729827881,1.2408344745635986,50.0,4.314055442810059,0.24295440316200256,0.0,0.0,0.0,33.43171310424805,0.24295514822006226,42.404815673828125,0.13122744858264923,recon_dom_01_10
416,,,,,,,,,,3.0439677238464355,0.9747203588485718,33.20022201538086,4.3506903648376465,0.17815563082695007,0.0,0.0,0.0,18.891992568969727,0.2450443059206009,26.759809494018555,0.13041216135025024,recon_dom_01_10
417,,,,,,,,,,2.899118185043335,1.1600112915039062,8.189884185791016,4.14102840423584,0.09853041172027588,0.0,0.0,0.0,3.6808972358703613,0.2429288923740387,7.957761287689209,0.13161972165107727,recon_dom_01_10
418,,,,,,,,,,2.77009654045105,0.7843722701072693,50.0,4.054468631744385,0.3750450313091278,0.0,0.0,0.0,62.47001647949219,0.24622395634651184,76.10796356201172,0.12927353382110596,recon_dom_01_10
419,,,,,,,,,,2.7011725902557373,0.9143056273460388,50.0,4.115478038787842,0.8057656288146973,0.005800021346658468,0.0,0.0,171.5258026123047,0.23731203377246857,186.56211853027344,0.13876861333847046,recon_dom_01_10
420,,,,0.0,0.0,0.0,100.0,50.0,0.0,2.7303168773651123,1.8535782098770142,1.8461650609970093,4.602356910705566,0.059876441955566406,0.0,0.0,0.0,0.4553784728050232,0.23763073980808258,2.1081924438476562,0.1354507952928543,recon_dom_01_10
421,,,,,,,,,,2.96817946434021,1.0184190273284912,9.869964599609375,4.08529806137085,0.10804000496864319,0.0,0.0,0.0,4.696120262145996,0.24178576469421387,9.192327499389648,0.13301436603069305,recon_dom_01_10
422,,,,,,,,,,2.6493494510650635,2.5191447734832764,1.4203442335128784,5.182697772979736,0.03531913459300995,0.0,0.0,0.0,0.3592136800289154,0.2350265085697174,1.693868637084961,0.14097946882247925,recon_dom_01_10
423,,,,,,,,,,2.360722064971924,3.236358642578125,0.8044528961181641,5.605125427246094,0.045493122190237045,0.0,0.0,0.0,0.09758177399635315,0.23431044816970825,0.8838432431221008,0.14052867889404297,recon_dom_01_10
424,,,,,,,,,,2.771696090698242,1.6040560007095337,3.087529420852661,4.406627178192139,0.06458775699138641,0.0,0.0,0.0,1.0628536939620972,0.23644059896469116,3.3286855220794678,0.1375010907649994,recon_dom_01_10
425,,,,,,,,,,10.0,100.0,36.69438171386719,110.366943359375,0.1794542521238327,0.0,0.0,0.0,21.380615234375,0.24424393475055695,28.75807762145996,0.13033640384674072,recon_dom_01_10
426,,,,,,,,,,3.052337646484375,1.0255975723266602,6.727468490600586,4.145209789276123,0.07163307815790176,0.0,0.0,0.0,3.260133981704712,0.23734581470489502,6.143363952636719,0.13752636313438416,recon_dom_01_10
427,,,,,,,,,,2.847473621368408,0.6326947808265686,50.0,3.980168342590332,0.368208646774292,0.0,0.0,0.0,55.924591064453125,0.24658213555812836,70.53177642822266,0.1288236379623413,recon_dom_01_10
428,,,,,,,,,,3.082277774810791,0.6351072192192078,50.0,4.2173848152160645,0.25051039457321167,0.0,0.0,0.0,31.933542251586914,0.2453167736530304,42.02918243408203,0.129950612783432,recon_dom_01_10
429,,,,,,,,,,3.1337924003601074,0.4364406168460846,50.0,4.07023286819458,0.3213523328304291,0.0,0.0,0.0,49.46540451049805,0.2446574568748474,59.8895263671875,0.13013115525245667,recon_dom_01_10
430,,,,0.0,0.0,0.0,100.0,50.0,50.0,2.7123589515686035,0.4949752390384674,42.55390167236328,3.632873296737671,0.1749182939529419,0.0,0.0,0.0,25.462799072265625,0.22913473844528198,32.357757568359375,0.14718052744865417,recon_dom_01_10
431,,,,,,,,,,3.3993358612060547,0.5894638299942017,11.610137939453125,4.10490083694458,0.07958507537841797,0.00010544699762249365,0.0,0.0,6.247309684753418,0.23975837230682373,9.854525566101074,0.13557812571525574,recon_dom_01_10
432,,,,,,,,,,2.8809356689453125,1.772580862045288,3.5740203857421875,4.68925666809082,0.08327475190162659,0.0,0.0,0.0,1.122915267944336,0.24150696396827698,3.9944913387298584,0.1333504170179367,recon_dom_01_10
433,,,,,,,,,,3.1223390102386475,1.2048166990280151,2.139547348022461,4.348551273345947,0.059207238256931305,0.0,0.0,0.0,0.57413649559021,0.23954430222511292,2.464015483856201,0.1341250240802765,recon_dom_01_10
434,,,,,,,,,,10.0,100.0,50.0,110.5,0.3786684572696686,0.0,0.0,0.0,80.79291534423828,0.23490971326828003,92.70600128173828,0.14157184958457947,recon_dom_01_10
435,,,,,,,,,,3.0737643241882324,0.7487797737121582,22.660491943359375,4.049149036407471,0.1388024091720581,0.0,0.0,0.0,12.731935501098633,0.2427351176738739,18.393896102905273,0.13322454690933228,recon_dom_01_10
436,,,,,,,,,,2.995342969894409,1.1280776262283325,4.868741035461426,4.172108173370361,0.058382920920848846,0.0,0.0,0.0,2.1942431926727295,0.23987875878810883,4.690112113952637,0.13538795709609985,recon_dom_01_10
437,,,,,,,,,,3.2518832683563232,1.4229600429534912,1.5710300207138062,4.690553665161133,0.041812606155872345,3.656958870124072e-05,0.0,0.0,0.4006090760231018,0.23451638221740723,1.8480479717254639,0.13845668733119965,recon_dom_01_10
438,,,,,,,,,,2.9385251998901367,0.8333985805511475,4.003291130065918,3.8119566440582275,0.07489754259586334,0.0,0.0,0.0,1.6827518939971924,0.23617902398109436,3.8167810440063477,0.1404312252998352,recon_dom_01_10
439,,,,,,,,,,2.9823405742645264,0.48408663272857666,50.0,3.9664273262023926,0.2567056715488434,0.0,0.0,0.0,35.9311408996582,0.2442830204963684,45.4972038269043,0.1304977536201477,recon_dom_01_10
440,,,,0.0,0.0,0.0,100.0,0.0,50.0,3.3978500366210938,0.7842064499855042,5.777252674102783,4.239829063415527,0.0979042500257492,0.0,0.0,0.0,2.4503655433654785,0.24093008041381836,5.599951267242432,0.1329716145992279,recon_dom_01_10
441,,,,,,,,,,2.947509765625,0.7694006562232971,14.305927276611328,3.8599696159362793,0.10323809087276459,0.0,0.0,0.0,7.708345413208008,0.239958256483078,12.08784008026123,0.134761244058609,recon_dom_01_10
442,,,,,,,,,,3.015062093734741,0.6236065626144409,40.93168258666992,4.047985553741455,0.21111655235290527,0.0,0.0,0.0,23.447824478149414,0.24524913728237152,32.781463623046875,0.13019931316375732,recon_dom_01_10
443,,,,,,,,,,2.789536237716675,0.5738598704338074,50.0,3.863396167755127,0.20737804472446442,0.0,0.0,0.0,33.57701873779297,0.24020998179912567,40.68961715698242,0.13545022904872894,recon_dom_01_10
444,,,,,,,,,,2.888685941696167,0.5281029343605042,50.0,3.9167888164520264,0.3134419322013855,0.0,0.0,0.0,48.02382278442383,0.24510204792022705,59.33055877685547,0.12974053621292114,recon_dom_01_10
445,,,,,,,,,,3.2268311977386475,0.6154602766036987,14.284574508666992,3.9851372241973877,0.13779041171073914,0.0,0.0,0.0,7.355232238769531,0.2427757978439331,12.405936241149902,0.1314481496810913,recon_dom_01_10
446,,,,,,,,,,2.970853805541992,1.086240291595459,13.616924285888672,4.193263530731201,0.12294182181358337,0.0,0.0,0.0,6.8424835205078125,0.24426493048667908,12.24445629119873,0.13077327609062195,recon_dom_01_10
447,,,,,,,,,,3.028078079223633,0.5574812889099121,50.0,4.085559368133545,0.3449765145778656,0.0,0.0,0.0,58.531463623046875,0.24615395069122314,70.38714599609375,0.13011375069618225,recon_dom_01_10
448,,,,,,,,,,2.713888168334961,2.1821491718292236,1.12986159324646,4.9073357582092285,0.037635281682014465,0.0,0.0,0.0,0.18949130177497864,0.23727601766586304,1.4295241832733154,0.13704101741313934,recon_dom_01_10
449,,,,,,,,,,2.7994096279144287,1.971990704536438,1.2918152809143066,4.784318447113037,0.05097523704171181,0.0,0.0,0.0,0.24698381125926971,0.23641371726989746,1.5050983428955078,0.1376480907201767,recon_dom_01_10
450,,,,0.0,0.0,0.0,100.0,50.0,100.0,2.7414703369140625,1.6001079082489014,2.1940672397613525,4.363518714904785,0.0735904723405838,0.0,0.0,0.0,0.5637729167938232,0.23885007202625275,2.44998836517334,0.1346275806427002,recon_dom_01_10
451,,,,,,,,,,3.1522841453552246,1.0313138961791992,10.721450805664062,4.2908124923706055,0.10480163991451263,0.0,0.0,0.0,5.123996257781982,0.24224869906902313,10.072087287902832,0.13178493082523346,recon_dom_01_10
452,,,,,,,,,,2.9610118865966797,0.8909562826156616,18.455963134765625,4.036527633666992,0.11869700253009796,0.0,0.0,0.0,10.211532592773438,0.2413565069437027,15.226984024047852,0.13318389654159546,recon_dom_01_10
453,,,,,,,,,,3.0453076362609863,0.5366136431694031,50.0,4.081921100616455,0.5524004697799683,0.0,0.0,0.0,108.09622192382812,0.2461366355419159,124.03309631347656,0.1294306218624115,recon_dom_01_10
454,,,,,,,,,,2.781076192855835,0.9694687128067017,50.0,4.250545024871826,0.32975655794143677,0.0,0.0,0.0,49.05306625366211,0.24623006582260132,61.48004150390625,0.12884977459907532,recon_dom_01_10
455,,,,,,,,,,3.178001880645752,0.5090705752372742,49.32895278930664,4.180361747741699,0.2180592119693756,0.0,0.0,0.0,28.872703552246094,0.24562668800354004,38.65681457519531,0.12978845834732056,recon_dom_01_10
456,,,,,,,,,,2.923862934112549,0.8746687173843384,6.553811073303223,3.864069700241089,0.06727555394172668,0.0,0.0,0.0,3.196232557296753,0.23866726458072662,5.967015743255615,0.13826265931129456,recon_dom_01_10
457,,,,,,,,,,2.9923462867736816,1.0153725147247314,9.335800170898438,4.101076602935791,0.11260654777288437,0.0,0.0,0.0,4.644128799438477,0.23953959345817566,8.182414054870605,0.13477827608585358,recon_dom_01_10
458,,,,,,,,,,3.5576980113983154,0.6112027168273926,10.707547187805176,4.275976181030273,0.11259768158197403,0.0,0.0,0.0,5.184777736663818,0.24259290099143982,9.844765663146973,0.1313924789428711,recon_dom_01_10
459,,,,,,,,,,3.022219181060791,1.2551262378692627,3.010505437850952,4.307450294494629,0.06782203912734985,0.0,0.0,0.0,0.9648363590240479,0.2398061603307724,3.3382744789123535,0.13441035151481628,recon_dom_01_10
460,,,,0.0,0.0,0.0,100.0,0.0,0.0,3.183906316757202,0.5440592169761658,30.802391052246094,4.035989284515381,0.16041098535060883,0.0,0.0,0.0,17.93736457824707,0.24297061562538147,24.05088996887207,0.13230551779270172,recon_dom_01_10
461,,,,,,,,,,2.987215757369995,1.9685744047164917,0.8512553572654724,4.9643025398254395,0.0305059552192688,0.007238568738102913,0.0,0.0,0.1312669962644577,0.23652729392051697,1.0452295541763306,0.13952474296092987,recon_dom_01_10
462,,,,,,,,,,2.8531599044799805,0.37731873989105225,50.0,3.7304787635803223,0.3586335778236389,0.0,0.0,0.0,63.785919189453125,0.2435908019542694,74.66947937011719,0.1316736340522766,recon_dom_01_10
463,,,,,,,,,,2.9409008026123047,0.9707180261611938,8.09774112701416,3.99259614944458,0.08403678238391876,0.0,0.0,0.0,3.9431891441345215,0.2411472201347351,7.393621921539307,0.1344262957572937,recon_dom_01_10
464,,,,,,,,,,3.182020902633667,0.4865453243255615,34.989418029785156,4.018460273742676,0.2070717215538025,0.0,0.0,0.0,19.885196685791016,0.2454264760017395,28.06269073486328,0.12974843382835388,recon_dom_01_10
465,,,,,,,,,,10.0,100.0,50.0,110.5,0.3719462752342224,0.043478257954120636,0.0,0.0,70.47994232177734,0.24651524424552917,84.50224304199219,0.1291590929031372,recon_dom_01_10
466,,,,,,,,,,3.004584789276123,0.32034140825271606,50.0,3.8249261379241943,0.2100602686405182,0.0,0.0,0.0,33.172576904296875,0.237749844789505,40.72993469238281,0.13967721164226532,recon_dom_01_10
467,,,,,,,,,,3.0413033962249756,0.8771758675575256,7.686531066894531,3.995344638824463,0.09760961681604385,0.0,0.0,0.0,3.5283613204956055,0.24251800775527954,7.265274524688721,0.1323249638080597,recon_dom_01_10
468,,,,,,,,,,3.0574793815612793,1.3533909320831299,3.903562068939209,4.449905872344971,0.07005293667316437,0.0,0.0,0.0,1.4046556949615479,0.24150684475898743,4.222426891326904,0.13277427852153778,recon_dom_01_10
469,,,,,,,,,,3.013025999069214,0.8730491399765015,12.774642944335938,4.013821601867676,0.1332421600818634,0.0,0.0,0.0,6.319435119628906,0.24378640949726105,11.503028869628906,0.1310422420501709,recon_dom_01_10
470,,,,0.0,0.0,0.0,100.0,50.0,100.0,2.9962921142578125,0.3449395000934601,50.0,3.84123158454895,0.3157026171684265,0.0,0.0,0.0,55.97274398803711,0.24112150073051453,65.28126525878906,0.13453926146030426,recon_dom_01_10
471,,,,,,,,,,3.2457962036132812,0.8625476360321045,4.003592491149902,4.148379802703857,0.06311719864606857,0.00017317170568276197,0.0,0.0,1.65530264377594,0.24106253683567047,3.9903016090393066,0.13273537158966064,recon_dom_01_10
472,,,,,,,,,,2.5331716537475586,2.3057243824005127,1.3034547567367554,4.851930618286133,0.05121855437755585,0.0,0.0,0.0,0.2544998824596405,0.23146693408489227,1.51101815700531,0.14206315577030182,recon_dom_01_10
474,,,,,,,,,,2.8325724601745605,1.3713146448135376,3.1740753650665283,4.2356276512146,0.09196482598781586,0.0,0.0,0.0,0.9728136658668518,0.23895332217216492,3.408146381378174,0.13469070196151733,recon_dom_01_10
475,,,,,,,,,,2.8643367290496826,0.6814408898353577,12.513620376586914,3.6709139347076416,0.09889329224824905,0.0,0.0,0.0,6.551340103149414,0.24032290279865265,10.860490798950195,0.13536757230758667,recon_dom_01_10
476,,,,,,,,,,3.5192668437957764,0.7022125720977783,5.209198474884033,4.273571491241455,0.1044011116027832,0.0,0.0,0.0,2.03759503364563,0.24039258062839508,5.224514484405518,0.13301746547222137,recon_dom_01_10
477,,,,,,,,,,3.3097586631774902,0.4468023478984833,29.312423706054688,4.049685478210449,0.17058995366096497,0.0,0.0,0.0,16.621109008789062,0.24406486749649048,23.601783752441406,0.13067783415317535,recon_dom_01_10
478,,,,,,,,,,2.6260986328125,2.179243326187134,1.1273250579833984,4.816615104675293,0.07023131102323532,0.0,0.0,0.0,0.146144837141037,0.23685002326965332,1.185193657875061,0.13741862773895264,recon_dom_01_10
479,,,,,,,,,,3.1522350311279297,1.170331358909607,2.1529409885406494,4.344095706939697,0.06684578955173492,0.0,0.0,0.0,0.6420412063598633,0.23698797821998596,2.2785592079162598,0.13692468404769897,recon_dom_01_10
480,,,,0.0,0.0,0.0,100.0,0.0,50.0,2.7402865886688232,0.6163379549980164,50.0,3.8566246032714844,0.8366478681564331,0.0,0.0,0.0,166.12014770507812,0.24745672941207886,188.43116760253906,0.1284181773662567,recon_dom_01_10
481,,,,,,,,,,3.16739559173584,0.6855323314666748,7.511947154998779,3.9280474185943604,0.08691704273223877,0.0,0.0,0.0,3.501829147338867,0.2413484752178192,7.076279640197754,0.13257934153079987,recon_dom_01_10
482,,,,,,,,,,3.1021296977996826,0.8546789288520813,6.102859973907471,4.017837047576904,0.08432208001613617,0.0,0.0,0.0,2.5969386100769043,0.2411341667175293,6.093782901763916,0.1330566704273224,recon_dom_01_10
483,,,,,,,,,,2.862029790878296,0.8474611639976501,9.090271949768066,3.800393581390381,0.08065705001354218,0.0,0.0,0.0,4.629171848297119,0.24095052480697632,8.040481567382812,0.1347825825214386,recon_dom_01_10
484,,,,,,,,,,2.754509687423706,1.8609777688980103,1.0136138200759888,4.62562370300293,0.051701419055461884,0.0,0.0,0.0,0.14463162422180176,0.23575352132320404,1.1461477279663086,0.13825911283493042,recon_dom_01_10
485,,,,,,,,,,2.9450888633728027,0.40469270944595337,17.9149169921875,3.5289306640625,0.12188621610403061,0.0,0.0,0.0,9.90971565246582,0.24111734330654144,14.716506004333496,0.13405387103557587,recon_dom_01_10
486,,,,,,,,,,2.7331960201263428,2.5584497451782227,0.9910794496536255,5.301556587219238,0.03964219242334366,0.0,0.0,0.0,0.1544748842716217,0.23816385865211487,1.2016842365264893,0.13735118508338928,recon_dom_01_10
488,,,,,,,,,,2.5552878379821777,1.8551397323608398,1.6273499727249146,4.426701068878174,0.07985548675060272,0.0,0.0,0.0,0.31338801980018616,0.23977811634540558,1.7544043064117432,0.13504558801651,recon_dom_01_10
489,,,,,,,,,,3.336216688156128,0.6743035912513733,11.63581371307373,4.126878261566162,0.10603843629360199,0.0,0.0,0.0,5.685009479522705,0.24399897456169128,10.766274452209473,0.13075146079063416,recon_dom_01_10
490,,,,0.0,0.0,0.0,100.0,0.0,50.0,10.0,100.0,50.0,110.5,0.39226359128952026,0.0,0.0,0.0,68.74400329589844,0.2460031807422638,82.42557525634766,0.12926119565963745,recon_dom_01_10
491,,,,,,,,,,3.136540412902832,0.4818108081817627,50.0,4.118350982666016,0.2739222049713135,0.0,0.0,0.0,37.100101470947266,0.24469760060310364,47.17152786254883,0.12996715307235718,recon_dom_01_10
492,,,,,,,,,,3.2365548610687256,0.37973225116729736,50.0,4.1162872314453125,0.374456524848938,0.0,0.0,0.0,57.741905212402344,0.24544963240623474,71.66069793701172,0.12951703369617462,recon_dom_01_10
493,,,,,,,,,,10.0,100.0,50.0,110.5,0.5892511606216431,0.018518518656492233,0.0,0.0,124.9670639038086,0.244505375623703,141.18772888183594,0.1302940547466278,recon_dom_01_10
494,,,,,,,,,,10.0,100.0,33.763275146484375,110.33763122558594,0.1697453111410141,0.033197976648807526,0.0,0.0,19.26466941833496,0.243218332529068,27.15860939025879,0.13056619465351105,recon_dom_01_10
495,,,,,,,,,,2.7853314876556396,1.2095873355865479,2.7040088176727295,4.021958827972412,0.06411821395158768,0.0,0.0,0.0,0.9070412516593933,0.23866477608680725,2.8775861263275146,0.13717146217823029,recon_dom_01_10
496,,,,,,,,,,2.8454129695892334,0.9422013759613037,15.686357498168945,3.9444780349731445,0.1024194210767746,0.0,0.0,0.0,8.428384780883789,0.23409396409988403,13.416889190673828,0.14021039009094238,recon_dom_01_10
497,,,,,,,,,,2.863600254058838,1.5313796997070312,2.6502020359039307,4.421482086181641,0.07983342558145523,0.0,0.0,0.0,0.789438784122467,0.2388629913330078,2.8485512733459473,0.13434147834777832,recon_dom_01_10
498,,,,,,,,,,10.0,100.0,50.0,110.5,0.5994325876235962,0.016129031777381897,0.0,0.0,129.4380645751953,0.24162673950195312,143.90237426757812,0.13396207988262177,recon_dom_01_10
499,,,,,,,,,,3.50376033782959,0.29958656430244446,49.56181335449219,4.298964977264404,0.22356274724006653,0.0,0.0,0.0,29.056800842285156,0.24558600783348083,38.69935607910156,0.12962673604488373,recon_dom_01_10
500,,,,0.0,0.0,0.0,100.0,50.0,50.0,2.8300559520721436,1.5813452005386353,1.2464476823806763,4.423865795135498,0.046243127435445786,0.0,0.0,0.0,0.24268171191215515,0.2349097728729248,1.4703021049499512,0.13908323645591736,recon_dom_01_10
501,,,,,,,,,,3.103771209716797,0.9827484488487244,2.9497079849243164,4.116016864776611,0.07927829027175903,0.0,0.0,0.0,0.8946601152420044,0.23934006690979004,3.2426533699035645,0.13395977020263672,recon_dom_01_10
502,,,,,,,,,,3.4207353591918945,0.384909451007843,10.251623153686523,3.908160924911499,0.0948178842663765,0.0,0.0,0.0,5.262856960296631,0.23946426808834076,8.95448112487793,0.13488981127738953,recon_dom_01_10
503,,,,,,,,,,2.6907095909118652,2.2959516048431396,1.7781797647476196,5.004443168640137,0.041540730744600296,0.0,0.0,0.0,0.48704230785369873,0.23332007229328156,2.091960906982422,0.1412135362625122,recon_dom_01_10
504,,,,,,,,,,3.3757381439208984,0.6201001405715942,9.935871124267578,4.0951972007751465,0.12116149067878723,0.0,0.0,0.0,4.642651081085205,0.24252432584762573,9.299999237060547,0.13160821795463562,recon_dom_01_10
505,,,,,,,,,,3.1880383491516113,0.47238415479660034,9.225125312805176,3.752673864364624,0.08637028187513351,0.0,0.0,0.0,4.661710739135742,0.24201937019824982,8.188197135925293,0.13261911273002625,recon_dom_01_10
506,,,,,,,,,,2.86826753616333,1.3298653364181519,1.5332810878753662,4.213465690612793,0.0491451770067215,0.028469979763031006,0.0,0.0,0.39999985694885254,0.23500359058380127,1.6435028314590454,0.13833549618721008,recon_dom_01_10
507,,,,,,,,,,3.2535853385925293,0.3594438135623932,50.0,4.1130290031433105,0.4073891043663025,0.0,0.0,0.0,77.22062683105469,0.24357295036315918,90.15544128417969,0.1329602599143982,recon_dom_01_10
508,,,,,,,,,,3.327268362045288,0.3146069049835205,21.297298431396484,3.8548481464385986,0.12102759629487991,0.009126751683652401,0.0,0.0,12.16407585144043,0.23080195486545563,16.962486267089844,0.14634351432323456,recon_dom_01_10
509,,,,,,,,,,3.138117551803589,0.8548599481582642,8.130420684814453,4.074281692504883,0.09331203997135162,0.0,0.0,0.0,3.828728199005127,0.24101129174232483,7.5954694747924805,0.13296788930892944,recon_dom_01_10
510,,,,0.0,0.0,50.0,100.0,50.0,0.0,4.248481750488281,11.056434631347656,18.06592559814453,15.485575675964355,0.11256396770477295,0.0,0.0,0.0,10.062049865722656,0.2368755340576172,14.807233810424805,0.137536883354187,recon_dom_01_10
511,,,,,,,,,,10.0,100.0,50.0,110.5,0.7573478817939758,0.01785714365541935,0.0,0.0,168.1059112548828,0.24231010675430298,183.62525939941406,0.13176879286766052,recon_dom_01_10
512,,,,,,,,,,2.887993574142456,1.972834825515747,1.8345423936843872,4.879173755645752,0.06293125450611115,0.0,0.0,0.0,0.4149767756462097,0.23809504508972168,2.1351022720336914,0.13548648357391357,recon_dom_01_10
513,,,,,,,,,,3.4464526176452637,0.5158553123474121,11.414005279541016,4.0764479637146,0.10512892156839371,0.0,0.0,0.0,5.67064094543457,0.2428058683872223,10.360515594482422,0.13180390000343323,recon_dom_01_10
514,,,,,,,,,,3.3608827590942383,0.43568629026412964,13.210651397705078,3.928675651550293,0.11237146705389023,0.0,0.0,0.0,7.076054573059082,0.24062809348106384,11.070615768432617,0.13368703424930573,recon_dom_01_10
515,,,,,,,,,,2.8126487731933594,1.2928270101547241,3.687429189682007,4.142350196838379,0.05741355940699577,0.0,0.0,0.0,1.4764989614486694,0.23836015164852142,3.772555112838745,0.13748866319656372,recon_dom_01_10
516,,,,,,,,,,3.4383416175842285,0.7609750032424927,6.0677809715271,4.2599945068359375,0.09114228188991547,0.0,0.0,0.0,2.5407896041870117,0.24151170253753662,6.0677900314331055,0.13233470916748047,recon_dom_01_10
518,,,,,,,,,,10.0,100.0,36.1912956237793,110.3619155883789,0.18157972395420074,0.062499336898326874,0.0,0.0,21.03201675415039,0.2428504228591919,28.302997589111328,0.13097047805786133,recon_dom_01_10
519,,,,,,,,,,3.0001182556152344,1.0252420902252197,4.367758750915527,4.069037914276123,0.0833284854888916,0.0,0.0,0.0,1.6558260917663574,0.24054759740829468,4.5159478187561035,0.13261714577674866,recon_dom_01_10
520,,,,0.0,0.0,0.0,100.0,0.0,50.0,3.080380916595459,0.9918946027755737,19.30430030822754,4.265318393707275,0.1652776300907135,0.0,0.0,0.0,9.93612289428711,0.24377545714378357,17.008838653564453,0.12992015480995178,recon_dom_01_10
521,,,,,,,,,,3.0931708812713623,0.602089524269104,6.893535614013672,3.764195680618286,0.08106517791748047,0.0,0.0,0.0,3.2299351692199707,0.2393157035112381,6.441760063171387,0.13462990522384644,recon_dom_01_10
523,,,,,,,,,,3.35200572013855,0.635554850101471,8.249919891357422,4.070059776306152,0.09632894396781921,0.0,0.0,0.0,3.98830246925354,0.23899546265602112,7.48519229888916,0.13477709889411926,recon_dom_01_10
524,,,,,,,,,,3.1067588329315186,0.9598140120506287,9.177160263061523,4.158344268798828,0.09937666356563568,0.0,0.0,0.0,4.172898769378662,0.23899970948696136,8.939887046813965,0.13534113764762878,recon_dom_01_10
525,,,,,,,,,,2.952946662902832,0.33813753724098206,26.226612091064453,3.5533502101898193,0.1504906266927719,0.0,0.0,0.0,14.961792945861816,0.23930126428604126,20.949874877929688,0.13496790826320648,recon_dom_01_10
526,,,,,,,,,,3.03216552734375,0.826850414276123,45.505191802978516,4.314067840576172,0.20678383111953735,0.0,0.0,0.0,27.106252670288086,0.24208249151706696,34.65494155883789,0.1334313452243805,recon_dom_01_10
527,,,,,,,,,,3.0033252239227295,0.2694728970527649,50.0,3.7727980613708496,0.43073469400405884,0.0,0.0,0.0,81.32477569580078,0.24323132634162903,93.56017303466797,0.1314246654510498,recon_dom_01_10
528,,,,,,,,,,3.1206774711608887,0.2064061164855957,50.0,3.8270835876464844,0.3444293141365051,0.0,0.0,0.0,59.068241119384766,0.2433701902627945,69.91853332519531,0.13166259229183197,recon_dom_01_10
529,,,,,,,,,,3.1614291667938232,1.6240140199661255,1.596925139427185,4.801412582397461,0.0449950210750103,0.0,0.0,0.0,0.4162400960922241,0.23655575513839722,1.8367352485656738,0.13686704635620117,recon_dom_01_10
530,,,,0.0,0.0,0.0,100.0,0.0,100.0,3.049854278564453,0.8466559052467346,11.28658676147461,4.009376049041748,0.1190112978219986,0.0,0.0,0.0,5.438415050506592,0.24279367923736572,10.43138313293457,0.13144946098327637,recon_dom_01_10
531,,,,,,,,,,3.322887420654297,0.35494717955589294,50.0,4.177834510803223,0.23260802030563354,0.0,0.0,0.0,30.922809600830078,0.24317219853401184,39.93183517456055,0.13129960000514984,recon_dom_01_10
533,,,,,,,,,,3.209803581237793,0.8955108523368835,4.263145446777344,4.147945880889893,0.093875452876091,0.0,0.0,0.0,1.6432785987854004,0.2389950454235077,4.226255416870117,0.13462185859680176,recon_dom_01_10
534,,,,,,,,,,3.020745038986206,0.551321268081665,48.69354248046875,4.059001922607422,0.18544773757457733,0.0,0.0,0.0,29.019187927246094,0.2430138885974884,37.41886520385742,0.13380177319049835,recon_dom_01_10
536,,,,,,,,,,2.7836453914642334,1.1905827522277832,7.6551833152771,4.050779819488525,0.07882856577634811,0.0,0.0,0.0,3.7761154174804688,0.23576901853084564,6.895063400268555,0.13816076517105103,recon_dom_01_10
537,,,,,,,,,,3.269456624984741,0.599743127822876,14.846275329589844,4.017662525177002,0.12049610912799835,0.0,0.0,0.0,7.709193229675293,0.2426452934741974,12.994281768798828,0.131969153881073,recon_dom_01_10
538,,,,,,,,,,3.1644933223724365,0.34675437211990356,50.0,4.011247634887695,0.27939146757125854,0.0,0.0,0.0,37.831172943115234,0.24600237607955933,48.09123229980469,0.12961918115615845,recon_dom_01_10
539,,,,,,,,,,3.212679624557495,1.178755283355713,1.8933779001235962,4.410368919372559,0.07193788141012192,0.0,0.0,0.0,0.44659531116485596,0.23615823686122894,2.0996103286743164,0.13672244548797607,recon_dom_01_10
540,,,,0.0,0.0,0.0,100.0,0.0,50.0,10.0,100.0,50.0,110.5,1.129909634590149,0.0,0.0,0.0,255.31349182128906,0.24443577229976654,275.3207092285156,0.13002076745033264,recon_dom_01_10
541,,,,,,,,,,2.8883676528930664,2.2226974964141846,0.7356172800064087,5.11842155456543,0.02737247943878174,0.0,0.0,0.0,0.09384012222290039,0.22972901165485382,0.9344347715377808,0.1472446769475937,recon_dom_01_10
542,,,,,,,,,,2.7503323554992676,1.3903836011886597,2.6066160202026367,4.166781902313232,0.05538659915328026,0.0,0.0,0.0,0.8906410932540894,0.2346142828464508,2.803420066833496,0.1387038677930832,recon_dom_01_10
543,,,,,,,,,,3.2324352264404297,0.6371868252754211,17.868711471557617,4.048309326171875,0.10374512523412704,0.0,0.0,0.0,9.762718200683594,0.2418016642332077,15.099235534667969,0.13468536734580994,recon_dom_01_10
544,,,,,,,,,,3.2575321197509766,0.6487976908683777,17.13111686706543,4.077641010284424,0.13510851562023163,0.0,0.0,0.0,8.944936752319336,0.2426672875881195,14.946390151977539,0.13175365328788757,recon_dom_01_10
545,,,,,,,,,,2.9819130897521973,1.443037748336792,1.7995837926864624,4.442946910858154,0.052660875022411346,0.0,0.0,0.0,0.453769326210022,0.23460009694099426,2.090445041656494,0.13827556371688843,recon_dom_01_10
547,,,,,,,,,,2.7048282623291016,1.7697422504425049,1.6366519927978516,4.490937232971191,0.05610480159521103,0.0,0.0,0.0,0.41161787509918213,0.23502197861671448,1.814269781112671,0.13872969150543213,recon_dom_01_10
548,,,,,,,,,,3.1368160247802734,0.7694884538650513,9.80263614654541,4.004330635070801,0.10941576957702637,0.0,0.0,0.0,4.593757629394531,0.2417311668395996,9.248910903930664,0.13171343505382538,recon_dom_01_10
549,,,,,,,,,,2.8309459686279297,1.223301649093628,5.386909484863281,4.108116626739502,0.08767401427030563,0.0,0.0,0.0,2.141406297683716,0.23746603727340698,5.539797306060791,0.13487377762794495,recon_dom_01_10
550,,,,0.0,0.0,0.0,100.0,0.0,100.0,3.0441460609436035,0.9392908811569214,5.971850395202637,4.043155670166016,0.08796027302742004,0.0,0.0,0.0,2.5720229148864746,0.23311860859394073,5.845876693725586,0.13776451349258423,recon_dom_01_10
551,,,,,,,,,,2.649773359298706,1.6011914014816284,1.278874397277832,4.263753414154053,0.06716704368591309,0.0,0.0,0.0,0.20703160762786865,0.2359902560710907,1.3971784114837646,0.13819456100463867,recon_dom_01_10
552,,,,,,,,,,3.0339200496673584,0.3559284210205078,23.413585662841797,3.6239843368530273,0.12522000074386597,0.0,0.0,0.0,13.455628395080566,0.23815374076366425,18.58823585510254,0.13923656940460205,recon_dom_01_10
553,,,,,,,,,,3.1605947017669678,0.27440163493156433,29.911237716674805,3.7341086864471436,0.16633456945419312,0.0,0.0,0.0,17.245410919189453,0.2416340708732605,23.593425750732422,0.13277959823608398,recon_dom_01_10
554,,,,,,,,,,3.2369346618652344,0.556506872177124,8.770007133483887,3.8811416625976562,0.08056510239839554,0.0,0.0,0.0,4.4997029304504395,0.2389363944530487,7.659900188446045,0.13635002076625824,recon_dom_01_10
555,,,,,,,,,,3.221353054046631,0.8721538186073303,8.692556381225586,4.180432319641113,0.1083562970161438,0.0,0.0,0.0,3.891859531402588,0.24165335297584534,8.443157196044922,0.1317136436700821,recon_dom_01_10
556,,,,,,,,,,3.4563350677490234,0.7897489070892334,7.530490875244141,4.3213887214660645,0.07465634495019913,0.0,0.0,0.0,3.527711868286133,0.24078524112701416,7.1839141845703125,0.1346157193183899,recon_dom_01_10
557,,,,,,,,,,3.030022382736206,0.7654189467430115,5.64581823348999,3.8518996238708496,0.07726357877254486,0.0,0.0,0.0,2.5752787590026855,0.2346135377883911,5.293833255767822,0.13843615353107452,recon_dom_01_10
558,,,,,,,,,,3.012573719024658,1.5377657413482666,1.1958987712860107,4.56229829788208,0.04128958284854889,0.0,0.0,0.0,0.23699867725372314,0.23145408928394318,1.4304015636444092,0.1410592496395111,recon_dom_01_10
559,,,,,,,,,,3.4409847259521484,0.357755184173584,50.0,4.298739910125732,0.26986587047576904,0.0,0.0,0.0,31.31114387512207,0.24538691341876984,42.719139099121094,0.1297062337398529,recon_dom_01_10
561,,,,,,,,,,3.387751579284668,0.3078900873661041,38.812164306640625,4.083763122558594,0.20553556084632874,0.0,0.0,0.0,22.01323699951172,0.245322123169899,31.46746253967285,0.12989187240600586,recon_dom_01_10
562,,,,,,,,,,10.0,100.0,50.0,110.5,0.8779886364936829,0.0,0.0,0.0,207.88645935058594,0.24367128312587738,225.14080810546875,0.1304035484790802,recon_dom_01_10
563,,,,,,,,,,10.0,100.0,7.12511682510376,110.07125091552734,0.09769213944673538,0.0833333358168602,0.0,0.0,3.135270118713379,0.24205520749092102,6.76126766204834,0.13212966918945312,recon_dom_01_10
564,,,,,,,,,,3.2178750038146973,0.27833014726638794,50.0,3.9962050914764404,0.3188055753707886,0.0,0.0,0.0,56.141441345214844,0.23934751749038696,66.21731567382812,0.13395559787750244,recon_dom_01_10
565,,,,,,,,,,3.1041829586029053,0.2228931039571762,50.0,3.827075958251953,0.21335837244987488,0.0,0.0,0.0,30.7009334564209,0.24162188172340393,37.80602264404297,0.13476401567459106,recon_dom_01_10
566,,,,,,,,,,2.647718906402588,1.5123531818389893,2.5060276985168457,4.1851325035095215,0.07747987657785416,0.0,0.0,0.0,0.6855939626693726,0.23854544758796692,2.79140305519104,0.13478395342826843,recon_dom_01_10
567,,,,,,,,,,3.2044477462768555,0.272528737783432,23.704614639282227,3.714022636413574,0.15338878333568573,0.0,0.0,0.0,13.553465843200684,0.24026712775230408,18.69343376159668,0.13460518419742584,recon_dom_01_10
568,,,,,,,,,,3.1624526977539062,0.9065608382225037,3.3998169898986816,4.103011608123779,0.06717157363891602,0.0,0.0,0.0,1.1219829320907593,0.24031385779380798,3.8090944290161133,0.13397905230522156,recon_dom_01_10
569,,,,,,,,,,3.1948747634887695,0.7130998373031616,7.726319789886475,3.9852378368377686,0.08518411219120026,0.0,0.0,0.0,3.5050222873687744,0.2403581738471985,7.516075611114502,0.13303697109222412,recon_dom_01_10
571,,,,,,,,,,2.91221022605896,0.46023648977279663,39.98011779785156,3.772247791290283,0.19938725233078003,0.0,0.0,0.0,23.600330352783203,0.24166563153266907,30.690839767456055,0.1326654553413391,recon_dom_01_10
572,,,,,,,,,,2.7850399017333984,0.358814001083374,50.0,3.6438539028167725,0.5187335014343262,0.0,0.0,0.0,93.16024780273438,0.2409493774175644,105.73655700683594,0.13334856927394867,recon_dom_01_10
573,,,,,,,,,,3.1390864849090576,0.6757120490074158,11.094983100891113,3.925748348236084,0.08200369775295258,0.0,0.0,0.0,5.8769426345825195,0.2215253710746765,9.54063892364502,0.15549582242965698,recon_dom_01_10
574,,,,,,,,,,2.895935535430908,1.2701616287231445,4.930251598358154,4.215399742126465,0.09264899790287018,0.0,0.0,0.0,1.9827409982681274,0.23856352269649506,4.893893241882324,0.13462227582931519,recon_dom_01_10
575,,,,,,,,,,3.0992515087127686,0.5097640752792358,11.504762649536133,3.7240631580352783,0.08969839662313461,0.0,0.0,0.0,6.0935163497924805,0.23629289865493774,9.850550651550293,0.1384882628917694,recon_dom_01_10
576,,,,,,,,,,3.1364705562591553,0.5787447690963745,9.72805118560791,3.8124959468841553,0.08960980176925659,0.0,0.0,0.0,4.877999782562256,0.24109220504760742,8.729095458984375,0.13345769047737122,recon_dom_01_10
577,,,,,,,,,,2.8524365425109863,1.8187240362167358,1.3163280487060547,4.684323787689209,0.060844868421554565,0.0,0.0,0.0,0.23620401322841644,0.2342778742313385,1.4769256114959717,0.14009138941764832,recon_dom_01_10
578,,,,,,,,,,2.926600456237793,0.8731909990310669,10.891304969787598,3.9087045192718506,0.12094571441411972,0.0,0.0,0.0,5.194153785705566,0.24213318526744843,10.11012077331543,0.1314850002527237,recon_dom_01_10
579,,,,,,,,,,2.871464729309082,2.6511423587799072,0.7464327812194824,5.530071258544922,0.030439265072345734,0.0,0.0,0.0,0.08624181151390076,0.2362266182899475,0.9410944581031799,0.1382472664117813,recon_dom_01_10
580,,,,0.0,0.0,0.0,100.0,0.0,100.0,3.2823264598846436,0.4715174734592438,50.0,4.253843784332275,0.2307342290878296,0.0,0.0,0.0,31.802955627441406,0.2447885274887085,42.277549743652344,0.13043880462646484,recon_dom_01_10
581,,,,,,,,,,2.5812461376190186,0.4385685324668884,50.0,3.5198147296905518,0.22013963758945465,0.0,0.0,0.0,32.58716583251953,0.2420710325241089,40.53374481201172,0.13306590914726257,recon_dom_01_10
582,,,,,,,,,,2.441850185394287,3.7613964080810547,0.8276703953742981,6.211523532867432,0.04701607674360275,0.0,0.0,0.0,0.09457303583621979,0.23167085647583008,0.9211645722389221,0.14267610013484955,recon_dom_01_10
583,,,,,,,,,,2.7180612087249756,0.35835301876068115,44.85764694213867,3.5249907970428467,0.18401949107646942,0.0,0.0,0.0,26.854679107666016,0.23751327395439148,34.090850830078125,0.13696587085723877,recon_dom_01_10
584,,,,,,,,,,2.529144048690796,2.4029102325439453,1.3369488716125488,4.945423603057861,0.0574241504073143,0.0,0.0,0.0,0.2506773769855499,0.2376740723848343,1.523308515548706,0.1372900903224945,recon_dom_01_10
585,,,,,,,,,,2.88431978225708,2.202536106109619,0.8469436764717102,5.095325469970703,0.032981425523757935,0.0,0.0,0.0,0.12536920607089996,0.23275145888328552,1.0381724834442139,0.14305958151817322,recon_dom_01_10
586,,,,,,,,,,3.9729621410369873,7.903278827667236,50.0,12.376240730285645,0.29327407479286194,0.0,0.0,0.0,49.85322570800781,0.24421708285808563,60.78949737548828,0.13043740391731262,recon_dom_01_10
587,,,,,,,,,,3.067063093185425,0.5093548893928528,41.25082015991211,3.9889261722564697,0.2065766155719757,0.0,0.0,0.0,23.918537139892578,0.24358215928077698,32.523860931396484,0.13108184933662415,recon_dom_01_10
588,,,,,,,,,,2.6406025886535645,1.1870732307434082,3.970392942428589,3.867379665374756,0.08717295527458191,0.0,0.0,0.0,1.4106310606002808,0.2399430274963379,4.173163414001465,0.13321277499198914,recon_dom_01_10
589,,,,,,,,,,2.962125301361084,0.5504127144813538,49.58300018310547,4.008368015289307,0.20044812560081482,0.0,0.0,0.0,29.869970321655273,0.24172712862491608,37.34674072265625,0.13251405954360962,recon_dom_01_10
591,,,,,,,,,,2.8762288093566895,0.32419976592063904,50.0,3.7004284858703613,0.583284854888916,0.0,0.0,0.0,116.04127502441406,0.24393165111541748,130.5095977783203,0.13035768270492554,recon_dom_01_10
592,,,,,,,,,,2.766303062438965,2.24483585357666,1.0241163969039917,5.0213799476623535,0.05346706882119179,0.0,0.0,0.0,0.1393652856349945,0.23453906178474426,1.160198450088501,0.13862669467926025,recon_dom_01_10
593,,,,,,,,,,2.950681209564209,0.4612763822078705,50.0,3.9119575023651123,0.44646185636520386,0.0,0.0,0.0,84.94900512695312,0.24143412709236145,96.52613067626953,0.1315743327140808,recon_dom_01_10
594,,,,,,,,,,3.289520263671875,0.3532421290874481,50.0,4.142762184143066,0.3017883598804474,0.0,0.0,0.0,44.305137634277344,0.2452811896800995,56.39100646972656,0.130009263753891,recon_dom_01_10
595,,,,,,,,,,3.036943197250366,0.9978894591331482,6.422025203704834,4.099052906036377,0.08239661157131195,0.0,0.0,0.0,2.8333282470703125,0.23826554417610168,6.278938293457031,0.1341830939054489,recon_dom_01_10
596,,,,,,,,,,2.908740997314453,0.620987057685852,50.0,4.029727935791016,0.36955857276916504,0.0,0.0,0.0,60.47426223754883,0.24410846829414368,72.96224975585938,0.13035494089126587,recon_dom_01_10
597,,,,,,,,,,2.420217752456665,1.5427491664886475,50.0,4.4629669189453125,1.4300975799560547,0.0,0.0,0.0,304.7823181152344,0.24495333433151245,329.9269714355469,0.129852294921875,recon_dom_01_10
598,,,,,,,,,,3.0638699531555176,0.43679746985435486,39.13767623901367,3.8920440673828125,0.2055491805076599,0.0,0.0,0.0,22.56721305847168,0.2439945936203003,31.01042938232422,0.1310412436723709,recon_dom_01_10
599,,,,,,,,,,2.849398374557495,0.9312223196029663,4.124229431152344,3.8218629360198975,0.07164975255727768,0.0,0.0,0.0,1.6605995893478394,0.23896658420562744,4.136122703552246,0.13423039019107819,recon_dom_01_10
600,,,,0.0,0.0,0.0,100.0,0.0,0.0,2.9052722454071045,1.2765123844146729,6.113465785980225,4.242919445037842,0.08594280481338501,0.0,0.0,0.0,2.682368278503418,0.24212396144866943,5.92774772644043,0.13297449052333832,recon_dom_01_10
601,,,,,,,,,,2.776170253753662,0.29457902908325195,50.0,3.570749282836914,0.21141952276229858,0.0,0.0,0.0,30.556581497192383,0.24174901843070984,38.124996185302734,0.13324177265167236,recon_dom_01_10
602,,,,,,,,,,2.3426012992858887,2.8546597957611084,1.059952735900879,5.207860469818115,0.03263435885310173,0.0,0.0,0.0,0.2249772697687149,0.23356276750564575,1.2687759399414062,0.140594482421875,recon_dom_01_10
603,,,,,,,,,,2.7392280101776123,0.5009822845458984,37.052101135253906,3.610731363296509,0.18708428740501404,0.0,0.0,0.0,21.724353790283203,0.23893442749977112,28.70966339111328,0.13605505228042603,recon_dom_01_10
604,,,,,,,,,,10.0,100.0,10.011876106262207,110.1001205444336,0.07676688581705093,0.0357142873108387,0.0,0.0,5.126280307769775,0.23491987586021423,8.857438087463379,0.13836324214935303,recon_dom_01_10
605,,,,,,,,,,2.5737504959106445,2.2976603507995605,1.0712798833847046,4.8821234703063965,0.03407640755176544,0.0,0.0,0.0,0.2304372936487198,0.23125995695590973,1.2658281326293945,0.1442045420408249,recon_dom_01_10
606,,,,,,,,,,2.492382526397705,1.6514168977737427,2.615509271621704,4.169954299926758,0.07990361005067825,0.0,0.0,0.0,0.7851861715316772,0.23702946305274963,2.7868525981903076,0.13675886392593384,recon_dom_01_10
607,,,,,,,,,,2.493647813796997,1.02593195438385,19.699275970458984,3.7165725231170654,0.10860563814640045,0.0,0.0,0.0,11.108137130737305,0.24120931327342987,16.021095275878906,0.13441336154937744,recon_dom_01_10
608,,,,,,,,,,3.217020034790039,0.37112346291542053,50.0,4.088143348693848,0.23118241131305695,0.0,0.0,0.0,33.38844299316406,0.24431897699832916,43.238563537597656,0.13079139590263367,recon_dom_01_10
609,,,,,,,,,,3.0972237586975098,0.3225358724594116,50.0,3.919759750366211,0.3050771653652191,0.0,0.0,0.0,41.40650177001953,0.24482131004333496,52.299537658691406,0.12963011860847473,recon_dom_01_10
610,,,,0.0,0.0,0.0,100.0,0.0,100.0,2.9630722999572754,0.6886492967605591,22.579477310180664,3.877516269683838,0.14032265543937683,0.0,0.0,0.0,12.356507301330566,0.24270707368850708,18.96778678894043,0.13193047046661377,recon_dom_01_10
611,,,,,,,,,,3.1593689918518066,0.47283831238746643,50.0,4.13220739364624,0.2479466199874878,0.0,0.0,0.0,32.86427307128906,0.24459928274154663,43.87081527709961,0.1304108053445816,recon_dom_01_10
612,,,,,,,,,,2.878443717956543,1.5688530206680298,2.0434985160827637,4.467731952667236,0.051975101232528687,0.0,0.0,0.0,0.5407411456108093,0.23624034225940704,2.411283254623413,0.13616056740283966,recon_dom_01_10
613,,,,,,,,,,2.9547603130340576,0.6478487849235535,31.640586853027344,3.9190149307250977,0.17639589309692383,0.0,0.0,0.0,17.937488555908203,0.2440979778766632,25.567276000976562,0.13068728148937225,recon_dom_01_10
614,,,,,,,,,,3.229452133178711,0.29386210441589355,50.0,4.023314476013184,0.38454312086105347,0.0,0.0,0.0,67.65021514892578,0.244797021150589,81.91512298583984,0.13000942766666412,recon_dom_01_10
615,,,,,,,,,,2.5958762168884277,0.4101813733577728,50.0,3.5060575008392334,0.48970749974250793,4.899673513136804e-05,0.0,0.0,99.84135437011719,0.23460198938846588,111.92601013183594,0.1407187283039093,recon_dom_01_10
616,,,,,,,,,,3.1491847038269043,1.170576572418213,4.408016681671143,4.363841533660889,0.07775869965553284,0.0,0.0,0.0,1.6694049835205078,0.23768550157546997,4.625126361846924,0.13486462831497192,recon_dom_01_10
617,,,,,,,,,,2.3087916374206543,2.6554436683654785,1.0806593894958496,4.97504186630249,0.07055796682834625,0.0,0.0,0.0,0.13959988951683044,0.23072150349617004,1.1018683910369873,0.142633318901062,recon_dom_01_10
619,,,,,,,,,,2.7571167945861816,0.6293606758117676,16.182727813720703,3.548304796218872,0.10649824142456055,0.0,0.0,0.0,8.892284393310547,0.23909780383110046,13.440839767456055,0.13622859120368958,recon_dom_01_10
620,,,,0.0,0.0,0.0,100.0,0.0,100.0,3.119436740875244,0.4904913604259491,50.0,4.109928131103516,0.254614919424057,0.0,0.0,0.0,32.47113800048828,0.24526932835578918,43.51740264892578,0.12993395328521729,recon_dom_01_10
621,,,,,,,,,,2.7372148036956787,0.973026692867279,6.838596343994141,3.778627395629883,0.09194891899824142,0.0,0.0,0.0,3.1676342487335205,0.2396378517150879,6.3474884033203125,0.1350959837436676,recon_dom_01_10
622,,,,,,,,,,2.908970594406128,1.1275701522827148,7.779397487640381,4.114334583282471,0.09381133317947388,0.0,0.0,0.0,3.542208671569824,0.24066326022148132,7.461587905883789,0.1327207088470459,recon_dom_01_10
623,,,,,,,,,,2.6714258193969727,0.446266770362854,50.0,3.617692470550537,0.6503395438194275,0.0,0.0,0.0,145.99252319335938,0.24164006114006042,160.53907775878906,0.1346435248851776,recon_dom_01_10
624,,,,,,,,,,2.753513813018799,0.5118849277496338,27.14667320251465,3.536865472793579,0.14597195386886597,0.0,0.0,0.0,15.426641464233398,0.2385774850845337,21.905517578125,0.13556751608848572,recon_dom_01_10
625,,,,,,,,,,2.8980541229248047,1.0321849584579468,5.179793357849121,3.98203706741333,0.0709366500377655,0.0,0.0,0.0,2.241821765899658,0.23922042548656464,5.09182596206665,0.13453523814678192,recon_dom_01_10
626,,,,,,,,,,3.0670175552368164,0.2867652177810669,50.0,3.8537826538085938,0.2761865556240082,0.0,0.0,0.0,37.900489807128906,0.24385309219360352,47.88558578491211,0.13073597848415375,recon_dom_01_10
627,,,,,,,,,,2.9775967597961426,0.6235178709030151,28.193532943725586,3.883049964904785,0.13898490369319916,0.0,0.0,0.0,16.190044403076172,0.24127139151096344,22.541898727416992,0.13485348224639893,recon_dom_01_10
628,,,,,,,,,,2.938950538635254,0.6644375324249268,50.0,4.103387832641602,0.2259453386068344,0.0,0.0,0.0,30.867511749267578,0.24105830490589142,38.67924880981445,0.1331939995288849,recon_dom_01_10
629,,,,,,,,,,2.9441192150115967,1.756593942642212,6.984154224395752,4.770554542541504,0.07868177443742752,0.0,0.0,0.0,3.0269320011138916,0.2411392629146576,7.052536964416504,0.13431182503700256,recon_dom_01_10
630,,,,0.0,0.0,0.0,100.0,0.0,50.0,10.0,100.0,50.0,110.5,0.5192064046859741,0.0,0.0,0.0,110.49212646484375,0.24247680604457855,125.08721160888672,0.1311895251274109,recon_dom_01_10
631,,,,,,,,,,2.4620070457458496,2.539795160293579,2.0275113582611084,5.0220770835876465,0.038609810173511505,0.0,0.0,0.0,0.6526959538459778,0.2294500768184662,2.2886385917663574,0.14501962065696716,recon_dom_01_10
632,,,,,,,,,,2.8245058059692383,0.4494909644126892,50.0,3.7739968299865723,0.9928299188613892,0.0004040112253278494,0.0,0.0,217.87612915039062,0.2368108034133911,234.22750854492188,0.13801854848861694,recon_dom_01_10
634,,,,,,,,,,2.1925597190856934,4.272624492645264,0.46919071674346924,6.469876289367676,0.016721351072192192,0.0,0.0,0.0,0.07274147868156433,0.22477856278419495,0.5499731302261353,0.15378092229366302,recon_dom_01_10
635,,,,,,,,,,2.623483657836914,2.61734676361084,1.7041547298431396,5.257872104644775,0.04908192902803421,0.0,0.0,0.0,0.3876534402370453,0.2353762686252594,2.0676326751708984,0.13737758994102478,recon_dom_01_10
636,,,,,,,,,,2.7218894958496094,0.46862220764160156,50.0,3.690511703491211,0.22879205644130707,0.0,0.0,0.0,32.89142990112305,0.24234743416309357,42.00495529174805,0.1315268576145172,recon_dom_01_10
637,,,,,,,,,,2.821563720703125,0.24601776897907257,50.0,3.5675814151763916,0.5387135148048401,0.0,0.0,0.0,102.4640884399414,0.24500823020935059,116.19722747802734,0.12965363264083862,recon_dom_01_10
638,,,,,,,,,,2.3906161785125732,0.5476807355880737,50.0,3.4382967948913574,0.7560759782791138,0.0,0.0,0.0,174.43399047851562,0.24038484692573547,189.9142303466797,0.13620075583457947,recon_dom_01_10
639,,,,,,,,,,2.8381621837615967,0.6231396198272705,25.3582820892334,3.7148845195770264,0.1313871443271637,0.0,0.0,0.0,14.531535148620605,0.239400714635849,20.264524459838867,0.13608336448669434,recon_dom_01_10
640,,,,0.0,0.0,0.0,100.0,50.0,100.0,2.811051845550537,1.5840224027633667,2.4654159545898438,4.4197282791137695,0.0760502964258194,0.0,0.0,0.0,0.7064265012741089,0.23792672157287598,2.682821273803711,0.13534729182720184,recon_dom_01_10
641,,,,,,,,,,2.8337488174438477,0.6379657983779907,14.14668083190918,3.6131813526153564,0.09897610545158386,0.0,0.0,0.0,7.728692054748535,0.23703235387802124,11.770901679992676,0.13953451812267303,recon_dom_01_10
642,,,,,,,,,,2.8994624614715576,1.2733453512191772,5.471555709838867,4.227523326873779,0.08890171349048615,0.0,0.0,0.0,2.230820417404175,0.23626062273979187,5.517843723297119,0.1367855966091156,recon_dom_01_10
643,,,,,,,,,,2.577944278717041,1.3206337690353394,5.464122772216797,3.953219175338745,0.06436435133218765,1.6061970598002517e-07,0.0,0.0,2.405625820159912,0.23839053511619568,5.398077487945557,0.13797621428966522,recon_dom_01_10
644,,,,,,,,,,3.160137176513672,0.40893906354904175,50.0,4.069076061248779,0.28732386231422424,0.0,0.0,0.0,40.315345764160156,0.24517229199409485,51.937286376953125,0.12992078065872192,recon_dom_01_10
645,,,,,,,,,,2.63558292388916,2.220975160598755,3.283529758453369,4.889393329620361,0.05765090510249138,0.0,0.0,0.0,1.189510464668274,0.23673340678215027,3.5368409156799316,0.1367090493440628,recon_dom_01_10
646,,,,,,,,,,2.061183452606201,3.224052667617798,1.184309959411621,5.297079086303711,0.050724923610687256,0.0,0.0,0.0,0.1938183754682541,0.2382378876209259,1.398749828338623,0.13668254017829895,recon_dom_01_10
647,,,,,,,,,,2.5067577362060547,0.40826520323753357,50.0,3.415022850036621,0.21466034650802612,0.0,0.0,0.0,35.60590362548828,0.23784971237182617,44.003170013427734,0.13884735107421875,recon_dom_01_10
648,,,,,,,,,,2.971377372741699,0.9113131165504456,15.547122955322266,4.038161754608154,0.1323045790195465,0.0,0.0,0.0,7.940500259399414,0.2425992488861084,13.815408706665039,0.13135014474391937,recon_dom_01_10
650,,,,0.0,0.0,0.0,100.0,0.0,100.0,2.6024155616760254,0.8495296239852905,50.0,3.9519453048706055,1.1408494710922241,0.0,0.0,0.0,231.81944274902344,0.24391694366931915,253.5830078125,0.13062043488025665,recon_dom_01_10
651,,,,,,,,,,3.0606460571289062,0.25761276483535767,50.0,3.818258762359619,0.482326865196228,0.0,0.0,0.0,84.23002624511719,0.2445698082447052,97.18184661865234,0.13049811124801636,recon_dom_01_10
652,,,,,,,,,,2.7293336391448975,1.5463519096374512,5.808289527893066,4.333768367767334,0.08408299088478088,0.0,0.0,0.0,2.460683584213257,0.24003735184669495,5.779780387878418,0.13296833634376526,recon_dom_01_10
653,,,,,,,,,,3.068448066711426,0.7550549507141113,12.046170234680176,3.943964719772339,0.11742657423019409,0.0,0.0,0.0,5.933267593383789,0.24205464124679565,10.976692199707031,0.13217003643512726,recon_dom_01_10
654,,,,,,,,,,2.6782822608947754,0.5740386247634888,50.0,3.7523207664489746,0.40749436616897583,0.00010785346967168152,0.0,0.0,80.42879486083984,0.23626405000686646,91.74247741699219,0.13826793432235718,recon_dom_01_10
655,,,,,,,,,,3.272576332092285,0.6350393295288086,44.70972442626953,4.354712963104248,0.21449565887451172,0.0,0.0,0.0,26.271108627319336,0.2423551380634308,34.65755081176758,0.1312844157218933,recon_dom_01_10
656,,,,,,,,,,2.830308675765991,0.7334808707237244,16.583463668823242,3.7296242713928223,0.10910257697105408,0.0,0.0,0.0,8.949112892150879,0.24002186954021454,14.102982521057129,0.1334264874458313,recon_dom_01_10
657,,,,,,,,,,2.2414722442626953,4.526705741882324,0.7830655574798584,6.776008605957031,0.018915142863988876,0.0,0.0,0.0,0.13818085193634033,0.21922144293785095,1.024710774421692,0.16031455993652344,recon_dom_01_10
658,,,,,,,,,,2.646016836166382,1.3654406070709229,5.627402305603027,4.0677313804626465,0.09781727194786072,0.0,0.0,0.0,2.2120361328125,0.23942963778972626,5.7780256271362305,0.13324463367462158,recon_dom_01_10
659,,,,,,,,,,2.693370819091797,0.37617382407188416,25.174457550048828,3.321289300918579,0.14441213011741638,4.998401891498361e-06,0.0,0.0,14.429283142089844,0.2385425716638565,19.971389770507812,0.1355881690979004,recon_dom_01_10
660,,,,0.0,0.0,0.0,100.0,0.0,0.0,2.799833059310913,0.25616297125816345,50.0,3.5559959411621094,0.3362542390823364,0.0,0.0,0.0,55.15652847290039,0.24260033667087555,66.04509735107422,0.1316359043121338,recon_dom_01_10
661,,,,,,,,,,2.5290489196777344,2.5817320346832275,1.7854149341583252,5.128634929656982,0.04193323850631714,0.0,0.0,0.0,0.47501271963119507,0.22974132001399994,2.12691593170166,0.14304018020629883,recon_dom_01_10
662,,,,,,,,,,2.6788225173950195,1.992868423461914,3.143352746963501,4.703124523162842,0.06219163537025452,0.0,0.0,0.0,1.1034636497497559,0.23897625505924225,3.3829150199890137,0.13575667142868042,recon_dom_01_10
663,,,,,,,,,,2.9266319274902344,0.6432605385780334,21.310562133789062,3.7829980850219727,0.11643334478139877,0.039920542389154434,0.0,0.0,12.205137252807617,0.22510668635368347,16.892372131347656,0.1464264690876007,recon_dom_01_10
664,,,,,,,,,,3.0993802547454834,0.6339752674102783,19.283597946166992,3.926191568374634,0.12874989211559296,0.0,0.0,0.0,10.411948204040527,0.2414911687374115,16.380931854248047,0.13285237550735474,recon_dom_01_10
665,,,,,,,,,,2.720804214477539,0.6643606424331665,12.74852466583252,3.5126500129699707,0.08773812651634216,0.0,0.0,0.0,6.861084938049316,0.23949110507965088,10.822139739990234,0.13729816675186157,recon_dom_01_10
666,,,,,,,,,,2.967020034790039,0.30432775616645813,50.0,3.771347761154175,0.6590336561203003,0.0,0.0,0.0,130.4899444580078,0.24661901593208313,151.2119140625,0.12873417139053345,recon_dom_01_10
667,,,,,,,,,,2.9572229385375977,0.27848780155181885,50.0,3.735710620880127,0.28711795806884766,0.0,0.0,0.0,46.58908462524414,0.24352315068244934,56.19965744018555,0.13176023960113525,recon_dom_01_10
668,,,,,,,,,,3.160013198852539,0.42321380972862244,43.500423431396484,4.018231391906738,0.21178969740867615,0.0,0.0,0.0,25.00481414794922,0.24490958452224731,34.79828643798828,0.13025948405265808,recon_dom_01_10
669,,,,,,,,,,2.5185680389404297,0.7480579614639282,7.391904354095459,3.3405449390411377,0.07253667712211609,0.0,0.0,0.0,3.741595983505249,0.2253504991531372,6.4994096755981445,0.15384872257709503,recon_dom_01_10
670,,,,0.0,0.0,0.0,100.0,0.0,100.0,2.9604146480560303,0.6890468597412109,17.300016403198242,3.8224616050720215,0.13842010498046875,0.0,0.0,0.0,9.12077522277832,0.24331942200660706,14.899381637573242,0.13119232654571533,recon_dom_01_10
671,,,,,,,,,,2.327770709991455,0.5204035043716431,31.88821029663086,3.1670563220977783,0.14964520931243896,0.0,0.0,0.0,18.67648696899414,0.2299530953168869,24.851579666137695,0.14713692665100098,recon_dom_01_10
672,,,,,,,,,,2.5518083572387695,1.3000613451004028,7.2298359870910645,3.924168109893799,0.07405748218297958,0.0,0.0,0.0,3.5649969577789307,0.23660045862197876,6.514118194580078,0.13832217454910278,recon_dom_01_10
673,,,,,,,,,,2.8173365592956543,0.5247784852981567,40.10712814331055,3.7431862354278564,0.19274355471134186,0.0,0.0,0.0,23.632884979248047,0.24366439878940582,30.94612693786621,0.13092704117298126,recon_dom_01_10
674,,,,,,,,,,2.6227033138275146,0.8953296542167664,9.658432006835938,3.614617347717285,0.12894964218139648,0.0,0.0,0.0,4.535388469696045,0.24206674098968506,8.881813049316406,0.1318223476409912,recon_dom_01_10
675,,,,,,,,,,2.094878911972046,3.4044744968414307,0.9248532056808472,5.508602142333984,0.03278475999832153,9.473046702623833e-06,0.0,0.0,0.1484849750995636,0.2217802107334137,1.1506342887878418,0.14939787983894348,recon_dom_01_10
676,,,,,,,,,,2.434062957763672,0.8405476808547974,10.898442268371582,3.3835949897766113,0.0986659973859787,0.0,0.0,0.0,5.733270168304443,0.2297963947057724,9.268489837646484,0.14617067575454712,recon_dom_01_10
677,,,,,,,,,,2.4447031021118164,1.3665082454681396,7.5306830406188965,3.8865182399749756,0.07299696654081345,0.0,0.0,0.0,3.6684176921844482,0.23810291290283203,6.919593334197998,0.1367272585630417,recon_dom_01_10
678,,,,,,,,,,2.145411968231201,3.3663721084594727,1.5441681146621704,5.527225971221924,0.04756923019886017,0.0,0.0,0.0,0.36350780725479126,0.237054243683815,1.8108723163604736,0.13672536611557007,recon_dom_01_10
679,,,,,,,,,,2.2100582122802734,3.524181604385376,1.2387932538986206,5.7466278076171875,0.04194822162389755,0.0,0.0,0.0,0.25087523460388184,0.23715554177761078,1.481271743774414,0.13825580477714539,recon_dom_01_10
680,,,,0.0,0.0,0.0,100.0,0.0,50.0,2.4290552139282227,2.0833933353424072,1.4719079732894897,4.527167797088623,0.05849005654454231,0.0,0.0,0.0,0.2923012971878052,0.23593229055404663,1.6997096538543701,0.1370830088853836,recon_dom_01_10
681,,,,,,,,,,3.1007418632507324,0.39652061462402344,45.734127044677734,3.954603672027588,0.23581001162528992,0.0,0.0,0.0,26.383880615234375,0.2451605498790741,36.26741409301758,0.129734605550766,recon_dom_01_10
682,,,,,,,,,,2.542870283126831,0.7765095829963684,12.58891773223877,3.4452691078186035,0.08515532314777374,0.0,0.0,0.0,6.719769477844238,0.23632562160491943,10.81136703491211,0.14055299758911133,recon_dom_01_10
683,,,,,,,,,,2.661461353302002,1.3442132472991943,10.27376651763916,4.108412265777588,0.10351604223251343,0.0,0.0,0.0,4.96039342880249,0.24083498120307922,9.51695442199707,0.1323166936635971,recon_dom_01_10
684,,,,,,,,,,3.0544185638427734,0.7613591551780701,11.373113632202148,3.929508924484253,0.12782198190689087,0.0,0.0,0.0,5.550898551940918,0.24040919542312622,10.291683197021484,0.13222096860408783,recon_dom_01_10
685,,,,,,,,,,2.7167155742645264,0.8380529880523682,6.685567855834961,3.621624231338501,0.0663907527923584,0.0,0.0,0.0,3.2042665481567383,0.24023935198783875,6.223528861999512,0.13559216260910034,recon_dom_01_10
686,,,,,,,,,,3.163734197616577,0.3979494869709015,50.0,4.061683654785156,0.24314820766448975,0.0,0.0,0.0,31.298856735229492,0.24506992101669312,42.03730392456055,0.12998667359352112,recon_dom_01_10
687,,,,,,,,,,3.3145253658294678,0.3329131603240967,44.29140090942383,4.090352535247803,0.20083686709403992,0.0,0.0,0.0,25.877586364746094,0.24509353935718536,34.744075775146484,0.13081875443458557,recon_dom_01_10
688,,,,,,,,,,10.0,100.0,50.0,110.5,0.5119251608848572,0.043478261679410934,0.0,0.0,100.52977752685547,0.24590963125228882,116.68449401855469,0.1288720667362213,recon_dom_01_10
689,,,,,,,,,,3.0831522941589355,0.8556787967681885,12.627254486083984,4.065103530883789,0.11568886041641235,0.0,0.0,0.0,6.296572208404541,0.24221700429916382,11.429608345031738,0.13212615251541138,recon_dom_01_10
690,,,,0.0,0.0,0.0,100.0,50.0,100.0,2.350951671600342,2.7810471057891846,1.0669280290603638,5.1426682472229,0.06606597453355789,0.0,0.0,0.0,0.13690100610256195,0.23312699794769287,1.1246840953826904,0.14042417705059052,recon_dom_01_10
691,,,,,,,,,,3.0573554039001465,0.5244592428207397,27.39548683166504,3.855769634246826,0.1612396240234375,0.0,0.0,0.0,15.382530212402344,0.24319249391555786,22.33858871459961,0.1314641237258911,recon_dom_01_10
692,,,,,,,,,,2.4274182319641113,2.845447063446045,1.0389326810836792,5.283254623413086,0.05305219441652298,0.0,0.0,0.0,0.1461755782365799,0.23562835156917572,1.1802034378051758,0.13831590116024017,recon_dom_01_10
693,,,,,,,,,,3.036440372467041,0.48632118105888367,17.144298553466797,3.694204568862915,0.13335826992988586,0.0,0.0,0.0,9.13405990600586,0.24268090724945068,14.611982345581055,0.1318664252758026,recon_dom_01_10
694,,,,,,,,,,1.9435949325561523,4.518505573272705,0.8129863739013672,6.470230579376221,0.046114809811115265,0.0,0.0,0.0,0.09430596977472305,0.23178932070732117,0.9011793732643127,0.14337703585624695,recon_dom_01_10
695,,,,,,,,,,10.0,100.0,50.0,110.5,0.4040946364402771,0.0,0.0,0.0,71.33409118652344,0.24473756551742554,85.07624053955078,0.12993818521499634,recon_dom_01_10
696,,,,,,,,,,2.603001117706299,1.9181979894638062,1.871303915977478,4.539912223815918,0.06411559134721756,0.0,0.0,0.0,0.4456416964530945,0.23531916737556458,2.1354191303253174,0.13842803239822388,recon_dom_01_10
697,,,,,,,,,,3.50813627243042,0.41133496165275574,50.0,4.419471263885498,0.3674006164073944,0.0,0.0,0.0,60.80016326904297,0.24535751342773438,73.4438247680664,0.12971021234989166,recon_dom_01_10
698,,,,,,,,,,10.0,100.0,50.0,110.5,1.8168028593063354,0.0,0.0,0.0,432.239501953125,0.23212279379367828,457.6817626953125,0.14086630940437317,recon_dom_01_10
699,,,,,,,,,,2.8111274242401123,0.35787233710289,31.587738037109375,3.484877109527588,0.14657922089099884,0.0,0.0,0.0,18.572547912597656,0.23870815336704254,24.48954963684082,0.13652093708515167,recon_dom_01_10
700,,,,0.0,0.0,0.0,100.0,0.0,0.0,3.3920116424560547,0.27544358372688293,22.446651458740234,3.8919217586517334,0.14023242890834808,0.0,0.0,0.0,12.457351684570312,0.23866641521453857,18.501893997192383,0.1332326978445053,recon_dom_01_10
701,,,,,,,,,,2.9351186752319336,0.2890528738498688,31.884037017822266,3.5430119037628174,0.17752838134765625,0.0,0.0,0.0,18.60036849975586,0.24037998914718628,24.717187881469727,0.13391773402690887,recon_dom_01_10
702,,,,,,,,,,2.3372836112976074,3.7744059562683105,0.8002276420593262,6.119691848754883,0.03175046667456627,0.0,0.0,0.0,0.12770557403564453,0.23227697610855103,0.9524725675582886,0.14305797219276428,recon_dom_01_10
703,,,,,,,,,,2.8130745887756348,1.1375306844711304,4.863895416259766,3.999244213104248,0.06820781528949738,0.0,0.0,0.0,2.106667995452881,0.23764652013778687,4.757500648498535,0.13673272728919983,recon_dom_01_10
704,,,,,,,,,,2.8996191024780273,0.2720487415790558,37.04637908935547,3.5421316623687744,0.16107550263404846,0.0,0.0,0.0,21.99455451965332,0.24018117785453796,28.41786766052246,0.1350007802248001,recon_dom_01_10
705,,,,,,,,,,3.3296804428100586,0.5834252238273621,19.181915283203125,4.10492467880249,0.1386229693889618,0.0,0.0,0.0,10.210121154785156,0.24150000512599945,16.482654571533203,0.132004976272583,recon_dom_01_10
707,,,,,,,,,,3.161268711090088,0.6121917963027954,7.0707783699035645,3.844168186187744,0.07636553794145584,0.0,0.0,0.0,3.3086562156677246,0.23813855648040771,6.686044216156006,0.13458487391471863,recon_dom_01_10
708,,,,,,,,,,2.554224729537964,3.6765849590301514,0.6020755171775818,6.236830234527588,0.02542182244360447,0.0,0.0,0.0,0.07747139036655426,0.22874683141708374,0.7196431159973145,0.14798781275749207,recon_dom_01_10
709,,,,,,,,,,2.8764901161193848,0.6272022128105164,11.569567680358887,3.6193881034851074,0.09517444670200348,0.0,0.0,0.0,6.052049160003662,0.2380829006433487,10.008600234985352,0.1353817582130432,recon_dom_01_10
710,,,,0.0,0.0,0.0,100.0,50.0,50.0,2.862016201019287,0.8411429524421692,7.148726940155029,3.774646520614624,0.08893825113773346,0.0,0.0,0.0,3.3219730854034424,0.23970362544059753,6.6893205642700195,0.13432152569293976,recon_dom_01_10
711,,,,,,,,,,2.737755298614502,1.3168723583221436,2.425666570663452,4.078884124755859,0.04435574635863304,0.0,0.0,0.0,0.8821028470993042,0.22203752398490906,2.567927837371826,0.1561744511127472,recon_dom_01_10
712,,,,,,,,,,2.7792530059814453,1.5508909225463867,2.506361961364746,4.355207443237305,0.07197560369968414,0.0,0.0,0.0,0.6975468397140503,0.23544096946716309,2.823456287384033,0.1366473138332367,recon_dom_01_10
713,,,,,,,,,,3.257946729660034,0.23222361505031586,50.0,3.9901702404022217,0.5005905032157898,0.0,0.0,0.0,97.62493133544922,0.24631084501743317,113.67545318603516,0.1292678415775299,recon_dom_01_10
714,,,,,,,,,,2.0591578483581543,4.021417617797852,0.6021811962127686,6.086597442626953,0.025582458823919296,0.0,0.0,0.0,0.08461549878120422,0.23245927691459656,0.7040910720825195,0.1436195969581604,recon_dom_01_10
715,,,,,,,,,,3.1640632152557373,0.34575730562210083,39.04939270019531,3.9003143310546875,0.19845642149448395,0.0,0.0,0.0,22.681732177734375,0.24302895367145538,30.675859451293945,0.13144861161708832,recon_dom_01_10
716,,,,,,,,,,3.2836101055145264,0.9611522555351257,5.373271465301514,4.298495292663574,0.07506007701158524,0.0,0.0,0.0,2.343065023422241,0.23909388482570648,5.235149383544922,0.1342206746339798,recon_dom_01_10
717,,,,,,,,,,3.077195882797241,0.7900509834289551,10.464028358459473,3.9718871116638184,0.08321624249219894,0.0,0.0,0.0,5.267448902130127,0.24020278453826904,9.485777854919434,0.1359008550643921,recon_dom_01_10
718,,,,,,,,,,2.8498895168304443,0.8365831971168518,5.680648326873779,3.743279218673706,0.09865349531173706,0.0,0.0,0.0,2.516749858856201,0.23246735334396362,5.266459941864014,0.14154496788978577,recon_dom_01_10
719,,,,,,,,,,3.1507463455200195,0.3969072699546814,41.01689147949219,3.957822561264038,0.20634201169013977,0.0,0.0,0.0,23.763912200927734,0.24448460340499878,32.36752700805664,0.1305747926235199,recon_dom_01_10
720,,,,0.0,0.0,0.0,100.0,0.0,100.0,3.1889753341674805,0.4012247622013092,30.74810028076172,3.8976809978485107,0.18369640409946442,0.0,0.0,0.0,17.482967376708984,0.24236255884170532,24.61847496032715,0.13178953528404236,recon_dom_01_10
721,,,,,,,,,,2.759516716003418,0.26991790533065796,50.0,3.5294346809387207,0.2949528098106384,0.007167182397097349,0.0,0.0,52.49740219116211,0.23926430940628052,61.727989196777344,0.13783222436904907,recon_dom_01_10
722,,,,,,,,,,3.289215087890625,0.33531680703163147,22.32604217529297,3.847792387008667,0.14675578474998474,0.0,0.0,0.0,12.331908226013184,0.24336200952529907,18.445865631103516,0.13085639476776123,recon_dom_01_10
723,,,,,,,,,,10.0,100.0,50.0,110.5,0.7854800820350647,0.0,0.0,0.0,169.65187072753906,0.24474680423736572,185.46762084960938,0.13012723624706268,recon_dom_01_10
724,,,,,,,,,,3.3635005950927734,0.48216283321380615,14.625728607177734,3.9919207096099854,0.11216413974761963,0.0,0.0,0.0,7.544235706329346,0.24207907915115356,12.966440200805664,0.1324336677789688,recon_dom_01_10
725,,,,,,,,,,2.7160472869873047,0.5960562229156494,16.23810577392578,3.47448468208313,0.11406846344470978,0.0,0.0,0.0,8.90622329711914,0.2395375370979309,13.448224067687988,0.13474847376346588,recon_dom_01_10
726,,,,,,,,,,2.2137112617492676,2.444362163543701,1.5972222089767456,4.674045562744141,0.04470027610659599,0.0,0.0,0.0,0.39947959780693054,0.233953595161438,1.8738558292388916,0.13917909562587738,recon_dom_01_10
727,,,,,,,,,,2.4023375511169434,1.4549089670181274,9.959822654724121,3.9568448066711426,0.0793517604470253,0.0,0.0,0.0,5.137544631958008,0.2393442839384079,8.775591850280762,0.1378943920135498,recon_dom_01_10
728,,,,,,,,,,3.0168981552124023,0.5615701675415039,28.722591400146484,3.865694284439087,0.15392790734767914,0.0,0.0,0.0,16.42952537536621,0.2430441677570343,22.9718017578125,0.13221561908721924,recon_dom_01_10
729,,,,,,,,,,3.1228251457214355,0.6507297158241272,17.373003005981445,3.9472849369049072,0.11644641309976578,0.0,0.0,0.0,9.207321166992188,0.24203714728355408,15.092035293579102,0.13228732347488403,recon_dom_01_10
730,,,,0.0,0.0,0.0,100.0,50.0,50.0,10.0,100.0,50.0,110.5,0.9702967405319214,0.0,0.0,0.0,222.7176971435547,0.23913881182670593,240.38864135742188,0.1377553641796112,recon_dom_01_10
731,,,,,,,,,,2.5596368312835693,0.9141257405281067,6.439718723297119,3.5381598472595215,0.059670064598321915,0.0,0.0,0.0,3.167393684387207,0.2332233488559723,5.872472763061523,0.1441631317138672,recon_dom_01_10
732,,,,,,,,,,2.9416027069091797,0.23894432187080383,50.0,3.680546998977661,0.25426429510116577,0.0,0.0,0.0,38.770347595214844,0.24199891090393066,47.96595001220703,0.1330723911523819,recon_dom_01_10
733,,,,,,,,,,2.2801527976989746,1.376182198524475,6.243046283721924,3.7187654972076416,0.0732097178697586,0.0,0.0,0.0,2.854123830795288,0.2357516884803772,5.970542907714844,0.14027702808380127,recon_dom_01_10
734,,,,,,,,,,3.092977523803711,0.2732059061527252,50.0,3.8661835193634033,0.8448078632354736,0.0,0.0,0.0,177.68634033203125,0.24506652355194092,196.32284545898438,0.13002781569957733,recon_dom_01_10
735,,,,,,,,,,3.1446006298065186,0.28400957584381104,50.0,3.928610324859619,0.38563817739486694,0.0,0.0,0.0,61.51179504394531,0.24546819925308228,75.88381958007812,0.12940478324890137,recon_dom_01_10
736,,,,,,,,,,2.559150218963623,1.4498249292373657,50.0,4.508975028991699,0.8016002774238586,0.0,0.0,0.0,169.34609985351562,0.24222314357757568,185.05799865722656,0.13294079899787903,recon_dom_01_10
737,,,,,,,,,,2.572660207748413,1.7940587997436523,2.5198616981506348,4.391917705535889,0.06902536749839783,0.0,0.0,0.0,0.7574763298034668,0.23714031279087067,2.759939193725586,0.135750412940979,recon_dom_01_10
738,,,,,,,,,,2.785170078277588,1.4050036668777466,6.450072765350342,4.254674434661865,0.09547453373670578,0.0,0.0,0.0,2.7708957195281982,0.23924890160560608,6.328958988189697,0.13400378823280334,recon_dom_01_10
739,,,,,,,,,,3.066143751144409,0.39720097184181213,50.0,3.9633448123931885,0.3037274181842804,0.0,0.0,0.0,45.58972930908203,0.24563546478748322,57.81659698486328,0.13020165264606476,recon_dom_01_10
740,,,,0.0,0.0,0.0,100.0,0.0,100.0,3.314815044403076,0.563409149646759,18.074983596801758,4.058974266052246,0.12372782826423645,0.0,0.0,0.0,9.62237548828125,0.2409006953239441,15.593097686767578,0.13328917324543,recon_dom_01_10
741,,,,,,,,,,1.9251259565353394,2.1533734798431396,2.6077985763549805,4.104577541351318,0.05958583950996399,0.0,0.0,0.0,0.8716659545898438,0.23721930384635925,2.8012561798095703,0.1385357677936554,recon_dom_01_10
742,,,,,,,,,,2.2148540019989014,2.0549697875976562,2.502530574798584,4.294848918914795,0.07560870051383972,0.0,0.0,0.0,0.7392973303794861,0.23610281944274902,2.695848226547241,0.13655316829681396,recon_dom_01_10
743,,,,,,,,,,2.5474841594696045,2.2358851432800293,1.8167238235473633,4.801536560058594,0.06029179319739342,0.0,0.0,0.0,0.43486684560775757,0.23647698760032654,2.086160182952881,0.13670344650745392,recon_dom_01_10
744,,,,,,,,,,2.476621150970459,2.4757559299468994,3.459529399871826,4.986972332000732,0.07012280076742172,0.0,0.0,0.0,1.2287843227386475,0.23899246752262115,3.6855714321136475,0.13446156680583954,recon_dom_01_10
745,,,,,,,,,,2.8382577896118164,0.3173781931400299,50.0,3.6556360721588135,0.3041447401046753,0.0,0.0,0.0,52.233917236328125,0.24296095967292786,63.80733108520508,0.13149714469909668,recon_dom_01_10
746,,,,,,,,,,2.354404926300049,1.174835443496704,6.456271648406982,3.5938031673431396,0.0660342425107956,0.0,0.0,0.0,3.094160556793213,0.23761031031608582,5.988863945007324,0.13747362792491913,recon_dom_01_10
747,,,,,,,,,,2.7290749549865723,0.3280806541442871,50.0,3.5571556091308594,0.48205047845840454,0.0,0.0,0.0,92.26388549804688,0.24480003118515015,105.36846923828125,0.1304093599319458,recon_dom_01_10
748,,,,,,,,,,3.0075368881225586,0.3572748005390167,50.0,3.864811658859253,0.4281297028064728,0.0,0.0,0.0,80.15343475341797,0.2432243525981903,94.51400756835938,0.13193625211715698,recon_dom_01_10
749,,,,,,,,,,2.5878734588623047,1.5690112113952637,4.063156604766846,4.197516441345215,0.08477732539176941,0.0,0.0,0.0,1.654305338859558,0.23219959437847137,3.8951516151428223,0.14168885350227356,recon_dom_01_10
750,,,,0.0,0.0,0.0,100.0,0.0,50.0,2.7312324047088623,0.28863707184791565,50.0,3.519869565963745,0.3300541937351227,0.0,0.0,0.0,53.91914367675781,0.24287346005439758,65.48066711425781,0.13192033767700195,recon_dom_01_10
751,,,,,,,,,,2.1509673595428467,2.6936612129211426,1.603302001953125,4.860661506652832,0.05258418619632721,0.00014818373892921954,0.0,0.0,0.38975173234939575,0.23206353187561035,1.8264797925949097,0.1403501033782959,recon_dom_01_10
752,,,,,,,,,,2.810309886932373,0.4344908893108368,44.37019348144531,3.688502788543701,0.2056487649679184,0.0,0.0,0.0,25.95574378967285,0.24255698919296265,34.697654724121094,0.13121050596237183,recon_dom_01_10
753,,,,,,,,,,2.699620246887207,0.2831336259841919,50.0,3.4827537536621094,0.5880050659179688,0.0,0.0,0.0,118.4449462890625,0.24365785717964172,133.2232208251953,0.13147473335266113,recon_dom_01_10
754,,,,,,,,,,2.714787244796753,0.4121324121952057,50.0,3.626919746398926,0.708976149559021,0.0,0.0,0.0,147.80641174316406,0.23847316205501556,163.81326293945312,0.1344500184059143,recon_dom_01_10
755,,,,,,,,,,2.8107261657714844,0.9500372409820557,8.456369400024414,3.845327138900757,0.12163764238357544,0.0,0.0,0.0,3.8482446670532227,0.24009357392787933,7.925436496734619,0.13209058344364166,recon_dom_01_10
756,,,,,,,,,,3.1240243911743164,0.4511938691139221,26.42060089111328,3.8394243717193604,0.17017698287963867,0.0,0.0,0.0,14.54073715209961,0.24305805563926697,21.98316192626953,0.13094782829284668,recon_dom_01_10
757,,,,,,,,,,2.1757688522338867,3.242305278778076,1.6540162563323975,5.434614181518555,0.06410051882266998,0.0,0.0,0.0,0.3996409773826599,0.23178771138191223,1.7928346395492554,0.1427668035030365,recon_dom_01_10
758,,,,,,,,,,2.3312695026397705,0.33148226141929626,50.0,3.1627516746520996,0.34552785754203796,0.0,0.0,0.0,58.96734619140625,0.23610073328018188,68.91822814941406,0.1381641924381256,recon_dom_01_10
759,,,,,,,,,,2.249556303024292,3.261991024017334,1.388428807258606,5.5254316329956055,0.04318932443857193,0.0,0.0,0.0,0.28013232350349426,0.2331043779850006,1.7102093696594238,0.13934718072414398,recon_dom_01_10
760,,,,0.0,0.0,0.0,100.0,0.0,50.0,3.1692252159118652,0.47115325927734375,31.24459457397461,3.952824354171753,0.18323826789855957,0.0,0.0,0.0,17.49464988708496,0.2422155737876892,25.592735290527344,0.1316150277853012,recon_dom_01_10
761,,,,,,,,,,10.0,100.0,50.0,110.5,0.6363265514373779,0.029411764815449715,0.0,0.0,128.67298889160156,0.2460343837738037,147.04693603515625,0.12913569808006287,recon_dom_01_10
762,,,,,,,,,,2.1671462059020996,2.583881139755249,3.062234878540039,4.781649589538574,0.05527280643582344,0.0,0.0,0.0,1.1278836727142334,0.23871392011642456,3.240971565246582,0.136298269033432,recon_dom_01_10
763,,,,,,,,,,3.067223310470581,0.39731019735336304,50.0,3.964533567428589,0.2594406008720398,0.0,0.0,0.0,34.59050369262695,0.2444617599248886,44.76627731323242,0.13022086024284363,recon_dom_01_10
764,,,,,,,,,,2.677838087081909,0.6700692176818848,16.93970489501953,3.5173044204711914,0.12839624285697937,0.0,0.0,0.0,9.063138008117676,0.24014489352703094,14.39455795288086,0.1329347789287567,recon_dom_01_10
765,,,,,,,,,,2.3427863121032715,0.41154080629348755,50.0,3.2543270587921143,0.34437960386276245,0.0,0.0,0.0,64.25464630126953,0.23878973722457886,75.01747131347656,0.13578705489635468,recon_dom_01_10
766,,,,,,,,,,2.9940409660339355,0.9200543761253357,10.116267204284668,4.015257835388184,0.08672643452882767,0.0,0.0,0.0,5.049483299255371,0.24054372310638428,9.191527366638184,0.13333196938037872,recon_dom_01_10
767,,,,,,,,,,2.1259665489196777,0.41506779193878174,50.0,3.04103422164917,0.8041332960128784,0.0,0.0,0.0,174.17779541015625,0.24232611060142517,189.3334503173828,0.1322445273399353,recon_dom_01_10
768,,,,,,,,,,2.3777570724487305,0.46889427304267883,22.929780960083008,3.075949192047119,0.12576431035995483,0.0,0.0,0.0,13.241470336914062,0.2291809320449829,18.043712615966797,0.14714248478412628,recon_dom_01_10
769,,,,,,,,,,2.2027649879455566,0.6448665261268616,27.02178382873535,3.117849349975586,0.1358930766582489,0.0,0.0,0.0,15.751590728759766,0.22168654203414917,21.105945587158203,0.15586458146572113,recon_dom_01_10
770,,,,0.0,0.0,0.0,100.0,50.0,0.0,2.2553303241729736,0.8822702169418335,20.984224319458008,3.347442865371704,0.12480060756206512,0.0,0.0,0.0,11.832618713378906,0.23824582993984222,16.98042869567871,0.13565538823604584,recon_dom_01_10
771,,,,,,,,,,1.741057276725769,6.680912494659424,0.4745807647705078,8.426715850830078,0.019044749438762665,0.0,0.0,0.0,0.06790708005428314,0.22060634195804596,0.5468932390213013,0.1594269871711731,recon_dom_01_10
772,,,,,,,,,,2.9914684295654297,0.4155636131763458,50.0,3.907032012939453,0.35148298740386963,0.0,0.0,0.0,60.46717834472656,0.24519257247447968,74.14381408691406,0.12981685996055603,recon_dom_01_10
773,,,,,,,,,,2.902341365814209,0.3801952004432678,50.0,3.782536506652832,0.5804581642150879,0.0,0.0,0.0,107.03973388671875,0.2459864616394043,124.33975982666016,0.12905843555927277,recon_dom_01_10
774,,,,,,,,,,1.8704743385314941,3.096391201019287,1.7108653783798218,4.983973979949951,0.061575934290885925,0.0,0.0,0.0,0.3764520287513733,0.23539680242538452,1.9787664413452148,0.13610833883285522,recon_dom_01_10
775,,,,,,,,,,2.3768386840820312,2.9966888427734375,3.318882465362549,5.406716346740723,0.06593353301286697,0.0,0.0,0.0,1.185674786567688,0.23525816202163696,3.532561779022217,0.13733260333538055,recon_dom_01_10
776,,,,,,,,,,2.237691879272461,0.8857107758522034,15.729310035705566,3.280695676803589,0.1021837517619133,0.0,0.0,0.0,8.68066692352295,0.24227845668792725,13.000517845153809,0.13237321376800537,recon_dom_01_10
777,,,,,,,,,,2.279463291168213,0.7598344683647156,25.01471710205078,3.289444923400879,0.12023979425430298,0.0,0.0,0.0,14.4815673828125,0.23982958495616913,19.78880500793457,0.13568255305290222,recon_dom_01_10
778,,,,,,,,,,2.5996053218841553,1.7861465215682983,6.953906059265137,4.455290794372559,0.09369419515132904,0.0,0.0,0.0,3.0744376182556152,0.24037249386310577,6.74713134765625,0.13394561409950256,recon_dom_01_10
779,,,,,,,,,,1.7288026809692383,3.6630964279174805,1.1002919673919678,5.402902126312256,0.034710418432950974,0.0,0.0,0.0,0.2286137193441391,0.22969740629196167,1.3210604190826416,0.14626187086105347,recon_dom_01_10
781,,,,,,,,,,1.494619369506836,8.306648254394531,0.5155827403068542,9.80642318725586,0.021728789433836937,0.028568923473358154,0.0,0.0,0.09036003798246384,0.2226167917251587,0.5010343790054321,0.15230941772460938,recon_dom_01_10
782,,,,,,,,,,2.466228723526001,0.819244384765625,11.278687477111816,3.3982598781585693,0.09488289058208466,0.0,0.0,0.0,5.932688236236572,0.2361508309841156,9.667902946472168,0.14017975330352783,recon_dom_01_10
783,,,,,,,,,,2.8876266479492188,1.4042305946350098,9.313962936401367,4.3849968910217285,0.10097292810678482,0.0,0.0,0.0,4.400228977203369,0.2388717532157898,8.74306583404541,0.13448911905288696,recon_dom_01_10
784,,,,,,,,,,2.7039432525634766,1.9596598148345947,2.5857794284820557,4.689460754394531,0.06538128107786179,0.0,0.0,0.0,0.7654242515563965,0.23794478178024292,2.912276268005371,0.13516205549240112,recon_dom_01_10
785,,,,,,,,,,2.2339251041412354,0.3659075200557709,50.0,3.099832534790039,0.21018658578395844,0.0,0.0,0.0,35.580448150634766,0.2350957691669464,43.780311584472656,0.14169105887413025,recon_dom_01_10
786,,,,,,,,,,2.3376381397247314,0.4141424596309662,50.0,3.2517805099487305,0.2976307272911072,0.0,0.0,0.0,45.64036560058594,0.23983024060726166,54.73719787597656,0.13512125611305237,recon_dom_01_10
787,,,,,,,,,,2.7109107971191406,1.4759665727615356,5.636358261108398,4.243240833282471,0.09222288429737091,0.0,0.0,0.0,2.295774459838867,0.2378886491060257,5.684391975402832,0.13484233617782593,recon_dom_01_10
788,,,,,,,,,,2.726508855819702,0.4533599615097046,45.58860397338867,3.6357548236846924,0.19590751826763153,0.0,0.0,0.0,27.11850357055664,0.23738577961921692,34.9066276550293,0.1350773274898529,recon_dom_01_10
790,,,,0.0,0.0,0.0,100.0,50.0,100.0,2.4787750244140625,3.0902998447418213,1.7399851083755493,5.586474895477295,0.03673117235302925,0.0,0.0,0.0,0.4757141172885895,0.23798856139183044,2.085848331451416,0.13892000913619995,recon_dom_01_10
791,,,,,,,,,,2.154224395751953,2.778149127960205,1.4644582271575928,4.947018146514893,0.05312278866767883,0.0,0.0,0.0,0.2977311611175537,0.23486703634262085,1.7276716232299805,0.1379055678844452,recon_dom_01_10
792,,,,,,,,,,2.7818591594696045,0.49966514110565186,32.940330505371094,3.6109275817871094,0.18038851022720337,0.0,0.0,0.0,18.953535079956055,0.24059376120567322,26.094921112060547,0.13333849608898163,recon_dom_01_10
793,,,,,,,,,,3.065307140350342,0.2344845086336136,50.0,3.7997915744781494,0.4567435383796692,0.0,0.0,0.0,85.92583465576172,0.24505069851875305,100.12294006347656,0.12977129220962524,recon_dom_01_10
794,,,,,,,,,,2.323460578918457,0.5921648144721985,10.857599258422852,3.0242013931274414,0.08210110664367676,0.0,0.0,0.0,5.7542033195495605,0.23418854176998138,9.310503959655762,0.14219911396503448,recon_dom_01_10
795,,,,,,,,,,2.5089149475097656,1.3331456184387207,3.0854156017303467,3.8729147911071777,0.057566069066524506,0.011786249466240406,0.0,0.0,1.1847816705703735,0.23306986689567566,3.126556396484375,0.14432209730148315,recon_dom_01_10
796,,,,,,,,,,3.2336699962615967,0.39708414673805237,21.405990600585938,3.8448140621185303,0.13630156219005585,0.0,0.0,0.0,11.702103614807129,0.24046990275382996,17.970050811767578,0.13306543231010437,recon_dom_01_10
797,,,,,,,,,,2.9177780151367188,0.30868640542030334,21.640172958374023,3.442866086959839,0.14613141119480133,0.0,0.0,0.0,12.107632637023926,0.24016141891479492,17.528797149658203,0.1346862018108368,recon_dom_01_10
798,,,,,,,,,,3.176966667175293,0.4635255038738251,18.0126953125,3.8206191062927246,0.13387519121170044,0.0,0.0,0.0,9.605567932128906,0.23979376256465912,15.40087890625,0.13332027196884155,recon_dom_01_10
799,,,,,,,,,,2.8529915809631348,0.722522497177124,11.263680458068848,3.6881508827209473,0.11804129928350449,0.0,0.0,0.0,5.653090953826904,0.2420859932899475,9.965806007385254,0.13271209597587585,recon_dom_01_10
800,,,,0.0,0.0,0.0,100.0,0.0,100.0,3.1810302734375,0.4806230366230011,27.43494987487793,3.936002731323242,0.14863164722919464,0.0,0.0,0.0,15.47225570678711,0.23988835513591766,22.364465713500977,0.1331428438425064,recon_dom_01_10
801,,,,,,,,,,2.8652267456054688,0.33659330010414124,20.465925216674805,3.4064793586730957,0.14674220979213715,0.0,0.0,0.0,11.26852798461914,0.24069440364837646,16.852718353271484,0.13257628679275513,recon_dom_01_10
802,,,,,,,,,,3.0211353302001953,0.81868577003479,6.839145183563232,3.908212661743164,0.0899595320224762,0.0,0.0,0.0,3.0554144382476807,0.23914703726768494,6.593263626098633,0.1338658332824707,recon_dom_01_10
803,,,,,,,,,,2.6640918254852295,0.5885893106460571,12.455334663391113,3.37723445892334,0.10483132302761078,0.0,0.0,0.0,6.397032260894775,0.23964422941207886,10.993585586547852,0.13388146460056305,recon_dom_01_10
804,,,,,,,,,,3.109908103942871,0.2076137363910675,50.0,3.817521810531616,0.4925194978713989,0.0,0.0,0.0,86.38890838623047,0.24562576413154602,102.14421081542969,0.12915480136871338,recon_dom_01_10
805,,,,,,,,,,2.5590243339538574,1.6936043500900269,5.79839563369751,4.310612678527832,0.07259464263916016,0.0,0.0,0.0,2.4874184131622314,0.23878076672554016,5.821261405944824,0.1349518895149231,recon_dom_01_10
806,,,,,,,,,,3.0203704833984375,0.4338979423046112,22.279102325439453,3.6770594120025635,0.1526075005531311,0.0,0.0,0.0,12.240561485290527,0.24273982644081116,18.47614288330078,0.13156506419181824,recon_dom_01_10
807,,,,,,,,,,2.415290355682373,0.2356748729944229,50.0,3.1509652137756348,0.38333290815353394,0.0,0.0,0.0,65.96070098876953,0.24320818483829498,75.73406982421875,0.13127127289772034,recon_dom_01_10
808,,,,,,,,,,2.1418838500976562,1.5037480592727661,5.320955753326416,3.6988415718078613,0.06624941527843475,0.0,0.0,0.0,2.3994202613830566,0.23517149686813354,5.105525016784668,0.1400890052318573,recon_dom_01_10
809,,,,,,,,,,3.187948226928711,0.4971606433391571,12.622804641723633,3.8113369941711426,0.12462548911571503,0.0,0.0,0.0,6.311704635620117,0.24230265617370605,11.30117416381836,0.13154569268226624,recon_dom_01_10
810,,,,0.0,0.0,0.0,100.0,100.0,100.0,1.8619649410247803,5.076334476470947,0.5969518423080444,6.944268703460693,0.022992365062236786,0.0,0.0,0.0,0.08037661761045456,0.2334536910057068,0.7277578711509705,0.14389055967330933,recon_dom_01_10
811,,,,,,,,,,2.807584524154663,0.44898539781570435,38.0126953125,3.6366968154907227,0.1668657660484314,0.0,0.0,0.0,22.414546966552734,0.24148401618003845,29.452604293823242,0.13372519612312317,recon_dom_01_10
812,,,,,,,,,,2.8886685371398926,1.0347479581832886,9.276993751525879,4.016186237335205,0.09237691760063171,0.0,0.0,0.0,4.5951247215271,0.2377813160419464,8.365283012390137,0.13564549386501312,recon_dom_01_10
813,,,,,,,,,,2.302061080932617,0.6692808270454407,11.36463451385498,3.0849883556365967,0.1172543317079544,0.0,0.0,0.0,5.903735637664795,0.23622927069664001,9.67447280883789,0.13768428564071655,recon_dom_01_10
814,,,,,,,,,,2.6615419387817383,1.7690154314041138,8.311257362365723,4.513669967651367,0.10151880979537964,0.0,0.0,0.0,3.638765811920166,0.23946505784988403,8.255373001098633,0.13264161348342896,recon_dom_01_10
815,,,,,,,,,,2.9731414318084717,0.5956052541732788,26.926786422729492,3.838014602661133,0.15416143834590912,0.0,0.0,0.0,15.046560287475586,0.24239996075630188,22.143985748291016,0.13186635076999664,recon_dom_01_10
816,,,,,,,,,,2.9531707763671875,0.1911918669939041,50.0,3.644362688064575,0.6822246313095093,0.0,0.0,0.0,128.2073211669922,0.24666258692741394,145.5792694091797,0.128597691655159,recon_dom_01_10
817,,,,,,,,,,2.614318609237671,0.5856732726097107,40.97081756591797,3.6096999645233154,0.19904768466949463,0.0,0.0,0.0,23.909526824951172,0.24209833145141602,32.057220458984375,0.13229668140411377,recon_dom_01_10
818,,,,,,,,,,2.0780138969421387,4.396586894989014,0.7060776352882385,6.481661796569824,0.03031315468251705,0.00011199901928193867,0.0,0.0,0.08484290540218353,0.22433841228485107,0.8644154071807861,0.14915454387664795,recon_dom_01_10
819,,,,,,,,,,2.6843934059143066,1.3672165870666504,6.488127708435059,4.116491317749023,0.09906535595655441,0.0,0.0,0.0,2.8466134071350098,0.23994949460029602,6.21770715713501,0.13338437676429749,recon_dom_01_10
820,,,,0.0,0.0,0.0,100.0,50.0,100.0,2.6570940017700195,0.7572363018989563,20.908061981201172,3.623410940170288,0.13339737057685852,0.0,0.0,0.0,11.750134468078613,0.24069327116012573,16.90693473815918,0.13402625918388367,recon_dom_01_10
821,,,,,,,,,,2.6351895332336426,0.29293525218963623,50.0,3.4281249046325684,0.33518439531326294,0.0,0.0,0.0,62.518943786621094,0.24172551929950714,72.50150299072266,0.13252419233322144,recon_dom_01_10
822,,,,,,,,,,2.0249977111816406,2.4250903129577637,2.328777551651001,4.4733757972717285,0.04954303801059723,0.0,0.0,0.0,0.7702236175537109,0.23346832394599915,2.5466537475585938,0.14165239036083221,recon_dom_01_10
823,,,,,,,,,,3.0644421577453613,0.3179815709590912,50.0,3.8824236392974854,0.3704179525375366,0.0,0.0,0.0,63.160396575927734,0.24555397033691406,76.73590087890625,0.12996739149093628,recon_dom_01_10
824,,,,,,,,,,1.7298754453659058,4.34490442276001,1.3058104515075684,6.087838172912598,0.05641376972198486,0.0,0.0,0.0,0.22950290143489838,0.2365710437297821,1.5135126113891602,0.13825371861457825,recon_dom_01_10
825,,,,,,,,,,2.832915782928467,0.3261231780052185,50.0,3.65903902053833,0.22781482338905334,0.0,0.0,0.0,31.745777130126953,0.24225211143493652,40.60243225097656,0.13168805837631226,recon_dom_01_10
826,,,,,,,,,,2.8797030448913574,0.26972496509552,50.0,3.649427890777588,0.32104867696762085,0.0,0.0,0.0,49.67988967895508,0.24284875392913818,60.310035705566406,0.13083884119987488,recon_dom_01_10
827,,,,,,,,,,2.4031147956848145,1.4749609231948853,10.685465812683105,3.9849302768707275,0.11259327828884125,0.0,0.0,0.0,5.256317138671875,0.2392328530550003,9.65781021118164,0.13354085385799408,recon_dom_01_10
828,,,,,,,,,,2.0527071952819824,1.3199213743209839,10.819332122802734,3.4808218479156494,0.09141812473535538,0.0,0.0,0.0,5.572788238525391,0.23720252513885498,9.503511428833008,0.13977184891700745,recon_dom_01_10
829,,,,,,,,,,2.1805567741394043,1.1630765199661255,10.128875732421875,3.4449219703674316,0.08650162816047668,0.0,0.0,0.0,5.2860918045043945,0.23817096650600433,8.745638847351074,0.13639816641807556,recon_dom_01_10
830,,,,0.0,0.0,0.0,100.0,0.0,100.0,2.6848649978637695,1.480564832687378,5.672209739685059,4.222151756286621,0.09029543399810791,0.0,0.0,0.0,2.3081557750701904,0.24087940156459808,5.750553131103516,0.13212451338768005,recon_dom_01_10
831,,,,,,,,,,3.1309468746185303,0.5781638026237488,21.448646545410156,3.9235970973968506,0.14472950994968414,0.0,0.0,0.0,11.555587768554688,0.24137401580810547,18.263996124267578,0.1327490508556366,recon_dom_01_10
832,,,,,,,,,,3.045959949493408,0.4098369777202606,42.984458923339844,3.885641574859619,0.19700469076633453,0.0,0.0,0.0,25.13625144958496,0.24181509017944336,33.65153121948242,0.13235825300216675,recon_dom_01_10
833,,,,,,,,,,2.5298643112182617,0.20115500688552856,50.0,3.2310192584991455,0.2551518380641937,0.0005326745449565351,0.0,0.0,47.298614501953125,0.23723752796649933,55.56559753417969,0.13757427036762238,recon_dom_01_10
834,,,,,,,,,,2.9472856521606445,0.62054842710495,26.070266723632812,3.8285367488861084,0.15890488028526306,0.0,0.0,0.0,14.361501693725586,0.24197927117347717,21.75384521484375,0.13121651113033295,recon_dom_01_10
835,,,,,,,,,,3.1427431106567383,0.2487146556377411,50.0,3.8914577960968018,0.4437803030014038,0.0,0.0,0.0,77.07843780517578,0.24533116817474365,92.08748626708984,0.12957870960235596,recon_dom_01_10
836,,,,,,,,,,2.468289852142334,1.2720441818237305,6.656299591064453,3.806896924972534,0.09366881102323532,0.0,0.0,0.0,2.8482143878936768,0.2371332347393036,6.605135440826416,0.13459733128547668,recon_dom_01_10
837,,,,,,,,,,1.983921766281128,3.3028194904327393,2.3936715126037598,5.310678005218506,0.05430425703525543,0.0,0.0,0.0,0.6875317096710205,0.23462305963039398,2.7949559688568115,0.13678379356861115,recon_dom_01_10
838,,,,,,,,,,2.439877986907959,1.8862829208374023,6.284505844116211,4.3890061378479,0.09146162867546082,0.0,0.0,0.0,2.689922571182251,0.2384488433599472,6.200069427490234,0.13395996391773224,recon_dom_01_10
839,,,,,,,,,,2.2908546924591064,0.5891392230987549,25.02789306640625,3.13027286529541,0.10786019265651703,0.0,0.0,0.0,14.686260223388672,0.23705753684043884,19.529111862182617,0.14069783687591553,recon_dom_01_10
840,,,,0.0,0.0,0.0,100.0,0.0,50.0,3.0765836238861084,0.6515823006629944,16.868139266967773,3.8968472480773926,0.13041862845420837,0.0,0.0,0.0,8.93097972869873,0.24019643664360046,14.495407104492188,0.13342121243476868,recon_dom_01_10
841,,,,,,,,,,2.4871468544006348,1.8567391633987427,4.2686381340026855,4.386572360992432,0.0832766443490982,0.0,0.0,0.0,1.5693588256835938,0.235956609249115,4.4915361404418945,0.1353248953819275,recon_dom_01_10
842,,,,,,,,,,2.579623222351074,1.8572993278503418,4.536440372467041,4.4822869300842285,0.07200019061565399,0.0,0.0,0.0,1.7588118314743042,0.23618021607398987,4.760788917541504,0.1361514925956726,recon_dom_01_10
843,,,,,,,,,,2.78934383392334,1.0186891555786133,8.09352970123291,3.8889682292938232,0.0953989326953888,0.0,0.0,0.0,3.868926525115967,0.23794080317020416,7.420597076416016,0.13515669107437134,recon_dom_01_10
844,,,,,,,,,,2.3672637939453125,0.47999098896980286,36.572418212890625,3.2129790782928467,0.16537895798683167,0.0,0.0,0.0,21.55129623413086,0.23829901218414307,28.313732147216797,0.13532733917236328,recon_dom_01_10
845,,,,,,,,,,1.9156486988067627,3.75715708732605,2.122406482696533,5.694029808044434,0.05504283308982849,0.0,0.0,0.0,0.5712598562240601,0.23752528429031372,2.476792812347412,0.137837216258049,recon_dom_01_10
847,,,,,,,,,,2.8776345252990723,0.36043182015419006,28.149465560913086,3.5195610523223877,0.1631190925836563,0.0,0.0,0.0,16.11756706237793,0.24115324020385742,22.357868194580078,0.1325143575668335,recon_dom_01_10
848,,,,,,,,,,3.086683988571167,0.5052459239959717,21.05448341369629,3.8024747371673584,0.1501063108444214,0.0,0.0,0.0,11.359359741210938,0.24243509769439697,17.81450080871582,0.1309821754693985,recon_dom_01_10
849,,,,,,,,,,3.0283079147338867,0.42831557989120483,31.879711151123047,3.775420665740967,0.16149842739105225,0.0,0.0,0.0,18.242990493774414,0.2401932030916214,25.58371925354004,0.13349220156669617,recon_dom_01_10
850,,,,0.0,0.0,0.0,100.0,50.0,0.0,2.791243553161621,0.20796655118465424,50.0,3.4992101192474365,0.3758739233016968,0.0,0.0,0.0,67.25643920898438,0.2384081780910492,78.01887512207031,0.13370925188064575,recon_dom_01_10
851,,,,,,,,,,2.9678409099578857,0.40608832240104675,27.862483978271484,3.6525540351867676,0.15457051992416382,0.0,0.0,0.0,15.758938789367676,0.2407781183719635,22.5866756439209,0.13278129696846008,recon_dom_01_10
852,,,,,,,,,,2.867265224456787,0.4539315700531006,44.77305603027344,3.7689273357391357,0.20901212096214294,0.0,0.0,0.0,26.24142074584961,0.24277958273887634,34.89818572998047,0.13206163048744202,recon_dom_01_10
853,,,,,,,,,,2.783242702484131,0.334493488073349,50.0,3.6177361011505127,0.2643377184867859,0.0,0.0,0.0,42.38233184814453,0.24176177382469177,51.41047286987305,0.13310804963111877,recon_dom_01_10
854,,,,,,,,,,2.192595958709717,3.0452334880828857,1.49065363407135,5.2527360916137695,0.06549826264381409,0.0,0.0,0.0,0.2850661873817444,0.2342028170824051,1.6817266941070557,0.13812541961669922,recon_dom_01_10
855,,,,,,,,,,3.056568145751953,0.40350186824798584,40.088653564453125,3.8609566688537598,0.20235426723957062,0.0,0.0,0.0,23.111347198486328,0.24359124898910522,31.85608673095703,0.13132022321224213,recon_dom_01_10
856,,,,,,,,,,10.0,100.0,7.3159661293029785,110.07315826416016,0.07354661822319031,0.0,0.0,0.0,3.42692232131958,0.23872998356819153,6.967855930328369,0.13510243594646454,recon_dom_01_10
857,,,,,,,,,,2.9383485317230225,0.27741530537605286,50.0,3.715763807296753,0.647916316986084,0.0,0.0,0.0,129.84487915039062,0.24585247039794922,147.102783203125,0.1295723021030426,recon_dom_01_10
858,,,,,,,,,,2.1763968467712402,0.26360467076301575,50.0,2.9400014877319336,0.4092564582824707,0.0,0.0,0.0,78.95045471191406,0.23453839123249054,89.08406829833984,0.14079973101615906,recon_dom_01_10
859,,,,,,,,,,2.1928982734680176,0.3327268958091736,50.0,3.025625228881836,0.3261844515800476,0.0,0.0,0.0,57.27440643310547,0.23575447499752045,66.79633331298828,0.1381760835647583,recon_dom_01_10
860,,,,0.0,0.0,0.0,100.0,0.0,100.0,2.119702100753784,1.5569729804992676,6.6150736808776855,3.742825746536255,0.07906515896320343,0.0,0.0,0.0,3.116219997406006,0.2370637059211731,6.132383823394775,0.13629919290542603,recon_dom_01_10
861,,,,,,,,,,2.824899196624756,0.36822986602783203,50.0,3.693129062652588,0.2745482921600342,0.0,0.0,0.0,40.06555938720703,0.2424684464931488,49.68512725830078,0.13179582357406616,recon_dom_01_10
862,,,,,,,,,,2.3112587928771973,0.6072525978088379,33.935848236083984,3.2578699588775635,0.15267573297023773,0.0,0.0,0.0,19.938180923461914,0.23965606093406677,26.39373016357422,0.13460975885391235,recon_dom_01_10
863,,,,,,,,,,2.970682144165039,0.670987069606781,25.811767578125,3.899786949157715,0.1664491593837738,0.0,0.0,0.0,14.294458389282227,0.24227821826934814,21.295433044433594,0.1312021017074585,recon_dom_01_10
864,,,,,,,,,,2.2452173233032227,0.39759162068367004,50.0,3.1428089141845703,0.31969770789146423,0.0,0.0,0.0,55.78688049316406,0.23510868847370148,66.14270782470703,0.13812805712223053,recon_dom_01_10
865,,,,,,,,,,2.1516921520233154,0.3877844512462616,50.0,3.0394766330718994,0.580892026424408,0.0,0.0,0.0,111.7529296875,0.23706099390983582,125.72444915771484,0.13616999983787537,recon_dom_01_10
866,,,,,,,,,,2.268319606781006,0.7222505211830139,20.94298553466797,3.200000047683716,0.1440117359161377,0.0,0.0,0.0,11.817045211791992,0.23678728938102722,16.73717498779297,0.13616353273391724,recon_dom_01_10
867,,,,,,,,,,2.1475186347961426,2.1233882904052734,9.171649932861328,4.36262321472168,0.09059901535511017,0.0,0.0,0.0,4.529263019561768,0.23779425024986267,8.304244041442871,0.1349167674779892,recon_dom_01_10
868,,,,,,,,,,3.631674289703369,9.433873176574707,50.0,13.565547943115234,0.3495382070541382,0.0,0.0,0.0,59.375736236572266,0.24245747923851013,71.57962036132812,0.13152724504470825,recon_dom_01_10
869,,,,,,,,,,2.0494801998138428,3.225687265396118,5.565633773803711,5.33082389831543,0.0884353294968605,0.0,0.0,0.0,2.2300453186035156,0.23785138130187988,5.712311744689941,0.13470646739006042,recon_dom_01_10
870,,,,0.0,0.0,0.0,100.0,50.0,50.0,2.3176679611206055,0.28603145480155945,50.0,3.1036994457244873,0.638210117816925,0.0,0.0,0.0,129.40475463867188,0.2412201464176178,144.05482482910156,0.13291427493095398,recon_dom_01_10
871,,,,,,,,,,2.0838265419006348,0.9814398288726807,20.605680465698242,3.2713232040405273,0.10870826244354248,0.0,0.0,0.0,11.75680160522461,0.23714590072631836,16.535858154296875,0.13694342970848083,recon_dom_01_10
872,,,,,,,,,,1.715982437133789,3.2914655208587646,3.9659533500671387,5.047107696533203,0.08482461422681808,0.0,0.0,0.0,1.4181029796600342,0.23553931713104248,4.172954559326172,0.13696074485778809,recon_dom_01_10
873,,,,,,,,,,2.044692277908325,2.0700631141662598,7.820010662078857,4.192955493927002,0.07888907194137573,0.0,0.0,0.0,3.818342685699463,0.2367379367351532,7.1397013664245605,0.13698166608810425,recon_dom_01_10
874,,,,,,,,,,2.740135908126831,0.8907269835472107,39.50381851196289,4.025900840759277,0.18699167668819427,0.0,0.0,0.0,22.679534912109375,0.24123823642730713,31.703903198242188,0.13248789310455322,recon_dom_01_10
875,,,,,,,,,,2.8820276260375977,0.3985755443572998,50.0,3.7806031703948975,0.3250746428966522,0.0,0.0,0.0,49.37544631958008,0.2447574883699417,61.838809967041016,0.12992465496063232,recon_dom_01_10
876,,,,,,,,,,2.7889199256896973,0.5655242800712585,50.0,3.8544442653656006,0.2626379728317261,0.0,0.0,0.0,34.08324432373047,0.24415257573127747,44.974884033203125,0.13020417094230652,recon_dom_01_10
877,,,,,,,,,,2.600038528442383,0.8971899151802063,31.027727127075195,3.8075056076049805,0.15675169229507446,0.0,0.0,0.0,17.83306884765625,0.24168790876865387,24.746967315673828,0.1324545443058014,recon_dom_01_10
878,,,,,,,,,,2.1767749786376953,1.704551100730896,8.408904075622559,3.9654150009155273,0.09520411491394043,0.0,0.0,0.0,4.035501956939697,0.23576298356056213,7.7204999923706055,0.13555365800857544,recon_dom_01_10
879,,,,,,,,,,2.69942045211792,0.5659892559051514,50.0,3.7654097080230713,0.24094316363334656,0.0,0.0,0.0,34.90995407104492,0.2433844804763794,44.055419921875,0.13157007098197937,recon_dom_01_10
880,,,,0.0,0.0,0.0,100.0,0.0,50.0,2.1473851203918457,2.135845422744751,7.313567638397217,4.356366157531738,0.10047723352909088,0.0,0.0,0.0,3.3479042053222656,0.23803044855594635,6.852014541625977,0.13466700911521912,recon_dom_01_10
881,,,,,,,,,,2.4355154037475586,0.9837814569473267,30.630727767944336,3.7256040573120117,0.14775565266609192,0.0,0.0,0.0,17.628807067871094,0.2413947731256485,24.451175689697266,0.13414475321769714,recon_dom_01_10
882,,,,,,,,,,1.9873418807983398,1.9649022817611694,5.393911838531494,4.00618314743042,0.06556011736392975,0.00013538762868847698,0.0,0.0,2.3701093196868896,0.23446643352508545,5.316989421844482,0.13925054669380188,recon_dom_01_10
883,,,,,,,,,,2.431525945663452,0.7526987791061401,23.631086349487305,3.4205355644226074,0.1363188624382019,0.0,0.0,0.0,13.45803165435791,0.2380569577217102,18.90830421447754,0.13502126932144165,recon_dom_01_10
884,,,,,,,,,,2.3328475952148438,0.19096168875694275,50.0,3.0238091945648193,0.344481885433197,0.0,0.0,0.0,64.17701721191406,0.23719245195388794,73.9560775756836,0.13708560168743134,recon_dom_01_10
885,,,,,,,,,,1.8321375846862793,1.170936107635498,9.577414512634277,3.0988478660583496,0.08531893789768219,0.0068339151330292225,0.0,0.0,4.8843770027160645,0.22198235988616943,8.443825721740723,0.15497955679893494,recon_dom_01_10
886,,,,,,,,,,1.986459493637085,1.8542633056640625,5.730742454528809,3.8980302810668945,0.0700770765542984,0.0,0.0,0.0,2.5667805671691895,0.23871222138404846,5.552125930786133,0.13642153143882751,recon_dom_01_10
887,,,,,,,,,,2.542309284210205,1.354904055595398,7.813208103179932,3.9753453731536865,0.09256251156330109,0.0,0.0,0.0,3.610653877258301,0.23862960934638977,7.404906749725342,0.1342485398054123,recon_dom_01_10
888,,,,,,,,,,2.9604110717773438,0.919506847858429,17.072067260742188,4.050638675689697,0.13187970221042633,0.0,0.0,0.0,8.8515625,0.24168667197227478,15.047409057617188,0.1323384940624237,recon_dom_01_10
889,,,,,,,,,,3.2656993865966797,0.3987090289592743,39.50437927246094,4.059452056884766,0.18322725594043732,0.0,0.0,0.0,23.00812530517578,0.2414827048778534,31.085407257080078,0.13263759016990662,recon_dom_01_10
890,,,,0.0,0.0,0.0,100.0,0.0,100.0,2.667966842651367,0.43302279710769653,44.076663970947266,3.5417563915252686,0.20214788615703583,0.0,0.0,0.0,26.069570541381836,0.24129274487495422,33.91797637939453,0.13236162066459656,recon_dom_01_10
891,,,,,,,,,,2.5679116249084473,0.9192073345184326,9.69765853881836,3.5840954780578613,0.11671765148639679,0.0,0.0,0.0,4.695170879364014,0.2403894066810608,8.763178825378418,0.13270948827266693,recon_dom_01_10
892,,,,,,,,,,2.1028406620025635,0.20532068610191345,50.0,2.8081612586975098,0.7298415303230286,0.0,0.0,0.0,150.6886749267578,0.23591753840446472,165.00534057617188,0.14080075919628143,recon_dom_01_10
893,,,,,,,,,,2.5521016120910645,1.71014404296875,4.234048843383789,4.304585933685303,0.08306301385164261,0.0,0.0,0.0,1.5567458868026733,0.23544898629188538,4.449588775634766,0.1364855319261551,recon_dom_01_10
894,,,,,,,,,,2.041256904602051,4.198153018951416,50.0,6.739409923553467,1.95243239402771,0.0,0.0,0.0,437.65594482421875,0.2419157177209854,469.8890075683594,0.1308242678642273,recon_dom_01_10
895,,,,,,,,,,2.7228245735168457,0.6745486259460449,16.037208557128906,3.5577452182769775,0.10697177052497864,0.0,0.0,0.0,8.810917854309082,0.2372511327266693,13.308236122131348,0.135886088013649,recon_dom_01_10
896,,,,,,,,,,2.671215534210205,2.175602674484253,4.192243576049805,4.888740539550781,0.0646819919347763,0.0,0.0,0.0,1.5289716720581055,0.2345108538866043,4.605435848236084,0.13692831993103027,recon_dom_01_10
897,,,,,,,,,,2.902369260787964,0.3126243054866791,50.0,3.714993476867676,0.2749286890029907,0.0,0.0,0.0,39.9366340637207,0.24253946542739868,50.716800689697266,0.13131767511367798,recon_dom_01_10
898,,,,,,,,,,2.470689535140991,0.2928665578365326,49.58879470825195,3.259443998336792,0.19652828574180603,0.0,0.0,0.0,29.806190490722656,0.23932968080043793,37.525184631347656,0.1343567818403244,recon_dom_01_10
899,,,,,,,,,,2.6395263671875,1.1164077520370483,8.311370849609375,3.839047908782959,0.10513877868652344,0.0,0.0,0.0,3.8496878147125244,0.24028542637825012,7.797283172607422,0.13318303227424622,recon_dom_01_10
900,,,,0.0,0.0,0.0,100.0,100.0,100.0,2.281874179840088,2.7432141304016113,2.5559518337249756,5.050647735595703,0.0728793814778328,0.0,0.0,0.0,0.7437423467636108,0.2345498949289322,2.8213486671447754,0.13683241605758667,recon_dom_01_10
901,,,,,,,,,,2.7877140045166016,0.4813244640827179,19.100975036621094,3.460048198699951,0.1316005140542984,0.0,0.0,0.0,10.389450073242188,0.24173128604888916,16.032270431518555,0.1321340799331665,recon_dom_01_10
902,,,,,,,,,,2.959260940551758,1.0914615392684937,8.722806930541992,4.137950420379639,0.08954742550849915,0.0,0.0,0.0,4.116567134857178,0.23686891794204712,8.242513656616211,0.13559548556804657,recon_dom_01_10
903,,,,,,,,,,2.653639316558838,0.9382996559143066,9.544272422790527,3.6873817443847656,0.09476950019598007,0.0,0.0,0.0,4.6630473136901855,0.23863977193832397,8.740167617797852,0.13429242372512817,recon_dom_01_10
904,,,,,,,,,,1.8901022672653198,3.648799180984497,1.03262460231781,5.549227714538574,0.05997021123766899,0.0,0.0,0.0,0.1354239135980606,0.23026445508003235,1.1198703050613403,0.1438804566860199,recon_dom_01_10
905,,,,,,,,,,3.2643260955810547,0.41986173391342163,25.626754760742188,3.940455436706543,0.16460469365119934,0.0,0.0,0.0,14.198039054870605,0.24213919043540955,21.136531829833984,0.13212500512599945,recon_dom_01_10
906,,,,,,,,,,2.860466480255127,0.9531076550483704,14.024883270263672,3.9538228511810303,0.12283901870250702,0.0,0.0,0.0,6.986074447631836,0.2416187822818756,12.774290084838867,0.13305696845054626,recon_dom_01_10
907,,,,,,,,,,3.235665798187256,0.619864821434021,11.426858901977539,3.969799280166626,0.1086324155330658,0.0,0.0,0.0,5.642425537109375,0.2410072684288025,10.407703399658203,0.13319829106330872,recon_dom_01_10
908,,,,,,,,,,2.7102746963500977,0.648938775062561,14.138300895690918,3.500596523284912,0.1205534040927887,0.0,0.0,0.0,7.357316493988037,0.23963288962841034,12.28209400177002,0.13207191228866577,recon_dom_01_10
909,,,,,,,,,,1.828755259513855,4.159055233001709,1.045573115348816,5.998266220092773,0.03188415616750717,0.0,0.0,0.0,0.2263169288635254,0.23009134829044342,1.2447125911712646,0.1447000503540039,recon_dom_01_10
910,,,,0.0,0.0,0.0,100.0,0.0,50.0,2.940126895904541,1.1636534929275513,6.904921531677246,4.172829627990723,0.08938120305538177,0.0,0.0,0.0,2.9590179920196533,0.23928317427635193,6.923504829406738,0.1331634223461151,recon_dom_01_10
911,,,,,,,,,,3.419273853302002,0.13803987205028534,50.0,4.057313919067383,0.3904493749141693,0.0,0.0,0.0,67.03260040283203,0.2441382110118866,80.9992446899414,0.13033953309059143,recon_dom_01_10
912,,,,,,,,,,3.2454733848571777,0.16282474994659424,50.0,3.9082980155944824,0.7013352513313293,0.0,0.0,0.0,151.0509796142578,0.24434545636177063,165.3685760498047,0.13070820271968842,recon_dom_01_10
913,,,,,,,,,,1.962357997894287,3.336318016052246,1.4529197216033936,5.313205242156982,0.037480153143405914,0.0,0.0,0.0,0.39350438117980957,0.23032087087631226,1.6686254739761353,0.14669746160507202,recon_dom_01_10
914,,,,,,,,,,3.4878575801849365,0.13961026072502136,50.0,4.127467632293701,0.37122640013694763,0.0,0.0,0.0,62.87357711791992,0.2446710467338562,76.74365234375,0.13019296526908875,recon_dom_01_10
915,,,,,,,,,,1.7226769924163818,3.707651376724243,1.4348022937774658,5.444676399230957,0.03710104897618294,0.0,0.0,0.0,0.3756187856197357,0.23114633560180664,1.6720049381256104,0.14561186730861664,recon_dom_01_10
916,,,,,,,,,,3.0035922527313232,0.8230199813842773,7.328884124755859,3.8999011516571045,0.07970239967107773,0.0,0.0,0.0,3.386589527130127,0.23787912726402283,7.01304817199707,0.13470418751239777,recon_dom_01_10
917,,,,,,,,,,2.999192714691162,0.41265958547592163,26.569887161254883,3.67755126953125,0.16606053709983826,0.0,0.0,0.0,14.831244468688965,0.24295209348201752,21.741985321044922,0.13051530718803406,recon_dom_01_10
918,,,,,,,,,,3.372840404510498,0.16708466410636902,50.0,4.0399250984191895,0.30367183685302734,0.0,0.0,0.0,45.087554931640625,0.24427342414855957,55.953819274902344,0.13033048808574677,recon_dom_01_10
919,,,,,,,,,,2.368438959121704,0.8569810390472412,6.282551288604736,3.288245439529419,0.06406913697719574,0.0047532967291772366,0.0,0.0,3.0683743953704834,0.23540225625038147,5.702895164489746,0.14090648293495178,recon_dom_01_10
920,,,,0.0,0.0,0.0,100.0,50.0,50.0,2.827549457550049,1.5075494050979614,5.071134567260742,4.385810375213623,0.06834446638822556,0.0,0.0,0.0,2.050109386444092,0.2387256920337677,5.2836151123046875,0.13622531294822693,recon_dom_01_10
921,,,,,,,,,,2.580784320831299,0.5948750972747803,12.329919815063477,3.2989585399627686,0.08102478086948395,0.010769251734018326,0.0,0.0,6.595525741577148,0.23075129091739655,10.561495780944824,0.14678829908370972,recon_dom_01_10
922,,,,,,,,,,1.860048770904541,4.646049976348877,0.8059712648391724,6.514158248901367,0.024770889431238174,0.007045354228466749,0.0,0.0,0.131586953997612,0.23549909889698029,1.0114625692367554,0.14203354716300964,recon_dom_01_10
923,,,,,,,,,,10.0,100.0,50.0,110.5,0.8797215819358826,0.0,0.0,0.0,199.46653747558594,0.23861214518547058,217.35963439941406,0.1345573514699936,recon_dom_01_10
924,,,,,,,,,,2.9818339347839355,0.42406165599823,15.135346412658691,3.557249069213867,0.13033205270767212,0.0,0.0,0.0,7.959174156188965,0.24064338207244873,12.974342346191406,0.1327638328075409,recon_dom_01_10
925,,,,,,,,,,2.4719018936157227,2.600914716720581,1.9615988731384277,5.092432498931885,0.04437423124909401,0.0,0.0,0.0,0.5061999559402466,0.23226752877235413,2.3925204277038574,0.14040902256965637,recon_dom_01_10
926,,,,,,,,,,3.103198528289795,0.17009170353412628,50.0,3.7732901573181152,0.6891834735870361,0.0,0.0,0.0,138.96310424804688,0.2449040412902832,154.8157958984375,0.12987783551216125,recon_dom_01_10
927,,,,,,,,,,1.949657917022705,4.236938953399658,0.7659346461296082,6.19425630569458,0.026211882010102272,0.0,0.0,0.0,0.12125607579946518,0.21639952063560486,0.9518907070159912,0.16033856570720673,recon_dom_01_10
928,,,,,,,,,,2.2511849403381348,1.1725876331329346,5.586833953857422,3.4796409606933594,0.08268783241510391,0.00031621853122487664,0.0,0.0,2.5237996578216553,0.2337685227394104,5.223738670349121,0.14032608270645142,recon_dom_01_10
929,,,,,,,,,,2.5209898948669434,0.6147278547286987,11.133338928222656,3.247051239013672,0.11198034882545471,0.0,0.0,0.0,5.57249641418457,0.2329099476337433,9.927083015441895,0.14107754826545715,recon_dom_01_10
930,,,,0.0,0.0,0.0,100.0,50.0,100.0,2.58575439453125,1.0440852642059326,6.958928108215332,3.6994290351867676,0.09200788289308548,0.0,0.0,0.0,3.1827874183654785,0.23801743984222412,6.557504653930664,0.13546958565711975,recon_dom_01_10
931,,,,,,,,,,2.8661229610443115,0.26024329662323,39.488853454589844,3.521254777908325,0.182210773229599,0.0,0.0,0.0,23.34412956237793,0.240011528134346,30.392776489257812,0.13283111155033112,recon_dom_01_10
932,,,,,,,,,,2.647913694381714,0.4845307767391205,13.235577583312988,3.2648003101348877,0.11933976411819458,0.0,0.0,0.0,6.904718399047852,0.23940534889698029,11.393610954284668,0.13415303826332092,recon_dom_01_10
933,,,,,,,,,,2.339007616043091,1.41118323802948,5.042088985443115,3.800611734390259,0.08657762408256531,0.0,0.0,0.0,2.008239507675171,0.23657047748565674,5.127511978149414,0.1354813575744629,recon_dom_01_10
934,,,,,,,,,,3.0111587047576904,0.5622011423110962,15.577835083007812,3.729138135910034,0.13533075153827667,0.0,0.0,0.0,7.936175346374512,0.24198071658611298,13.855237007141113,0.13189411163330078,recon_dom_01_10
935,,,,,,,,,,2.455913782119751,1.935070514678955,3.1168808937072754,4.422152996063232,0.05882403999567032,0.0,0.0,0.0,1.1119033098220825,0.23030653595924377,3.3469107151031494,0.14371399581432343,recon_dom_01_10
936,,,,,,,,,,2.646632194519043,1.145080327987671,4.016332149505615,3.831875801086426,0.08036182820796967,0.0,0.0,0.0,1.4612549543380737,0.23701772093772888,4.232181072235107,0.13475757837295532,recon_dom_01_10
937,,,,,,,,,,2.041839122772217,1.8037019968032837,3.477050304412842,3.8803117275238037,0.06725858151912689,0.0,0.0,0.0,1.2910252809524536,0.23522236943244934,3.624490261077881,0.1396487057209015,recon_dom_01_10
938,,,,,,,,,,3.5027682781219482,0.2883126139640808,24.027063369750977,4.031351566314697,0.15457168221473694,0.0,0.0,0.0,13.286577224731445,0.2418232411146164,19.860376358032227,0.13256973028182983,recon_dom_01_10
939,,,,,,,,,,2.4482007026672363,1.842358946800232,2.7514138221740723,4.318073749542236,0.06247284263372421,0.0,0.0,0.0,0.8279026746749878,0.23676326870918274,3.1478428840637207,0.13549110293388367,recon_dom_01_10
940,,,,0.0,0.0,50.0,100.0,100.0,100.0,1.7617456912994385,3.5170211791992188,1.0447721481323242,5.289214611053467,0.033992037177085876,0.0,0.0,0.0,0.20845869183540344,0.2297203540802002,1.2574729919433594,0.14644746482372284,recon_dom_01_10
941,,,,,,,,,,3.3510236740112305,0.19222772121429443,50.0,4.0432515144348145,0.30286070704460144,0.0,0.0,0.0,43.98262023925781,0.24517115950584412,55.992149353027344,0.1296614706516266,recon_dom_01_10
942,,,,,,,,,,2.8576126098632812,0.27880576252937317,32.156494140625,3.4579832553863525,0.1701444685459137,0.0,0.0,0.0,18.623552322387695,0.2405940294265747,25.289722442626953,0.1329994797706604,recon_dom_01_10
943,,,,,,,,,,2.286764621734619,1.6589287519454956,2.4271721839904785,3.9699649810791016,0.04378991201519966,0.0,0.0,0.0,0.8868054747581482,0.22987839579582214,2.5671439170837402,0.14857399463653564,recon_dom_01_10
944,,,,,,,,,,2.8120877742767334,1.04527747631073,4.129884719848633,3.8986639976501465,0.06405822187662125,0.0,0.0,0.0,1.675916314125061,0.23501965403556824,4.192682266235352,0.1383415311574936,recon_dom_01_10
945,,,,,,,,,,3.2701334953308105,0.27903488278388977,42.68885803222656,3.9760570526123047,0.2188655436038971,0.0,0.0,0.0,24.470252990722656,0.24353447556495667,34.173675537109375,0.13086187839508057,recon_dom_01_10
946,,,,,,,,,,2.9730050563812256,0.5578781366348267,9.299510955810547,3.623878240585327,0.11510692536830902,0.0,0.0,0.0,4.440953731536865,0.23792335391044617,8.491536140441895,0.1346200406551361,recon_dom_01_10
947,,,,,,,,,,2.5059423446655273,2.2008018493652344,1.768193244934082,4.72442626953125,0.05053860694169998,0.0,0.0,0.0,0.45093896985054016,0.23363810777664185,2.0544753074645996,0.1395973563194275,recon_dom_01_10
948,,,,,,,,,,2.609314203262329,0.3383009135723114,19.3558349609375,3.1411733627319336,0.13785313069820404,0.0,0.0,0.0,10.694540023803711,0.2401905655860901,15.86929702758789,0.13363222777843475,recon_dom_01_10
949,,,,,,,,,,3.1768364906311035,0.22654280066490173,41.619869232177734,3.819577932357788,0.1986691653728485,0.0,0.0,0.0,24.64247703552246,0.24056178331375122,31.893287658691406,0.13343894481658936,recon_dom_01_10
950,,,,0.0,0.0,0.0,100.0,0.0,100.0,3.351555585861206,0.3655005991458893,15.126128196716309,3.8683173656463623,0.12775558233261108,0.0,0.0,0.0,7.701898097991943,0.24114838242530823,13.496339797973633,0.1316770613193512,recon_dom_01_10
951,,,,,,,,,,3.1306216716766357,0.2781437635421753,42.181846618652344,3.8305838108062744,0.1940830498933792,0.0,0.0,0.0,24.74164581298828,0.24301329255104065,32.86469650268555,0.1313040554523468,recon_dom_01_10
952,,,,,,,,,,3.215564250946045,0.4702374339103699,30.56210708618164,3.991422653198242,0.18572354316711426,0.0,0.0,0.0,16.852081298828125,0.24238549172878265,25.487977981567383,0.1317998468875885,recon_dom_01_10
953,,,,,,,,,,2.8878896236419678,0.7901687622070312,6.664218425750732,3.7447006702423096,0.08350930362939835,0.0,0.0,0.0,3.095431327819824,0.23842790722846985,6.227787494659424,0.13504129648208618,recon_dom_01_10
954,,,,,,,,,,3.133659839630127,0.3608282208442688,25.28826141357422,3.747370719909668,0.15249453485012054,0.0,0.0,0.0,14.126953125,0.24251636862754822,20.722864151000977,0.1315038502216339,recon_dom_01_10
955,,,,,,,,,,3.187246084213257,0.4243776798248291,22.487781524658203,3.8365015983581543,0.1424427032470703,0.0,0.0,0.0,12.252142906188965,0.23917749524116516,18.972164154052734,0.13424044847488403,recon_dom_01_10
956,,,,,,,,,,2.5265657901763916,0.22710514068603516,50.0,3.2536709308624268,0.30602139234542847,0.0,0.0,0.0,57.03175735473633,0.2390563189983368,67.49205780029297,0.13389992713928223,recon_dom_01_10
957,,,,,,,,,,2.393832206726074,0.7472339272499084,8.04641342163086,3.2215301990509033,0.0771794393658638,0.0,0.0,0.0,3.9097838401794434,0.21953758597373962,7.426246166229248,0.15655919909477234,recon_dom_01_10
958,,,,,,,,,,2.997832775115967,0.35911816358566284,50.0,3.8569509983062744,0.35570335388183594,0.0,0.0,0.0,58.52995300292969,0.24447807669639587,71.80518341064453,0.13034555315971375,recon_dom_01_10
959,,,,,,,,,,2.9347875118255615,0.8123652338981628,14.393899917602539,3.891091823577881,0.1179179698228836,0.0,0.0,0.0,7.470789432525635,0.24161288142204285,12.592029571533203,0.13344645500183105,recon_dom_01_10
960,,,,0.0,0.0,0.0,100.0,50.0,100.0,2.4672021865844727,1.7811921834945679,2.703439235687256,4.275428771972656,0.06969092786312103,0.0,0.0,0.0,0.8304678201675415,0.23231592774391174,2.9746127128601074,0.13979046046733856,recon_dom_01_10
961,,,,,,,,,,2.48258113861084,0.1900678277015686,50.0,3.1726489067077637,0.2848690450191498,0.0,0.0,0.0,55.410945892333984,0.2366495132446289,65.51407623291016,0.1407299041748047,recon_dom_01_10
962,,,,,,,,,,2.7084882259368896,0.8233819603919983,7.5636444091796875,3.607506513595581,0.09385928511619568,0.0,0.0,0.0,3.4876229763031006,0.2383650541305542,7.138997554779053,0.13389602303504944,recon_dom_01_10
964,,,,,,,,,,2.4151294231414795,1.6070088148117065,50.0,4.5221381187438965,1.8853073120117188,0.0,0.0,0.0,386.9216003417969,0.24422399699687958,413.1514892578125,0.12985633313655853,recon_dom_01_10
965,,,,,,,,,,2.42750883102417,0.22511298954486847,50.0,3.1526217460632324,0.44503912329673767,0.0,0.0,0.0,90.04438018798828,0.2383849322795868,102.15554809570312,0.13531669974327087,recon_dom_01_10
966,,,,,,,,,,2.8193864822387695,0.29524338245391846,50.0,3.6146297454833984,0.8589211702346802,0.0,0.0,0.0,174.4029083251953,0.2426798939704895,192.94358825683594,0.13172480463981628,recon_dom_01_10
967,,,,,,,,,,2.722538471221924,0.4825151860713959,14.623226165771484,3.351285934448242,0.12363211810588837,0.0,0.0,0.0,7.766512870788574,0.23905441164970398,12.402475357055664,0.13410767912864685,recon_dom_01_10
968,,,,,,,,,,2.651825428009033,0.3718565106391907,30.407297134399414,3.3277549743652344,0.18673017621040344,0.0,0.0,0.0,17.373411178588867,0.24155864119529724,24.12584114074707,0.13158205151557922,recon_dom_01_10
969,,,,,,,,,,2.2391490936279297,1.4375669956207275,4.766689300537109,3.7243828773498535,0.0914691835641861,0.0,0.0,0.0,1.8586841821670532,0.23987814784049988,4.826759338378906,0.1329164355993271,recon_dom_01_10
970,,,,0.0,0.0,0.0,100.0,100.0,100.0,2.525686502456665,2.725677251815796,3.2279462814331055,5.2836432456970215,0.057593539357185364,0.0,0.0,0.0,1.1113094091415405,0.230055034160614,3.583320140838623,0.14003711938858032,recon_dom_01_10
971,,,,,,,,,,1.8726806640625,0.6243818402290344,50.0,2.9970624446868896,0.7374369502067566,0.0,0.0,0.0,159.36595153808594,0.22338978946208954,175.51564025878906,0.15438230335712433,recon_dom_01_10
972,,,,,,,,,,3.147308349609375,0.42566752433776855,50.0,4.072976112365723,0.231954425573349,0.0,0.0,0.0,33.93119812011719,0.24466940760612488,44.484615325927734,0.13086937367916107,recon_dom_01_10
973,,,,,,,,,,2.6304550170898438,0.3092971742153168,50.0,3.4397521018981934,0.8388960361480713,0.0,0.0,0.0,168.16952514648438,0.2440275251865387,186.55775451660156,0.13031116127967834,recon_dom_01_10
974,,,,,,,,,,2.2673048973083496,1.3724063634872437,10.083052635192871,3.740541696548462,0.10461718589067459,0.0,0.0,0.0,4.886401653289795,0.2375858724117279,9.272624969482422,0.13493917882442474,recon_dom_01_10
975,,,,,,,,,,1.3751567602157593,6.555572986602783,0.9142241477966309,7.939871788024902,0.034739162772893906,9.57236552494578e-05,0.0,0.0,0.13374802470207214,0.22661226987838745,1.1390475034713745,0.1449958086013794,recon_dom_01_10
976,,,,,,,,,,2.4609591960906982,1.1069211959838867,7.370902061462402,3.641589403152466,0.10969444364309311,0.0,0.0,0.0,3.348846435546875,0.23831257224082947,6.872642517089844,0.13430805504322052,recon_dom_01_10
977,,,,,,,,,,3.0934722423553467,0.4508339762687683,42.64143753051758,3.9707205295562744,0.20095975697040558,0.0,0.0,0.0,24.79497528076172,0.24267521500587463,33.608455657958984,0.13169364631175995,recon_dom_01_10
978,,,,,,,,,,1.7092174291610718,3.645947217941284,2.072716474533081,5.37589168548584,0.06091764196753502,0.0,0.0,0.0,0.5998072624206543,0.23673579096794128,2.2619845867156982,0.13655255734920502,recon_dom_01_10
979,,,,,,,,,,2.356452465057373,0.2977201044559479,50.0,3.154172658920288,0.35032930970191956,0.0,0.0,0.0,63.317447662353516,0.2375669777393341,75.34614562988281,0.1361652910709381,recon_dom_01_10
980,,,,0.0,0.0,0.0,100.0,100.0,50.0,1.7463796138763428,3.70582914352417,1.3828966617584229,5.466037750244141,0.04522285610437393,0.0,0.0,0.0,0.2791251540184021,0.23025035858154297,1.6810557842254639,0.14104291796684265,recon_dom_01_10
981,,,,,,,,,,2.2502150535583496,1.6486265659332275,7.02941370010376,3.9691357612609863,0.08561430871486664,0.0,0.0,0.0,3.236321210861206,0.23847916722297668,6.655377388000488,0.13484054803848267,recon_dom_01_10
982,,,,,,,,,,1.2013554573059082,7.958254337310791,0.740796685218811,9.167017936706543,0.034279219806194305,0.0,0.0,0.0,0.08595994114875793,0.23180508613586426,0.8920067548751831,0.142567440867424,recon_dom_01_10
983,,,,,,,,,,1.6381490230560303,4.3793158531188965,1.2307674884796143,6.029772758483887,0.04629618301987648,0.0,0.0,0.0,0.23225070536136627,0.23435217142105103,1.4593770503997803,0.13912245631217957,recon_dom_01_10
984,,,,,,,,,,1.4321718215942383,7.02966833114624,0.7178648710250854,8.469018936157227,0.03031902387738228,4.116016498301178e-06,0.0,0.0,0.08935101330280304,0.2284785658121109,0.8790394067764282,0.14547091722488403,recon_dom_01_10
985,,,,,,,,,,2.012648344039917,3.2695329189300537,1.0834511518478394,5.293015956878662,0.03334096074104309,0.013410696759819984,0.0,0.0,0.22134770452976227,0.22740241885185242,1.2890617847442627,0.14716824889183044,recon_dom_01_10
986,,,,,,,,,,2.0663840770721436,2.0054357051849365,4.486944198608398,4.116689205169678,0.06216609850525856,2.923556894529611e-05,0.0,0.0,1.8878830671310425,0.2228403389453888,4.503155708312988,0.14339414238929749,recon_dom_01_10
987,,,,,,,,,,2.992997884750366,0.2107265591621399,50.0,3.7037243843078613,0.5999518632888794,0.0,0.0,0.0,118.85111236572266,0.2442440539598465,136.11289978027344,0.12999069690704346,recon_dom_01_10
988,,,,,,,,,,2.7441892623901367,0.8911251425743103,10.340566635131836,3.738720178604126,0.10691749304533005,0.0,0.0,0.0,4.875334739685059,0.23944774270057678,9.786876678466797,0.13261309266090393,recon_dom_01_10
989,,,,,,,,,,1.9378256797790527,2.220977783203125,3.575979709625244,4.194563388824463,0.050943952053785324,0.0,0.0,0.0,1.5037258863449097,0.2338489145040512,3.559701442718506,0.1429843008518219,recon_dom_01_10
990,,,,0.0,0.0,0.0,100.0,0.0,50.0,3.095038890838623,0.702400267124176,50.0,4.297439098358154,0.6662569642066956,0.0,0.0,0.0,124.83636474609375,0.24518141150474548,146.14456176757812,0.12940901517868042,recon_dom_01_10
991,,,,,,,,,,3.0073964595794678,0.4427785873413086,22.679452896118164,3.676969528198242,0.15855175256729126,0.0,0.0,0.0,12.454449653625488,0.24126437306404114,18.789880752563477,0.13177549839019775,recon_dom_01_10
992,,,,,,,,,,2.617215633392334,0.4296526610851288,32.0451774597168,3.3673200607299805,0.16297435760498047,0.0,0.0,0.0,18.607471466064453,0.24091587960720062,25.170927047729492,0.1327894926071167,recon_dom_01_10
993,,,,,,,,,,2.6865696907043457,0.6481115221977234,10.417819023132324,3.438859462738037,0.09691502153873444,0.0,0.0,0.0,5.283699989318848,0.2395896017551422,9.224386215209961,0.13391636312007904,recon_dom_01_10
994,,,,,,,,,,1.999140977859497,0.24924440681934357,50.0,2.748385429382324,0.8293976187705994,0.0,0.0,0.0,179.6226043701172,0.22615987062454224,196.73916625976562,0.153020441532135,recon_dom_01_10
995,,,,,,,,,,3.3075122833251953,0.4676054120063782,21.31390380859375,3.9882566928863525,0.17138516902923584,0.0,0.0,0.0,11.136210441589355,0.24058455228805542,18.56711769104004,0.13151629269123077,recon_dom_01_10
996,,,,,,,,,,2.9408411979675293,0.3805658221244812,45.677730560302734,3.778184413909912,0.19021722674369812,0.0,0.0,0.0,27.214990615844727,0.24238061904907227,34.94852066040039,0.13149547576904297,recon_dom_01_10
997,,,,,,,,,,2.438598394393921,0.19649280607700348,50.0,3.1350913047790527,0.38114914298057556,0.0,0.0,0.0,70.16002655029297,0.24043914675712585,81.13311767578125,0.13269855082035065,recon_dom_01_10
998,,,,,,,,,,2.5377402305603027,1.9543098211288452,4.601127624511719,4.538061141967773,0.09650450944900513,0.0,0.0,0.0,1.740718960762024,0.23196178674697876,4.681512832641602,0.13933679461479187,recon_dom_01_10
999,,,,,,,,,,1.6821825504302979,3.669010877609253,1.4332680702209473,5.36552619934082,0.04140303283929825,0.0,0.0,0.0,0.37394648790359497,0.2305404543876648,1.6295068264007568,0.1449899971485138,recon_dom_01_10
1000,,,,0.0,0.0,0.0,100.0,50.0,100.0,2.7456443309783936,0.3246925473213196,44.42829513549805,3.514619827270508,0.20144979655742645,0.0,0.0,0.0,26.599613189697266,0.2411787509918213,33.56808853149414,0.13272297382354736,recon_dom_01_10
1001,,,,,,,,,,3.014817237854004,0.3315410315990448,46.626251220703125,3.8126208782196045,0.22984427213668823,0.0,0.0,0.0,26.911846160888672,0.2438899576663971,37.055458068847656,0.13066107034683228,recon_dom_01_10
1002,,,,,,,,,,2.7505338191986084,0.9214206337928772,10.595924377441406,3.777913808822632,0.10309962183237076,0.0,0.0,0.0,5.230048179626465,0.23873043060302734,9.626060485839844,0.13474011421203613,recon_dom_01_10
1003,,,,,,,,,,3.062875270843506,0.2103935182094574,50.0,3.773268699645996,0.5107426643371582,0.0,0.0,0.0,96.0473403930664,0.24360661208629608,110.57144165039062,0.13062423467636108,recon_dom_01_10
1004,,,,,,,,,,2.0903639793395996,0.8710810542106628,13.745363235473633,3.0988986492156982,0.09952492266893387,5.834933108417317e-05,0.0,0.0,7.382528781890869,0.2351720631122589,11.65563678741455,0.13816678524017334,recon_dom_01_10
1005,,,,,,,,,,2.1689913272857666,1.5761734247207642,5.9352030754089355,3.8045167922973633,0.07101373374462128,0.0,0.0,0.0,2.662886381149292,0.23670053482055664,5.759949684143066,0.13603244721889496,recon_dom_01_10
1006,,,,,,,,,,2.2497048377990723,1.6485538482666016,6.627416610717773,3.9645328521728516,0.10553179681301117,0.0,0.0,0.0,2.978971242904663,0.23718762397766113,6.166927337646484,0.13604184985160828,recon_dom_01_10
1007,,,,,,,,,,2.0353004932403564,0.9605447053909302,7.463624000549316,3.070481538772583,0.08282314985990524,0.0,0.0,0.0,3.67747163772583,0.2369689643383026,6.668776512145996,0.13951611518859863,recon_dom_01_10
1008,,,,,,,,,,2.2449827194213867,0.37588199973106384,28.990936279296875,2.910773992538452,0.13536526262760162,0.0,0.0,0.0,16.965497970581055,0.23778793215751648,22.62177085876465,0.13950437307357788,recon_dom_01_10
1009,,,,,,,,,,2.3597323894500732,1.6590514183044434,4.1139302253723145,4.05992317199707,0.08043742179870605,0.0,0.0,0.0,1.5377520322799683,0.23271510004997253,4.273892402648926,0.13773342967033386,recon_dom_01_10
1010,,,,0.0,0.0,0.0,100.0,0.0,50.0,2.571174144744873,0.7403682470321655,13.260880470275879,3.4441511631011963,0.11163563281297684,0.0,0.0,0.0,6.9394025802612305,0.23784029483795166,11.451766967773438,0.13632500171661377,recon_dom_01_10
1011,,,,,,,,,,2.198211193084717,0.4692239761352539,18.366680145263672,2.851101875305176,0.10354210436344147,0.0,0.0,0.0,10.448081970214844,0.2233511209487915,14.726064682006836,0.15519988536834717,recon_dom_01_10
1012,,,,,,,,,,2.235269546508789,0.8545047044754028,14.40527057647705,3.2338268756866455,0.11124341189861298,0.0,0.0,0.0,7.736972808837891,0.2338460236787796,12.149651527404785,0.1387004405260086,recon_dom_01_10
1013,,,,,,,,,,2.5157365798950195,2.184767246246338,4.209028244018555,4.742594242095947,0.05671222507953644,0.0,0.0,0.0,1.6317689418792725,0.23502624034881592,4.512207508087158,0.14091503620147705,recon_dom_01_10
1014,,,,,,,,,,2.982480764389038,0.766643226146698,14.379056930541992,3.8929145336151123,0.12016351521015167,0.0,0.0,0.0,7.360490322113037,0.24121831357479095,12.760676383972168,0.13289625942707062,recon_dom_01_10
1015,,,,,,,,,,1.882127046585083,3.61185359954834,1.2307915687561035,5.506288528442383,0.054505493491888046,0.0003398440021555871,0.0,0.0,0.23467902839183807,0.22190821170806885,1.3731831312179565,0.14462745189666748,recon_dom_01_10
1016,,,,,,,,,,3.106579303741455,0.4961094856262207,15.32507610321045,3.755939483642578,0.12360772490501404,0.0,0.0,0.0,7.910436630249023,0.23931244015693665,13.518797874450684,0.13270819187164307,recon_dom_01_10
1017,,,,,,,,,,2.8131470680236816,0.8675113320350647,6.883206367492676,3.74949049949646,0.08530860394239426,0.0,0.0,0.0,3.2094297409057617,0.23328609764575958,6.4202046394348145,0.13803045451641083,recon_dom_01_10
1018,,,,,,,,,,1.7849825620651245,4.332181453704834,1.1112254858016968,6.128276348114014,0.04391225427389145,0.0,0.0,0.0,0.22259876132011414,0.22926539182662964,1.263124942779541,0.14576493203639984,recon_dom_01_10
1019,,,,,,,,,,3.2546963691711426,0.3078933656215668,22.003135681152344,3.782621145248413,0.14008848369121552,0.0,0.0,0.0,12.085546493530273,0.24038374423980713,18.359643936157227,0.13285773992538452,recon_dom_01_10
1020,,,,0.0,0.0,0.0,100.0,100.0,100.0,2.7080793380737305,1.2493247985839844,3.6762964725494385,3.9941670894622803,0.04653620347380638,0.0,0.0,0.0,1.5827395915985107,0.21830615401268005,3.646257162094116,0.15916261076927185,recon_dom_01_10
1021,,,,,,,,,,1.8817510604858398,3.172044038772583,1.5314817428588867,5.069109916687012,0.06735550612211227,0.0,0.0,0.0,0.3528293967247009,0.22054561972618103,1.6083579063415527,0.15641367435455322,recon_dom_01_10
1022,,,,,,,,,,3.1747231483459473,0.17297716438770294,50.0,3.847700357437134,0.5221872329711914,0.0,0.0,0.0,94.59284210205078,0.24490556120872498,111.0382080078125,0.1296224594116211,recon_dom_01_10
1023,,,,,,,,,,2.948397397994995,0.18022342026233673,50.0,3.6286208629608154,0.4235624074935913,0.0,0.0,0.0,77.64308166503906,0.2371821105480194,90.46658325195312,0.13528548181056976,recon_dom_01_10
1024,,,,,,,,,,3.132918357849121,0.3849673271179199,27.122297286987305,3.7891087532043457,0.17189139127731323,0.0,0.0,0.0,14.807514190673828,0.24128946661949158,22.835966110229492,0.13213151693344116,recon_dom_01_10
1025,,,,,,,,,,2.551311731338501,1.9669206142425537,2.69537615776062,4.5451860427856445,0.05732689052820206,0.0,0.0,0.0,0.9134719967842102,0.22815552353858948,2.9162163734436035,0.14345955848693848,recon_dom_01_10
1026,,,,,,,,,,2.4989230632781982,2.3523366451263428,2.092690944671631,4.872186660766602,0.05224557965993881,0.0,0.0,0.0,0.6450409889221191,0.2283843755722046,2.297905206680298,0.14631210267543793,recon_dom_01_10
1027,,,,,,,,,,2.578463077545166,0.19809867441654205,50.0,3.276561737060547,0.3401675820350647,0.0,0.0,0.0,61.74636459350586,0.2395743429660797,72.05089569091797,0.13350626826286316,recon_dom_01_10
1028,,,,,,,,,,2.1010425090789795,3.0777900218963623,1.3461558818817139,5.192294120788574,0.0328805036842823,0.0,0.0,0.0,0.3371485769748688,0.22239956259727478,1.6135309934616089,0.1559942066669464,recon_dom_01_10
1029,,,,,,,,,,2.6817243099212646,0.9709728956222534,9.463115692138672,3.747328281402588,0.10125777125358582,0.0,0.0,0.0,4.566801071166992,0.2374553382396698,8.705448150634766,0.13556529581546783,recon_dom_01_10
1030,,,,0.0,0.0,0.0,100.0,0.0,50.0,2.509957790374756,0.60188889503479,8.87402629852295,3.200587034225464,0.11313250660896301,0.0,0.0,0.0,4.339759349822998,0.23813092708587646,7.862552642822266,0.1351427137851715,recon_dom_01_10
1031,,,,,,,,,,3.4731929302215576,0.25493428111076355,47.27755355834961,4.200902938842773,0.20488658547401428,0.0,0.0,0.0,27.92021369934082,0.24134323000907898,36.591026306152344,0.13257960975170135,recon_dom_01_10
1032,,,,,,,,,,3.0154731273651123,0.15870864689350128,50.0,3.6741816997528076,0.3582471013069153,0.0,0.0,0.0,60.82462692260742,0.24359187483787537,71.45185089111328,0.13038034737110138,recon_dom_01_10
1033,,,,,,,,,,2.408501148223877,1.255785346031189,3.2348580360412598,3.6966350078582764,0.07137556374073029,0.0,0.0,0.0,1.1985887289047241,0.23147228360176086,3.283905267715454,0.1429155468940735,recon_dom_01_10
1034,,,,,,,,,,2.5460095405578613,0.5387954711914062,9.483901977539062,3.1796441078186035,0.07146839797496796,0.0,0.0,0.0,4.864748954772949,0.233212411403656,8.44835376739502,0.14311860501766205,recon_dom_01_10
1035,,,,,,,,,,2.821739912033081,0.30158182978630066,50.0,3.623321771621704,1.4432588815689087,0.0,0.0,0.0,319.8199768066406,0.24594338238239288,346.40618896484375,0.12902387976646423,recon_dom_01_10
1036,,,,,,,,,,2.6846911907196045,0.2893220782279968,36.20954132080078,3.336108684539795,0.1753072291612625,0.0,0.0,0.0,21.23768424987793,0.24011436104774475,28.115692138671875,0.1346190869808197,recon_dom_01_10
1037,,,,,,,,,,2.3495869636535645,0.8656806349754333,7.480618000030518,3.290073871612549,0.08305217325687408,0.0,0.0,0.0,3.6754493713378906,0.23789404332637787,6.704923629760742,0.13656479120254517,recon_dom_01_10
1038,,,,,,,,,,2.5402238368988037,0.17048585414886475,50.0,3.210709571838379,0.4416426420211792,0.0,0.0,0.0,84.67768096923828,0.23858076333999634,95.36353302001953,0.1344771385192871,recon_dom_01_10
1039,,,,,,,,,,2.3136723041534424,1.6820566654205322,2.8300344944000244,4.02402925491333,0.045040979981422424,0.0,0.0,0.0,1.0605146884918213,0.22652515769004822,3.0134077072143555,0.14958715438842773,recon_dom_01_10
1040,,,,0.0,0.0,0.0,100.0,50.0,50.0,2.4685163497924805,1.4599348306655884,3.935030460357666,3.967801570892334,0.06257171928882599,0.0,0.0,0.0,1.6218743324279785,0.226974219083786,3.9257972240448,0.14701557159423828,recon_dom_01_10
1041,,,,,,,,,,2.7336301803588867,1.2939480543136597,4.477992057800293,4.072358131408691,0.06512801349163055,0.0,0.0,0.0,1.8824862241744995,0.23265039920806885,4.46450662612915,0.14347419142723083,recon_dom_01_10
1042,,,,,,,,,,2.367546796798706,0.3953699767589569,24.839811325073242,3.011314868927002,0.14259378612041473,0.0,0.0,0.0,14.323174476623535,0.24025455117225647,19.53232192993164,0.13480782508850098,recon_dom_01_10
1043,,,,,,,,,,2.5271191596984863,1.5896128416061401,2.239964008331299,4.139131546020508,0.06488261371850967,0.0,0.0,0.0,0.6160659790039062,0.2347663938999176,2.52462100982666,0.13697808980941772,recon_dom_01_10
1044,,,,,,,,,,2.7387828826904297,0.6770209670066833,8.354887008666992,3.4993526935577393,0.0996098667383194,0.0,0.0,0.0,3.972567558288574,0.23692385852336884,7.694062232971191,0.13546887040138245,recon_dom_01_10
1045,,,,,,,,,,2.8358712196350098,0.335993230342865,15.327622413635254,3.3251407146453857,0.09255466610193253,0.0,0.0,0.0,8.352790832519531,0.2347390055656433,12.948970794677734,0.14099067449569702,recon_dom_01_10
1046,,,,,,,,,,2.7546310424804688,0.5471029877662659,13.245505332946777,3.4341890811920166,0.11403568089008331,0.0,0.0,0.0,6.855400085449219,0.2392810881137848,11.565200805664062,0.1339823305606842,recon_dom_01_10
1047,,,,,,,,,,2.480915069580078,1.0007071495056152,4.522058486938477,3.5268428325653076,0.06037021428346634,0.0,0.0,0.0,2.02215576171875,0.21784740686416626,4.320817947387695,0.15857833623886108,recon_dom_01_10
1048,,,,,,,,,,2.7891769409179688,1.088363528251648,3.7472424507141113,3.915012836456299,0.06659328937530518,0.0,0.0,0.0,1.346864938735962,0.2356131672859192,4.060459136962891,0.13620370626449585,recon_dom_01_10
1049,,,,,,,,,,2.8966386318206787,1.0591500997543335,4.791378974914551,4.003702640533447,0.07489124685525894,0.0,0.0,0.0,2.025893211364746,0.23540282249450684,4.707529544830322,0.13724064826965332,recon_dom_01_10
1050,,,,0.5,50.0,50.0,100.0,100.0,100.0,2.2705183029174805,0.9917958378791809,2.967170238494873,3.2919857501983643,0.04653598368167877,0.0,0.0,0.0,1.2052148580551147,0.23555296659469604,2.983243703842163,0.1409839689731598,recon_dom_01_10
1051,,,,,,,,,,1.5072951316833496,5.680656909942627,0.8081372976303101,7.196033477783203,0.04706648364663124,0.0,0.0,0.0,0.09203366935253143,0.23152786493301392,0.8866686820983887,0.14284078776836395,recon_dom_01_10
1052,,,,,,,,,,2.734914541244507,0.7655492424964905,8.361427307128906,3.584078073501587,0.09440498799085617,0.0,0.0,0.0,3.9562535285949707,0.2365892380475998,7.791858196258545,0.13560982048511505,recon_dom_01_10
1053,,,,,,,,,,3.147733211517334,0.33094507455825806,23.548812866210938,3.7141664028167725,0.14655348658561707,0.0,0.0,0.0,13.129949569702148,0.24123385548591614,19.297286987304688,0.13332214951515198,recon_dom_01_10
1054,,,,,,,,,,1.9747567176818848,1.3185561895370483,1.8675317764282227,3.311988115310669,0.052248481661081314,0.0,0.0,0.0,0.6096371412277222,0.2319626361131668,1.918190598487854,0.1436074674129486,recon_dom_01_10
1055,,,,,,,,,,10.0,100.0,13.63538932800293,110.1363525390625,0.10026323050260544,0.0,0.0,0.0,7.14709997177124,0.23936651647090912,11.899199485778809,0.13436606526374817,recon_dom_01_10
1056,,,,,,,,,,3.0152957439422607,0.4233558475971222,9.916122436523438,3.5378127098083496,0.09879521280527115,0.0,0.0,0.0,4.983458518981934,0.238514244556427,8.80266284942627,0.1350390613079071,recon_dom_01_10
1057,,,,,,,,,,3.2778453826904297,0.17275135219097137,33.77119827270508,3.788308620452881,0.1762394905090332,0.0,0.0,0.0,19.69597625732422,0.23817826807498932,26.313491821289062,0.13458970189094543,recon_dom_01_10
1058,,,,,,,,,,2.541490316390991,1.829553246498108,1.6888046264648438,4.387931823730469,0.05219200626015663,0.0,0.0,0.0,0.4109273850917816,0.22147199511528015,1.960173487663269,0.14683353900909424,recon_dom_01_10
1059,,,,,,,,,,2.800691604614258,0.14800779521465302,50.0,3.448699474334717,0.3859134614467621,0.0,0.0,0.0,71.51251220703125,0.2393101304769516,83.47754669189453,0.13367505371570587,recon_dom_01_10
1060,,,,0.0,0.0,0.0,100.0,50.0,100.0,2.752345085144043,0.5691790580749512,6.349487781524658,3.385019063949585,0.0609237477183342,0.0,0.0,0.0,3.0341343879699707,0.2352188527584076,5.946331024169922,0.14047157764434814,recon_dom_01_10
1061,,,,,,,,,,2.7712135314941406,0.5148154497146606,9.520973205566406,3.3812386989593506,0.07465145736932755,0.011150773614645004,0.0,0.0,4.909106254577637,0.2307942807674408,8.379510879516602,0.14623478055000305,recon_dom_01_10
1062,,,,,,,,,,3.1161649227142334,0.15882448852062225,50.0,3.774989366531372,0.20908671617507935,0.0,0.0,0.0,32.27928924560547,0.23468542098999023,40.014320373535156,0.13847912847995758,recon_dom_01_10
1063,,,,,,,,,,3.2083382606506348,0.37599217891693115,12.552857398986816,3.7098588943481445,0.13481661677360535,0.0,0.0,0.0,6.120417594909668,0.2399686872959137,11.442046165466309,0.13337185978889465,recon_dom_01_10
1064,,,,,,,,,,10.0,100.0,50.0,110.5,0.3447583019733429,0.0,0.0,0.0,54.58623504638672,0.24362146854400635,67.60494995117188,0.13073939085006714,recon_dom_01_10
1065,,,,,,,,,,2.5480868816375732,0.7313470244407654,7.408368110656738,3.353517532348633,0.08915559202432632,0.0,0.0,0.0,3.6428639888763428,0.239023357629776,6.564502716064453,0.13572806119918823,recon_dom_01_10
1066,,,,,,,,,,2.160224437713623,2.44587779045105,1.5027451515197754,4.621129512786865,0.038324445486068726,5.892018180020386e-06,0.0,0.0,0.3957884907722473,0.23250702023506165,1.7558032274246216,0.14176174998283386,recon_dom_01_10
1067,,,,,,,,,,2.854067802429199,0.3726649582386017,12.54636001586914,3.352196455001831,0.0931624323129654,0.0,0.0,0.0,6.714443683624268,0.2395726591348648,10.65735149383545,0.13471373915672302,recon_dom_01_10
1068,,,,,,,,,,3.4602885246276855,0.1455385982990265,50.0,4.105827331542969,0.25216391682624817,0.0,0.0,0.0,41.4506721496582,0.24135024845600128,50.926570892333984,0.13207799196243286,recon_dom_01_10
1069,,,,,,,,,,2.4368553161621094,0.4822767674922943,12.437646865844727,3.043508529663086,0.09687270224094391,0.0,0.0,0.0,6.664520740509033,0.23638296127319336,10.5026273727417,0.1381092518568039,recon_dom_01_10
1070,,,,0.0,0.0,0.0,100.0,100.0,100.0,2.35786509513855,1.8911511898040771,2.2336275577545166,4.271352767944336,0.06571768969297409,0.0,0.0,0.0,0.6299107670783997,0.2334810197353363,2.4757790565490723,0.1389065682888031,recon_dom_01_10
1071,,,,,,,,,,2.4875574111938477,0.30200719833374023,33.360740661621094,3.1231720447540283,0.18131591379642487,0.0,0.0,0.0,19.365079879760742,0.232392817735672,26.103439331054688,0.14122889935970306,recon_dom_01_10
1072,,,,,,,,,,1.7206876277923584,4.252932548522949,1.1540188789367676,5.9851603507995605,0.05172149837017059,0.0,0.0,0.0,0.19228127598762512,0.23262295126914978,1.331606149673462,0.14064660668373108,recon_dom_01_10
1073,,,,,,,,,,1.7509154081344604,2.2138726711273193,2.8933238983154297,3.9937212467193604,0.05667721852660179,0.0,0.0,0.0,1.0476537942886353,0.23525115847587585,3.049549102783203,0.13984185457229614,recon_dom_01_10
1074,,,,,,,,,,2.938356399536133,0.3490108847618103,12.728382110595703,3.4146511554718018,0.12804391980171204,0.0,0.0,0.0,6.620577812194824,0.23698392510414124,10.860580444335938,0.13597306609153748,recon_dom_01_10
1075,,,,,,,,,,3.0529086589813232,0.23045209050178528,50.0,3.783360719680786,0.25627270340919495,0.0,0.0,0.0,31.297374725341797,0.24420469999313354,41.43266296386719,0.130516916513443,recon_dom_01_10
1076,,,,,,,,,,2.1997461318969727,3.166139602661133,1.3922438621520996,5.379807949066162,0.043990518897771835,0.0,0.0,0.0,0.28247445821762085,0.23350325226783752,1.7050139904022217,0.1395948827266693,recon_dom_01_10
1077,,,,,,,,,,3.174588680267334,0.5184538960456848,20.52593231201172,3.898301839828491,0.13467025756835938,0.0,0.0,0.0,11.012929916381836,0.24205046892166138,17.604354858398438,0.13267818093299866,recon_dom_01_10
1078,,,,,,,,,,1.3399114608764648,4.502836227416992,1.031653881072998,5.853064060211182,0.03268357366323471,0.0,0.0,0.0,0.2632707953453064,0.21795260906219482,1.1346025466918945,0.1586863398551941,recon_dom_01_10
1079,,,,,,,,,,1.3150596618652344,9.248822212219238,0.4640238285064697,10.568522453308105,0.016855698078870773,0.010515189729630947,0.0,0.0,0.06750497221946716,0.21790045499801636,0.5271562337875366,0.16357004642486572,recon_dom_01_10
1080,,,,0.0,0.0,0.0,100.0,50.0,0.0,2.172673463821411,1.1888772249221802,6.392289161682129,3.425473690032959,0.06464392691850662,0.0,0.0,0.0,3.047234296798706,0.23644942045211792,5.968864917755127,0.13757556676864624,recon_dom_01_10
1081,,,,,,,,,,2.7799489498138428,1.5535893440246582,4.823423385620117,4.381772518157959,0.07158578187227249,0.0,0.0,0.0,1.928943395614624,0.23586803674697876,4.998507976531982,0.1370973438024521,recon_dom_01_10
1082,,,,,,,,,,2.3081846237182617,1.002637505531311,6.447646617889404,3.375298500061035,0.07487984001636505,0.0,0.0,0.0,3.0518007278442383,0.23471367359161377,5.96778678894043,0.14081844687461853,recon_dom_01_10
1083,,,,,,,,,,2.045583963394165,2.1066293716430664,3.0370779037475586,4.182584285736084,0.0765119418501854,0.0,0.0,0.0,0.9724770784378052,0.23426353931427002,3.2894673347473145,0.13881143927574158,recon_dom_01_10
1084,,,,,,,,,,2.4434542655944824,0.29321226477622986,50.0,3.236666440963745,0.8912269473075867,0.0,0.0,0.0,192.0710906982422,0.23940962553024292,205.3603515625,0.13442504405975342,recon_dom_01_10
1085,,,,,,,,,,3.304835081100464,0.16812953352928162,50.0,3.9729645252227783,0.29152441024780273,0.0,0.0,0.0,43.12232971191406,0.23856183886528015,53.867897033691406,0.13268043100833893,recon_dom_01_10
1086,,,,,,,,,,2.4108664989471436,1.4786819219589233,50.0,4.389548301696777,0.6512467861175537,0.0,0.0,0.0,129.22677612304688,0.23989158868789673,142.92245483398438,0.1341250240802765,recon_dom_01_10
1087,,,,,,,,,,3.0095396041870117,0.8225768804550171,7.267836570739746,3.904794931411743,0.08135880529880524,0.0,0.0,0.0,3.3774356842041016,0.23653721809387207,6.892547130584717,0.13679227232933044,recon_dom_01_10
1088,,,,,,,,,,2.6090846061706543,0.36848852038383484,28.763702392578125,3.2652101516723633,0.1319577395915985,0.0,0.0,0.0,16.752758026123047,0.23507292568683624,22.627513885498047,0.13890618085861206,recon_dom_01_10
1089,,,,,,,,,,2.8998801708221436,0.5588629841804504,14.002355575561523,3.598766803741455,0.11818642914295197,0.0,0.0,0.0,7.181541442871094,0.23907175660133362,12.38536262512207,0.13293388485908508,recon_dom_01_10
1090,,,,0.0,0.0,0.0,100.0,100.0,100.0,2.481501817703247,1.4342823028564453,3.0112075805664062,3.9458961486816406,0.06167129799723625,0.0,0.0,0.0,1.0600507259368896,0.2343674600124359,3.21099591255188,0.1386558711528778,recon_dom_01_10
1091,,,,,,,,,,2.752610206604004,0.8680561184883118,6.816158294677734,3.6888279914855957,0.07363986223936081,0.0,0.0,0.0,3.199490785598755,0.2346975952386856,6.422438144683838,0.13778604567050934,recon_dom_01_10
1092,,,,,,,,,,2.697021007537842,0.9061426520347595,7.172367095947266,3.6748874187469482,0.10971692204475403,0.0,0.0,0.0,3.0952703952789307,0.23900532722473145,6.982684135437012,0.13269644975662231,recon_dom_01_10
1093,,,,,,,,,,1.8716157674789429,3.713315963745117,1.1517926454544067,5.596449851989746,0.03543432056903839,0.0,0.0,0.0,0.21978729963302612,0.2244245409965515,1.4348697662353516,0.1495634913444519,recon_dom_01_10
1094,,,,,,,,,,2.3933582305908203,0.48162034153938293,18.58306312561035,3.0608091354370117,0.1340712606906891,0.0,0.0,0.0,10.104154586791992,0.23435145616531372,15.542269706726074,0.1398344784975052,recon_dom_01_10
1095,,,,,,,,,,2.7575340270996094,0.1516873687505722,50.0,3.4092214107513428,0.23396630585193634,0.0,0.0,0.0,33.2462272644043,0.2398635447025299,41.90829849243164,0.13303151726722717,recon_dom_01_10
1096,,,,,,,,,,3.071103811264038,0.2462346851825714,31.9094295501709,3.6364328861236572,0.17887024581432343,0.0,0.0,0.0,18.48111343383789,0.2400539219379425,24.9932804107666,0.13319970667362213,recon_dom_01_10
1097,,,,,,,,,,2.6137218475341797,1.3414028882980347,2.735417604446411,3.9824788570404053,0.07071007043123245,0.0,0.0,0.0,0.8843165040016174,0.23080018162727356,2.9211740493774414,0.1388390064239502,recon_dom_01_10
1098,,,,,,,,,,10.0,100.0,50.0,110.5,0.868343710899353,0.013513513840734959,0.0,0.0,198.30551147460938,0.23880550265312195,214.38162231445312,0.1343112587928772,recon_dom_01_10
1099,,,,,,,,,,3.2261531352996826,0.1499825268983841,50.0,3.8761355876922607,0.7133182883262634,0.0,0.0,0.0,148.05661010742188,0.24513334035873413,167.2528533935547,0.12997446954250336,recon_dom_01_10
1100,,,,0.0,0.0,0.0,100.0,50.0,0.0,2.5366950035095215,0.694266676902771,13.743523597717285,3.3683969974517822,0.09165816009044647,0.0,0.0,0.0,7.337880611419678,0.2375379204750061,11.819710731506348,0.1374223530292511,recon_dom_01_10
1101,,,,,,,,,,2.6586151123046875,0.6933886408805847,6.853109836578369,3.42053484916687,0.08829866349697113,0.0,0.0,0.0,3.168872117996216,0.23559144139289856,6.411005020141602,0.1368297040462494,recon_dom_01_10
1102,,,,,,,,,,3.289177894592285,0.2062160074710846,39.0439338684082,3.885833263397217,0.21555331349372864,0.0,0.0,0.0,22.156421661376953,0.24251660704612732,31.544879913330078,0.13051378726959229,recon_dom_01_10
1103,,,,,,,,,,1.8042027950286865,3.9523773193359375,1.5804353952407837,5.7723846435546875,0.044822074472904205,0.0,0.0,0.0,0.3623916506767273,0.22916248440742493,1.9134126901626587,0.14310793578624725,recon_dom_01_10
1104,,,,,,,,,,1.6415212154388428,5.579926013946533,0.7866544127464294,7.229313850402832,0.028290893882513046,0.0,0.0,0.0,0.1273433417081833,0.23149888217449188,0.9605745077133179,0.1441943347454071,recon_dom_01_10
1105,,,,,,,,,,2.1373002529144287,2.7004947662353516,1.3624415397644043,4.851419448852539,0.04658457636833191,0.0,0.0,0.0,0.2717597484588623,0.23018404841423035,1.6414494514465332,0.14015839993953705,recon_dom_01_10
1106,,,,,,,,,,3.218604803085327,0.20977641642093658,36.375919342041016,3.792140483856201,0.19352854788303375,0.0,0.0,0.0,20.91063690185547,0.2416495531797409,28.920578002929688,0.1318587064743042,recon_dom_01_10
1107,,,,,,,,,,10.0,100.0,50.0,110.5,0.3470020890235901,0.0,0.0,0.0,64.62671661376953,0.24057716131210327,76.584716796875,0.13319151103496552,recon_dom_01_10
1108,,,,,,,,,,2.2774877548217773,0.5675758123397827,12.137831687927246,2.9664418697357178,0.08781632781028748,0.0,0.0,0.0,6.489099502563477,0.2364097535610199,10.344036102294922,0.13991540670394897,recon_dom_01_10
1109,,,,,,,,,,3.2636191844940186,0.18223580718040466,43.777286529541016,3.8836278915405273,0.21718254685401917,0.0,0.0,0.0,25.504138946533203,0.24268615245819092,34.299713134765625,0.1310766041278839,recon_dom_01_10
1110,,,,0.0,50.0,50.0,100.0,50.0,100.0,1.2898558378219604,6.918797016143799,0.6020233631134033,8.214673042297363,0.024067170917987823,0.0,0.0,0.0,0.07895003259181976,0.21639886498451233,0.7298213243484497,0.16186949610710144,recon_dom_01_10
1111,,,,,,,,,,2.886662006378174,0.30885863304138184,31.152746200561523,3.5070481300354004,0.1693238765001297,0.0,0.0,0.0,17.935226440429688,0.23937630653381348,24.66718864440918,0.1336917281150818,recon_dom_01_10
1112,,,,,,,,,,3.1581077575683594,0.25336793065071106,44.33386993408203,3.854814291000366,0.21568091213703156,0.0,0.0,0.0,25.715120315551758,0.24201659858226776,35.00597381591797,0.13155566155910492,recon_dom_01_10
1113,,,,,,,,,,3.414393424987793,0.22906456887722015,50.0,4.143457889556885,0.2162826657295227,0.0,0.0,0.0,30.502635955810547,0.2430480718612671,40.576900482177734,0.13196304440498352,recon_dom_01_10
1114,,,,,,,,,,2.1890079975128174,1.5326052904129028,4.721644401550293,3.768829822540283,0.05738962069153786,0.0,0.0,0.0,2.0899338722229004,0.23561105132102966,4.614440441131592,0.13981321454048157,recon_dom_01_10
1115,,,,,,,,,,3.072688102722168,0.15488293766975403,50.0,3.7275710105895996,0.2656780481338501,0.0,0.0,0.0,35.521148681640625,0.24175751209259033,45.0628662109375,0.13103407621383667,recon_dom_01_10
1116,,,,,,,,,,2.481978178024292,0.7608937621116638,12.580120086669922,3.368673086166382,0.09501977264881134,0.0,0.0,0.0,6.723586559295654,0.23628030717372894,10.68818187713623,0.13715100288391113,recon_dom_01_10
1117,,,,,,,,,,1.9902846813201904,1.7855216264724731,50.0,4.275806427001953,1.466707706451416,0.0,0.0,0.0,333.88836669921875,0.23738422989845276,354.31488037109375,0.13746780157089233,recon_dom_01_10
1118,,,,,,,,,,2.3739287853240967,2.669426441192627,3.1961283683776855,5.075316429138184,0.06982161104679108,0.0,0.0,0.0,1.106199026107788,0.2309349924325943,3.4075145721435547,0.13970354199409485,recon_dom_01_10
1119,,,,,,,,,,2.0626368522644043,1.9814549684524536,5.552317142486572,4.099615097045898,0.05188540369272232,0.0,0.0,0.0,2.660445213317871,0.23465979099273682,5.189319133758545,0.14319591224193573,recon_dom_01_10
1120,,,,0.0,0.0,0.0,100.0,0.0,100.0,2.750291347503662,0.5838731527328491,13.499870300292969,3.469163179397583,0.1110747754573822,0.0,0.0,0.0,6.956155300140381,0.23799581825733185,11.902331352233887,0.13375520706176758,recon_dom_01_10
1121,,,,,,,,,,2.8140721321105957,0.3145641088485718,50.0,3.628636360168457,0.7916836142539978,0.0,0.0,0.0,167.75607299804688,0.243465393781662,185.48939514160156,0.1308809518814087,recon_dom_01_10
1122,,,,,,,,,,2.930907726287842,0.9420601725578308,11.653162956237793,3.989499568939209,0.11503544449806213,0.0,0.0,0.0,5.476428985595703,0.2397458255290985,11.128641128540039,0.13262033462524414,recon_dom_01_10
1123,,,,,,,,,,2.9060254096984863,0.523186981678009,18.29293441772461,3.6121418476104736,0.13573873043060303,0.0,0.0,0.0,9.714662551879883,0.23962587118148804,15.724523544311523,0.13354206085205078,recon_dom_01_10
1124,,,,,,,,,,2.7020890712738037,0.3878164291381836,27.067794799804688,3.360583543777466,0.17271967232227325,0.0,0.0,0.0,15.337174415588379,0.23721233010292053,21.659610748291016,0.13496074080467224,recon_dom_01_10
1125,,,,,,,,,,2.356658935546875,1.3174577951431274,6.29538631439209,3.7370705604553223,0.06706367433071136,0.0,0.0,0.0,3.013462781906128,0.23601406812667847,5.818399906158447,0.13804098963737488,recon_dom_01_10
1126,,,,,,,,,,2.3299217224121094,0.4921244978904724,20.475698471069336,3.0268032550811768,0.13024815917015076,0.0,0.0,0.0,11.245565414428711,0.23901152610778809,17.083026885986328,0.13478876650333405,recon_dom_01_10
1127,,,,,,,,,,2.894157886505127,0.154830664396286,50.0,3.5489885807037354,1.026738166809082,0.0,0.0,0.0,214.310791015625,0.24569827318191528,238.81361389160156,0.12921589612960815,recon_dom_01_10
1128,,,,,,,,,,1.9982023239135742,0.8995757102966309,6.243956565856934,2.9602177143096924,0.059078145772218704,0.0,0.0,0.0,3.092332363128662,0.22393754124641418,5.636676788330078,0.15501558780670166,recon_dom_01_10
1129,,,,,,,,,,3.3736865520477295,0.2631675899028778,36.95635986328125,4.006417751312256,0.17961527407169342,0.0,0.0,0.0,21.147136688232422,0.24281474947929382,29.74737548828125,0.13174141943454742,recon_dom_01_10
1130,,,,0.0,0.0,0.0,100.0,50.0,100.0,2.74880313873291,0.9492037296295166,9.688432693481445,3.794891119003296,0.10965049266815186,0.0,0.0,0.0,4.633513450622559,0.2360178530216217,8.938963890075684,0.1358298361301422,recon_dom_01_10
1131,,,,,,,,,,2.7083213329315186,0.7806907892227173,50.0,3.9890122413635254,1.494966745376587,0.0,0.0,0.0,335.50701904296875,0.24091312289237976,356.6658935546875,0.1327683925628662,recon_dom_01_10
1132,,,,,,,,,,2.1268162727355957,2.0455148220062256,2.9410979747772217,4.201742172241211,0.0921931266784668,0.0,0.0,0.0,0.8543229103088379,0.2351827472448349,3.177346706390381,0.13617676496505737,recon_dom_01_10
1133,,,,,,,,,,1.4698469638824463,6.79791784286499,0.6966128349304199,8.274730682373047,0.03050786443054676,0.00042543484596535563,0.0,0.0,0.08420304954051971,0.22622838616371155,0.8442144393920898,0.14714953303337097,recon_dom_01_10
1134,,,,,,,,,,2.6166296005249023,0.48177608847618103,24.027055740356445,3.3386762142181396,0.14189058542251587,0.0,0.0,0.0,13.353076934814453,0.2378147691488266,19.85455322265625,0.1346900761127472,recon_dom_01_10
1135,,,,,,,,,,1.970984697341919,0.18449431657791138,50.0,2.6554789543151855,0.44759318232536316,0.0,0.0,0.0,85.49207305908203,0.22360488772392273,96.87225341796875,0.15426316857337952,recon_dom_01_10
1136,,,,,,,,,,3.1217877864837646,0.43249812722206116,30.32621192932129,3.8575479984283447,0.1671753227710724,0.0,0.0,0.0,17.004037857055664,0.24213626980781555,24.897624969482422,0.13270172476768494,recon_dom_01_10
1137,,,,,,,,,,3.1275572776794434,0.3080812990665436,48.823062896728516,3.9238691329956055,0.2279905080795288,0.0,0.0,0.0,28.442974090576172,0.2424318492412567,38.405418395996094,0.1318434625864029,recon_dom_01_10
1138,,,,,,,,,,2.773822784423828,0.3032432198524475,50.0,3.577065944671631,0.6783531904220581,0.0,0.0,0.0,139.4366455078125,0.243122398853302,157.3134002685547,0.13037744164466858,recon_dom_01_10
1139,,,,,,,,,,2.5003533363342285,1.5219528675079346,6.800742149353027,4.09031343460083,0.10255379229784012,0.0,0.0,0.0,2.8816423416137695,0.23953662812709808,6.738253593444824,0.13250306248664856,recon_dom_01_10
1140,,,,0.0,0.0,0.0,50.0,50.0,100.0,2.004622459411621,1.5032204389572144,5.344928741455078,3.5612921714782715,0.06036650761961937,0.0,0.0,0.0,2.474231004714966,0.23300312459468842,5.063004016876221,0.14063486456871033,recon_dom_01_10
1141,,,,,,,,,,2.877901077270508,0.20693719387054443,50.0,3.584838390350342,0.4379909336566925,0.0,0.0,0.0,81.44970703125,0.2403106689453125,94.78274536132812,0.13419121503829956,recon_dom_01_10
1142,,,,,,,,,,2.4582526683807373,1.5727249383926392,5.705893039703369,4.08803653717041,0.07432044297456741,0.0,0.0,0.0,2.5661840438842773,0.23234419524669647,5.461716175079346,0.14014238119125366,recon_dom_01_10
1143,,,,,,,,,,2.0852878093719482,0.2356880009174347,50.0,2.8209757804870605,0.2532390356063843,0.0,0.0,0.0,46.14921951293945,0.2349703460931778,55.17231750488281,0.14229950308799744,recon_dom_01_10
1144,,,,,,,,,,2.6458168029785156,0.9443281292915344,13.969490051269531,3.72983980178833,0.11105179041624069,0.0,0.0,0.0,7.208012104034424,0.23783725500106812,12.337806701660156,0.1353088915348053,recon_dom_01_10
1145,,,,,,,,,,2.1646509170532227,0.9911067485809326,8.467631340026855,3.240433931350708,0.06979396194219589,0.0,0.0,0.0,4.3056769371032715,0.23440614342689514,7.551053047180176,0.14017724990844727,recon_dom_01_10
1146,,,,,,,,,,2.337522029876709,1.6354705095291138,3.2939858436584473,4.005932331085205,0.06649066507816315,0.0,0.0,0.0,1.1829450130462646,0.23350167274475098,3.482846736907959,0.1381385326385498,recon_dom_01_10
1147,,,,,,,,,,2.319425106048584,0.7421124577522278,13.829383850097656,3.199831485748291,0.11910591274499893,0.0,0.0,0.0,7.247507095336914,0.23536080121994019,11.898233413696289,0.13695314526557922,recon_dom_01_10
1148,,,,,,,,,,1.666154384613037,4.399223327636719,1.9480332136154175,6.084857940673828,0.042725205421447754,0.0,0.0,0.0,0.5985785126686096,0.22443453967571259,2.19728684425354,0.14741848409175873,recon_dom_01_10
1149,,,,,,,,,,2.764697551727295,0.19825094938278198,50.0,3.4629485607147217,1.4836163520812988,0.0,0.0,0.0,314.0332946777344,0.24580609798431396,342.434814453125,0.12878665328025818,recon_dom_01_10
1150,,,,0.0,0.0,0.0,100.0,0.0,0.0,3.1217525005340576,0.5929431319236755,18.919349670410156,3.9038891792297363,0.1355767548084259,0.0,0.0,0.0,9.990034103393555,0.24046719074249268,16.42810821533203,0.13331040740013123,recon_dom_01_10
1151,,,,,,,,,,2.1443839073181152,1.667962670326233,3.9627227783203125,3.85197377204895,0.0761304572224617,0.0,0.0,0.0,1.5453897714614868,0.2328028380870819,3.999014139175415,0.13893434405326843,recon_dom_01_10
1152,,,,,,,,,,2.847015380859375,0.6076415777206421,17.205812454223633,3.6267151832580566,0.1187860518693924,0.0,0.0,0.0,9.309118270874023,0.23910865187644958,14.530890464782715,0.13406923413276672,recon_dom_01_10
1153,,,,,,,,,,2.468048572540283,1.4765479564666748,6.1726179122924805,4.006322860717773,0.07691950350999832,0.0,0.0,0.0,2.758810520172119,0.23775330185890198,5.983685493469238,0.13591989874839783,recon_dom_01_10
1154,,,,,,,,,,3.0419201850891113,0.20567888021469116,50.0,3.7475991249084473,0.3594140410423279,0.0,0.0,0.0,62.10072326660156,0.24360443651676178,74.66622161865234,0.1308428943157196,recon_dom_01_10
1155,,,,,,,,,,1.9819533824920654,2.3168833255767822,2.5224618911743164,4.324061393737793,0.06530590355396271,4.4687698391499e-05,0.0,0.0,0.8309186697006226,0.23241229355335236,2.6552696228027344,0.14092835783958435,recon_dom_01_10
1156,,,,,,,,,,2.3997459411621094,1.5220404863357544,2.734776020050049,3.949134111404419,0.06888333708047867,0.0,0.0,0.0,0.886986255645752,0.23330852389335632,2.9325101375579834,0.13786906003952026,recon_dom_01_10
1157,,,,,,,,,,2.515092372894287,0.2601622939109802,50.0,3.275254726409912,0.4735172688961029,0.0,0.0,0.0,90.36336517333984,0.24025239050388336,101.89002227783203,0.13295714557170868,recon_dom_01_10
1158,,,,,,,,,,3.180975914001465,0.27010563015937805,50.0,3.9510815143585205,0.22589239478111267,0.0,0.0,0.0,32.80718994140625,0.2408028244972229,42.40538787841797,0.13335956633090973,recon_dom_01_10
1159,,,,,,,,,,2.7984089851379395,0.16111446917057037,50.0,3.4595234394073486,0.7666084170341492,0.0,0.0,0.0,143.10516357421875,0.2455444186925888,163.5449676513672,0.12870141863822937,recon_dom_01_10
1160,,,,0.0,0.0,0.0,100.0,50.0,100.0,2.5468437671661377,0.61113041639328,10.986651420593262,3.267840623855591,0.09174215793609619,0.0,0.0,0.0,5.670559883117676,0.2354673445224762,9.640205383300781,0.13731029629707336,recon_dom_01_10
1161,,,,,,,,,,2.0386815071105957,2.8630051612854004,3.250415325164795,4.93419075012207,0.05242142081260681,0.0,0.0,0.0,1.134913444519043,0.2331874966621399,3.6322836875915527,0.13934093713760376,recon_dom_01_10
1162,,,,,,,,,,2.843245506286621,0.24920491874217987,50.0,3.5924503803253174,0.3693619966506958,0.0,0.0,0.0,63.422264099121094,0.2415517270565033,75.10848999023438,0.1325017809867859,recon_dom_01_10
1163,,,,,,,,,,2.9927849769592285,0.7936815619468689,9.718782424926758,3.8836543560028076,0.11031435430049896,0.0,0.0,0.0,4.534239768981934,0.23981469869613647,9.191411018371582,0.13284146785736084,recon_dom_01_10
1164,,,,,,,,,,1.8881957530975342,2.70923113822937,1.3663067817687988,4.611090183258057,0.04230976849794388,0.0,0.0,0.0,0.2730928659439087,0.22808796167373657,1.689263105392456,0.1422473043203354,recon_dom_01_10
1165,,,,,,,,,,2.502260684967041,1.4852818250656128,5.396739482879639,4.041510105133057,0.08266828954219818,0.0,0.0,0.0,2.0988571643829346,0.23563352227210999,5.6948137283325195,0.13570567965507507,recon_dom_01_10
1166,,,,,,,,,,2.2197322845458984,0.2050093114376068,50.0,2.924741506576538,0.3670556843280792,0.0,0.0,0.0,66.61177825927734,0.22584500908851624,77.01031494140625,0.14814718067646027,recon_dom_01_10
1167,,,,,,,,,,1.4723315238952637,6.471248626708984,1.0204306840896606,7.953784465789795,0.05005722492933273,0.0,0.0,0.0,0.14410564303398132,0.22900956869125366,1.177433967590332,0.14420939981937408,recon_dom_01_10
1168,,,,,,,,,,2.110039234161377,3.1088173389434814,1.547536849975586,5.234332084655762,0.04285222291946411,0.0,0.0,0.0,0.39309608936309814,0.23140868544578552,1.8047733306884766,0.14652200043201447,recon_dom_01_10
1169,,,,,,,,,,2.573263645172119,1.481878399848938,6.686215877532959,4.12200403213501,0.08069874346256256,0.0,0.0,0.0,2.842697858810425,0.23424968123435974,6.805978775024414,0.13610008358955383,recon_dom_01_10
1170,,,,0.0,0.0,0.0,100.0,0.0,100.0,2.886829376220703,0.4629388451576233,22.484130859375,3.5746095180511475,0.12620952725410461,0.0,0.0,0.0,12.584056854248047,0.23830407857894897,18.46330451965332,0.1354479193687439,recon_dom_01_10
1171,,,,,,,,,,2.004826068878174,1.7111762762069702,4.312177658081055,3.7591240406036377,0.0774400383234024,0.0,0.0,0.0,1.632971167564392,0.23441730439662933,4.509376049041748,0.13876795768737793,recon_dom_01_10
1172,,,,,,,,,,2.4315309524536133,0.24868714809417725,38.60036087036133,3.0662217140197754,0.19818148016929626,0.0,0.0,0.0,22.815643310546875,0.2371852993965149,29.51297378540039,0.13602472841739655,recon_dom_01_10
1173,,,,,,,,,,2.2331833839416504,0.5266269445419312,12.048578262329102,2.880296230316162,0.08065470308065414,0.009594280272722244,0.0,0.0,6.462900161743164,0.22778698801994324,10.27049732208252,0.14783842861652374,recon_dom_01_10
1174,,,,,,,,,,2.7945122718811035,0.29059386253356934,50.0,3.585106134414673,0.2348977029323578,0.0,0.0,0.0,33.43476867675781,0.23998641967773438,41.92573547363281,0.1323288083076477,recon_dom_01_10
1175,,,,,,,,,,1.7710927724838257,4.008385181427002,1.1579639911651611,5.791057586669922,0.05167670175433159,0.0,0.0,0.0,0.1840592622756958,0.23220780491828918,1.3565375804901123,0.14031663537025452,recon_dom_01_10
1176,,,,,,,,,,3.0303616523742676,0.17366792261600494,50.0,3.7040295600891113,0.42287278175354004,0.0,0.0,0.0,78.71112060546875,0.24270686507225037,91.57547760009766,0.13101443648338318,recon_dom_01_10
1177,,,,,,,,,,2.565762996673584,1.9838787317276,2.4813404083251953,4.574455261230469,0.06577866524457932,0.0,0.0,0.0,0.7151018977165222,0.23624929785728455,2.800234794616699,0.13602770864963531,recon_dom_01_10
1178,,,,,,,,,,3.0681710243225098,0.3240002989768982,37.383304595947266,3.7660043239593506,0.18313536047935486,0.0,0.0,0.0,21.596845626831055,0.23917941749095917,29.66716194152832,0.13284334540367126,recon_dom_01_10
1179,,,,,,,,,,2.4081010818481445,0.24333961308002472,50.0,3.1514406204223633,0.48586735129356384,0.0,0.0,0.0,96.73956298828125,0.23757649958133698,108.86051177978516,0.13530175387859344,recon_dom_01_10
1180,,,,0.0,0.0,0.0,50.0,50.0,100.0,2.5412817001342773,0.2467615157365799,50.0,3.288043260574341,0.28900018334388733,0.0,0.0,0.0,53.427284240722656,0.23649077117443085,62.11420440673828,0.1365281343460083,recon_dom_01_10
1181,,,,,,,,,,2.9595727920532227,0.2573668658733368,50.0,3.716939687728882,0.25433504581451416,0.0,0.0,0.0,38.193790435791016,0.2387884259223938,47.07608413696289,0.13364189863204956,recon_dom_01_10
1182,,,,,,,,,,2.495037794113159,1.2939814329147339,6.402324676513672,3.8530423641204834,0.06824546307325363,0.0,0.0,0.0,2.945249319076538,0.2318858802318573,6.1574387550354,0.13939699530601501,recon_dom_01_10
1183,,,,,,,,,,2.8018205165863037,1.040503740310669,11.895336151123047,3.961277723312378,0.10907986760139465,0.0,0.0,0.0,5.711040496826172,0.23827436566352844,11.203131675720215,0.13502980768680573,recon_dom_01_10
1184,,,,,,,,,,2.6371288299560547,0.21398712694644928,50.0,3.3511159420013428,0.4521864056587219,0.0,0.0,0.0,88.6988754272461,0.2421785145998001,100.34602355957031,0.13273045420646667,recon_dom_01_10
1185,,,,,,,,,,2.444474220275879,0.5508678555488586,15.199180603027344,3.147333860397339,0.13138726353645325,0.0,0.0,0.0,8.035730361938477,0.23552930355072021,12.93872356414795,0.1359855979681015,recon_dom_01_10
1186,,,,,,,,,,2.0313057899475098,1.313434362411499,4.4697585105896,3.389437675476074,0.07173077017068863,0.0,0.0,0.0,1.8362646102905273,0.23817357420921326,4.474956035614014,0.13544785976409912,recon_dom_01_10
1187,,,,,,,,,,3.1358351707458496,0.2422337383031845,50.0,3.8780689239501953,0.2541843056678772,0.0,0.0,0.0,33.07128143310547,0.2431609034538269,43.38771438598633,0.13064834475517273,recon_dom_01_10
1188,,,,,,,,,,1.7846883535385132,4.224663257598877,0.969209611415863,6.019043922424316,0.04025617241859436,0.0,0.0,0.0,0.14037880301475525,0.23299364745616913,1.1798254251480103,0.14337888360023499,recon_dom_01_10
1189,,,,,,,,,,3.213160276412964,0.31026333570480347,33.94456481933594,3.8628692626953125,0.1926664263010025,0.0,0.0,0.0,19.081945419311523,0.24300944805145264,27.723758697509766,0.13110294938087463,recon_dom_01_10
1190,,,,0.0,0.0,0.0,100.0,0.0,50.0,2.9858405590057373,0.44327855110168457,19.1760196685791,3.6208794116973877,0.1380029320716858,0.0,0.0,0.0,10.214750289916992,0.24025984108448029,16.467866897583008,0.13295257091522217,recon_dom_01_10
1191,,,,,,,,,,1.5856645107269287,6.659399509429932,0.7846876382827759,8.252910614013672,0.028289686888456345,0.0,0.0,0.0,0.12435505539178848,0.21586011350154877,0.9625332951545715,0.16031472384929657,recon_dom_01_10
1192,,,,,,,,,,2.8981833457946777,0.811748206615448,20.893550872802734,3.9188671112060547,0.15451565384864807,0.0,0.0,0.0,10.922964096069336,0.2403261363506317,18.321455001831055,0.13250285387039185,recon_dom_01_10
1193,,,,,,,,,,1.7024104595184326,3.8068909645080566,1.365037441253662,5.522951602935791,0.03502580523490906,0.0,0.0,0.0,0.36245405673980713,0.22537583112716675,1.5799124240875244,0.14960435032844543,recon_dom_01_10
1194,,,,,,,,,,3.050816535949707,0.21304404735565186,50.0,3.7638607025146484,0.4144951105117798,0.0,0.0,0.0,72.18145751953125,0.24477440118789673,86.6102066040039,0.13026560842990875,recon_dom_01_10
1195,,,,,,,,,,2.787949323654175,0.40118011832237244,25.746923446655273,3.446598768234253,0.16737151145935059,0.0,0.0,0.0,14.531192779541016,0.237506702542305,20.683385848999023,0.13427585363388062,recon_dom_01_10
1196,,,,,,,,,,2.759794235229492,0.8624917268753052,7.693360328674316,3.6992194652557373,0.08960343897342682,0.0,0.0,0.0,3.5321147441864014,0.2377384603023529,7.352025985717773,0.1344127207994461,recon_dom_01_10
1197,,,,,,,,,,1.876448154449463,2.4030916690826416,2.897254705429077,4.308512210845947,0.05724674463272095,0.0,0.0,0.0,0.9739665389060974,0.23152706027030945,3.1996521949768066,0.14075544476509094,recon_dom_01_10
1198,,,,,,,,,,3.1410539150238037,0.2020566314458847,50.0,3.8431105613708496,0.3585696816444397,0.0,0.0,0.0,60.57176208496094,0.24337860941886902,73.44395446777344,0.13078385591506958,recon_dom_01_10
1199,,,,,,,,,,2.5181121826171875,0.28836649656295776,44.24270248413086,3.248905658721924,0.21708832681179047,0.0,0.0,0.0,26.264738082885742,0.2412320375442505,33.71039962768555,0.13201621174812317,recon_dom_01_10
1200,,,,0.0,50.0,50.0,100.0,50.0,0.0,2.0794034004211426,0.7406834959983826,10.676065444946289,2.926847457885742,0.0808614119887352,0.0,0.0,0.0,5.574649810791016,0.2201862931251526,9.318894386291504,0.1564258337020874,recon_dom_01_10
1201,,,,,,,,,,2.5042641162872314,0.6998618841171265,11.484292030334473,3.3189690113067627,0.11202938854694366,0.0,0.0,0.0,5.884284973144531,0.23577982187271118,10.005379676818848,0.13592417538166046,recon_dom_01_10
1202,,,,,,,,,,2.9881205558776855,0.24901090562343597,50.0,3.737131357192993,0.2900521755218506,0.0,0.0,0.0,44.338172912597656,0.23867027461528778,55.581275939941406,0.1329588145017624,recon_dom_01_10
1203,,,,,,,,,,2.348796844482422,0.28439536690711975,50.0,3.133192300796509,0.2487315684556961,0.0,0.0,0.0,33.96480941772461,0.2339370846748352,42.131900787353516,0.13715091347694397,recon_dom_01_10
1204,,,,,,,,,,1.099684238433838,8.941842079162598,0.591995358467102,10.047446250915527,0.02501988783478737,0.000519906694535166,0.0,0.0,0.07785472273826599,0.22282254695892334,0.7018511891365051,0.15313443541526794,recon_dom_01_10
1205,,,,,,,,,,2.8923392295837402,0.8028407692909241,13.614873886108398,3.8313286304473877,0.10439710319042206,0.0,0.0,0.0,6.997873783111572,0.23811978101730347,12.115394592285156,0.13504275679588318,recon_dom_01_10
1206,,,,,,,,,,2.0621159076690674,0.24253015220165253,50.0,2.8046460151672363,0.32796695828437805,0.0,0.0,0.0,58.473575592041016,0.23565039038658142,67.69627380371094,0.13794918358325958,recon_dom_01_10
1207,,,,,,,,,,1.9995354413986206,2.63843035697937,1.9805337190628052,4.657771110534668,0.04937383532524109,0.0,0.0,0.0,0.5196865200996399,0.23234328627586365,2.3535656929016113,0.1396082043647766,recon_dom_01_10
1208,,,,,,,,,,2.932321310043335,0.5863123536109924,19.489301681518555,3.713526725769043,0.1335415095090866,0.0,0.0,0.0,10.374124526977539,0.24104762077331543,16.82024383544922,0.13243815302848816,recon_dom_01_10
1209,,,,,,,,,,2.329179525375366,0.4137360751628876,35.43671798706055,3.097282886505127,0.1759803295135498,0.0,0.0,0.0,20.69889259338379,0.23718923330307007,27.641281127929688,0.13565322756767273,recon_dom_01_10
1210,,,,0.0,0.0,0.0,100.0,0.0,50.0,2.6956193447113037,0.2955169379711151,50.0,3.491136312484741,1.1447978019714355,0.0,0.0,0.0,245.62416076660156,0.2453567087650299,270.3602600097656,0.12936538457870483,recon_dom_01_10
1211,,,,,,,,,,1.7725071907043457,1.8851211071014404,6.288729667663574,3.720515489578247,0.0741594135761261,0.0,0.0,0.0,2.9067418575286865,0.23588496446609497,5.9476094245910645,0.1379682719707489,recon_dom_01_10
1212,,,,,,,,,,3.0471906661987305,0.23518559336662292,50.0,3.782376289367676,0.3000700771808624,0.0,0.0,0.0,49.141761779785156,0.24193838238716125,60.39200210571289,0.1316193789243698,recon_dom_01_10
1213,,,,,,,,,,2.56217885017395,0.5697795748710632,14.283857345581055,3.274796962738037,0.1175955981016159,0.0,0.0,0.0,7.641618728637695,0.234205961227417,12.034156799316406,0.13761654496192932,recon_dom_01_10
1214,,,,,,,,,,2.0398001670837402,0.5995100140571594,16.821853637695312,2.8075287342071533,0.11083042621612549,0.0006696863565593958,0.0,0.0,9.36698055267334,0.23606768250465393,13.72547721862793,0.13705256581306458,recon_dom_01_10
1215,,,,,,,,,,2.8400559425354004,0.27805274724960327,50.0,3.6181087493896484,0.28976988792419434,0.0,0.0,0.0,42.695159912109375,0.24167780578136444,53.68043899536133,0.13171669840812683,recon_dom_01_10
1216,,,,,,,,,,2.8765416145324707,0.6341040134429932,16.619674682617188,3.676842451095581,0.14151477813720703,0.0,0.0,0.0,8.726743698120117,0.23872870206832886,14.296268463134766,0.13348475098609924,recon_dom_01_10
1217,,,,,,,,,,3.251100540161133,0.3177247941493988,50.0,4.0688252449035645,0.24381455779075623,0.0,0.0,0.0,31.407535552978516,0.24232760071754456,42.476959228515625,0.13135549426078796,recon_dom_01_10
1218,,,,,,,,,,2.288559913635254,1.7772114276885986,4.467279434204102,4.110444068908691,0.07244682312011719,0.0,0.0,0.0,1.714309811592102,0.23338481783866882,4.70741605758667,0.13688910007476807,recon_dom_01_10
1219,,,,,,,,,,2.4086804389953613,0.40599456429481506,50.0,3.3146750926971436,1.195389986038208,0.0,0.0,0.0,247.19981384277344,0.2435823380947113,266.8482971191406,0.13015800714492798,recon_dom_01_10
1220,,,,0.0,50.0,50.0,100.0,0.0,100.0,2.0373494625091553,0.4407082200050354,38.389862060546875,2.8619563579559326,0.15960600972175598,0.0007536335615441203,0.0,0.0,22.774810791015625,0.2310592085123062,29.557823181152344,0.14254197478294373,recon_dom_01_10
1221,,,,,,,,,,2.1112680435180664,0.6068538427352905,22.400577545166016,2.9421277046203613,0.12326820939779282,0.0,0.0,0.0,12.786266326904297,0.231883242726326,17.921064376831055,0.14250443875789642,recon_dom_01_10
1222,,,,,,,,,,2.139885187149048,0.9545830488204956,15.051918029785156,3.2449874877929688,0.09200708568096161,0.0002300304768141359,0.0,0.0,8.177603721618652,0.23244288563728333,12.753220558166504,0.14193814992904663,recon_dom_01_10
1223,,,,,,,,,,1.9574755430221558,1.5278010368347168,5.7037553787231445,3.542314052581787,0.09149815142154694,0.0,0.0,0.0,2.4946560859680176,0.23238199949264526,5.428945064544678,0.13897427916526794,recon_dom_01_10
1224,,,,,,,,,,1.3451478481292725,7.958791255950928,1.1640961170196533,9.315580368041992,0.03978799283504486,0.00015729160804767162,0.0,0.0,0.22653880715370178,0.2138454020023346,1.4030063152313232,0.15572437644004822,recon_dom_01_10
1225,,,,,,,,,,1.8774971961975098,1.5436077117919922,10.819658279418945,3.529301404953003,0.08667168766260147,0.0,0.0,0.0,5.480062484741211,0.23703396320343018,9.737857818603516,0.13603976368904114,recon_dom_01_10
1226,,,,,,,,,,1.4310420751571655,3.18272066116333,2.9815330505371094,4.643578052520752,0.054776087403297424,0.0,0.0,0.0,1.0530040264129639,0.2267615795135498,3.235118865966797,0.14412987232208252,recon_dom_01_10
1227,,,,,,,,,,2.927091360092163,0.670873761177063,18.911575317382812,3.787080764770508,0.14075398445129395,0.0,0.0,0.0,10.089406967163086,0.24052172899246216,16.162086486816406,0.13301417231559753,recon_dom_01_10
1228,,,,,,,,,,2.4269938468933105,0.6714551448822021,22.672256469726562,3.32517147064209,0.1439334899187088,0.0,0.0,0.0,12.595847129821777,0.23630014061927795,18.639036178588867,0.13594704866409302,recon_dom_01_10
1229,,,,,,,,,,2.6120657920837402,0.6557841897010803,34.209678649902344,3.6099467277526855,0.16969871520996094,0.0,0.0,0.0,19.648168563842773,0.24054953455924988,27.35133934020996,0.13293693959712982,recon_dom_01_10
1230,,,,0.0,0.0,0.0,100.0,0.0,100.0,2.3169028759002686,1.591830849647522,8.552264213562012,3.9942562580108643,0.09020215272903442,0.0,0.0,0.0,4.098733901977539,0.23469051718711853,7.930281639099121,0.13909795880317688,recon_dom_01_10
1231,,,,,,,,,,2.084535837173462,1.5205127000808716,7.543551445007324,3.6804840564727783,0.07948818802833557,0.0,0.0,0.0,3.63246750831604,0.23430569469928741,6.9527506828308105,0.13836556673049927,recon_dom_01_10
1232,,,,,,,,,,2.6558284759521484,1.0363881587982178,13.001084327697754,3.8222274780273438,0.1090848371386528,0.0,0.0,0.0,6.593539237976074,0.23958691954612732,11.649650573730469,0.1333763301372528,recon_dom_01_10
1233,,,,,,,,,,2.987248420715332,0.2102663815021515,50.0,3.697514772415161,0.6496802568435669,0.0,0.0,0.0,131.884033203125,0.24381572008132935,149.45433044433594,0.13108927011489868,recon_dom_01_10
1234,,,,,,,,,,1.6798338890075684,4.14534330368042,1.5092005729675293,5.840269088745117,0.039608173072338104,5.523075014934875e-05,0.0,0.0,0.37276798486709595,0.22848868370056152,1.8022549152374268,0.14360114932060242,recon_dom_01_10
1235,,,,,,,,,,3.1340723037719727,0.295780211687088,50.0,3.9298524856567383,0.26409006118774414,0.0,0.0,0.0,36.662208557128906,0.24297884106636047,47.138065338134766,0.13126561045646667,recon_dom_01_10
1236,,,,,,,,,,2.704507350921631,0.44263920187950134,50.0,3.647146463394165,1.2648578882217407,0.0,0.0,0.0,273.6909484863281,0.2430657148361206,294.1972351074219,0.13068880140781403,recon_dom_01_10
1237,,,,,,,,,,2.1804962158203125,0.2963736653327942,50.0,2.976869821548462,0.2744084298610687,0.0,0.0,0.0,48.21443176269531,0.23365451395511627,57.87467575073242,0.13873960077762604,recon_dom_01_10
1238,,,,,,,,,,1.7433412075042725,3.9060521125793457,1.7604701519012451,5.666997909545898,0.06598172336816788,0.0,0.0,0.0,0.41259193420410156,0.2302987277507782,1.9618806838989258,0.13999325037002563,recon_dom_01_10
1239,,,,,,,,,,2.561610221862793,0.79522705078125,11.76356315612793,3.474472999572754,0.1400270164012909,0.0,0.0,0.0,5.998982906341553,0.23726756870746613,10.054567337036133,0.13435468077659607,recon_dom_01_10
1240,,,,0.0,0.0,0.0,100.0,100.0,100.0,1.450608730316162,6.558485507965088,0.8114447593688965,8.01720905303955,0.028016675263643265,0.03213592991232872,0.0,0.0,0.13895529508590698,0.23360109329223633,0.9251484870910645,0.14335781335830688,recon_dom_01_10
1241,,,,,,,,,,2.9242217540740967,0.7683066725730896,12.472099304199219,3.8172495365142822,0.1310538500547409,0.0,0.0,0.0,5.960745334625244,0.23839673399925232,11.637935638427734,0.13277168571949005,recon_dom_01_10
1242,,,,,,,,,,2.1054489612579346,0.9085202217102051,10.992734909057617,3.123896598815918,0.11359129101037979,0.0,0.0,0.0,5.550800323486328,0.23409339785575867,9.673638343811035,0.13749061524868011,recon_dom_01_10
1243,,,,,,,,,,2.692887783050537,0.45993781089782715,20.14495849609375,3.3542752265930176,0.13898450136184692,0.0,0.0,0.0,11.005509376525879,0.23882578313350677,16.814531326293945,0.1337808072566986,recon_dom_01_10
1244,,,,,,,,,,1.3978389501571655,5.151151180267334,0.9831854104995728,6.558822154998779,0.04622223973274231,0.0,0.0,0.0,0.13842818140983582,0.22867488861083984,1.1527180671691895,0.14419490098953247,recon_dom_01_10
1245,,,,,,,,,,2.716032028198242,0.28036925196647644,50.0,3.496401309967041,0.5489715933799744,0.0,0.0,0.0,107.26194763183594,0.24051088094711304,119.17668151855469,0.13298732042312622,recon_dom_01_10
1246,,,,,,,,,,2.8354530334472656,0.3352437913417816,46.55629348754883,3.6362597942352295,0.21872460842132568,0.0,0.0,0.0,27.171798706054688,0.24164196848869324,36.50719451904297,0.1311052441596985,recon_dom_01_10
1247,,,,,,,,,,1.876902461051941,3.262133836746216,1.9886136054992676,5.15892219543457,0.06223626434803009,0.0,0.0,0.0,0.5625364780426025,0.23036429286003113,2.155470132827759,0.1412445604801178,recon_dom_01_10
1248,,,,,,,,,,2.549144744873047,0.3400733470916748,50.0,3.3892180919647217,0.20759211480617523,0.0,0.0,0.0,30.251909255981445,0.2375667691230774,37.37763595581055,0.13437440991401672,recon_dom_01_10
1249,,,,,,,,,,2.6551642417907715,0.8159220814704895,13.804544448852539,3.6091318130493164,0.11733876913785934,0.0,0.0,0.0,7.2174577713012695,0.2377513349056244,11.926241874694824,0.13496679067611694,recon_dom_01_10
1250,,,,0.0,0.0,0.0,100.0,0.0,100.0,2.9298367500305176,0.21862074732780457,50.0,3.6484575271606445,0.4760848581790924,0.0,0.0,0.0,82.63055419921875,0.24403424561023712,97.24497985839844,0.13011395931243896,recon_dom_01_10
1251,,,,,,,,,,2.3023295402526855,0.2182341068983078,50.0,3.0205636024475098,0.2605127990245819,0.0,0.0,0.0,41.806854248046875,0.23327763378620148,50.5076789855957,0.1388566792011261,recon_dom_01_10
1252,,,,,,,,,,2.5906224250793457,1.1496236324310303,8.152759552001953,3.8217737674713135,0.09732899814844131,0.0,0.0,0.0,3.7934446334838867,0.23400509357452393,7.671085357666016,0.13727040588855743,recon_dom_01_10
1253,,,,,,,,,,3.1983678340911865,0.32680174708366394,47.39495086669922,3.9991190433502197,0.2389480173587799,0.0,0.0,0.0,27.63791275024414,0.24277648329734802,37.049747467041016,0.13144224882125854,recon_dom_01_10
1254,,,,,,,,,,2.4211177825927734,0.3897811472415924,30.982900619506836,3.120728015899658,0.17557337880134583,0.0,0.0,0.0,17.769229888916016,0.23911115527153015,24.597003936767578,0.13389503955841064,recon_dom_01_10
1255,,,,,,,,,,1.030918002128601,9.61099910736084,0.5917772054672241,10.647834777832031,0.022593805566430092,0.00015297190111596137,0.0,0.0,0.08109287917613983,0.22824960947036743,0.7198154926300049,0.1482965350151062,recon_dom_01_10
1256,,,,,,,,,,1.9979404211044312,0.5050252079963684,31.260391235351562,2.8155696392059326,0.1348411589860916,0.0,0.0,0.0,18.464717864990234,0.23859791457653046,24.167678833007812,0.13765552639961243,recon_dom_01_10
1257,,,,,,,,,,1.3836095333099365,4.864696025848389,1.533389687538147,6.263639450073242,0.03577692434191704,0.0,0.0,0.0,0.40307819843292236,0.230016827583313,1.8280671834945679,0.14391551911830902,recon_dom_01_10
1258,,,,,,,,,,2.835909605026245,0.5725672245025635,12.019655227661133,3.5286734104156494,0.1376706063747406,0.0,0.0,0.0,5.89528226852417,0.24094471335411072,10.797419548034668,0.13214850425720215,recon_dom_01_10
1259,,,,,,,,,,2.6922335624694824,1.3756922483444214,7.412391185760498,4.142049789428711,0.090694859623909,0.0,0.0,0.0,3.219393014907837,0.2371331751346588,7.404666900634766,0.134767085313797,recon_dom_01_10
1260,,,,0.0,0.0,0.0,100.0,100.0,100.0,1.4242987632751465,5.4322099685668945,0.9499979615211487,6.866008758544922,0.040916379541158676,0.0,0.0,0.0,0.1442490518093109,0.23207107186317444,1.1275569200515747,0.1418142169713974,recon_dom_01_10
1261,,,,,,,,,,1.7580446004867554,3.123394250869751,1.9465525150299072,4.900904178619385,0.04325827956199646,0.0,0.0,0.0,0.5644843578338623,0.22854511439800262,2.2563676834106445,0.147383913397789,recon_dom_01_10
1262,,,,,,,,,,2.8241915702819824,0.17914864420890808,50.0,3.503340244293213,0.43857288360595703,0.0,0.0,0.0,77.60728454589844,0.24199005961418152,89.47955322265625,0.13114988803863525,recon_dom_01_10
1263,,,,,,,,,,2.703023672103882,1.179866075515747,7.0030364990234375,3.9529201984405518,0.10257852077484131,0.0,0.0,0.0,3.0506460666656494,0.23652970790863037,6.804654121398926,0.13517890870571136,recon_dom_01_10
1264,,,,,,,,,,2.7561287879943848,0.2816343307495117,50.0,3.5377631187438965,0.27604222297668457,0.0,0.0,0.0,40.11817169189453,0.24293893575668335,50.4893798828125,0.13081476092338562,recon_dom_01_10
1265,,,,,,,,,,2.086395502090454,0.3787479102611542,22.346027374267578,2.688603639602661,0.13182954490184784,0.0,0.0,0.0,12.775372505187988,0.23615115880966187,17.748327255249023,0.1372767984867096,recon_dom_01_10
1266,,,,,,,,,,2.0263543128967285,0.20829448103904724,50.0,2.7346487045288086,0.7073729038238525,0.0,0.0,0.0,148.474365234375,0.23387014865875244,163.15806579589844,0.1381065994501114,recon_dom_01_10
1267,,,,,,,,,,2.4335808753967285,0.22313183546066284,50.0,3.156712770462036,0.2778303623199463,0.0,0.0,0.0,48.588043212890625,0.234634131193161,57.692264556884766,0.13728415966033936,recon_dom_01_10
1268,,,,,,,,,,2.7888028621673584,0.2516636550426483,50.0,3.540466547012329,0.7824714183807373,0.0,0.0,0.0,153.684814453125,0.24342763423919678,170.34519958496094,0.13158048689365387,recon_dom_01_10
1269,,,,,,,,,,1.8583638668060303,1.1867502927780151,4.474839687347412,3.089862585067749,0.06403472274541855,0.0,0.0,0.0,1.949679970741272,0.23168709874153137,4.335029125213623,0.1430284082889557,recon_dom_01_10
1270,,,,0.0,0.0,0.0,100.0,50.0,100.0,2.6187915802001953,0.24428004026412964,50.0,3.3630716800689697,1.814692497253418,0.0,0.0,0.0,412.3135986328125,0.2437695860862732,444.8983154296875,0.13021612167358398,recon_dom_01_10
1271,,,,,,,,,,2.155726671218872,0.7859429717063904,12.095085144042969,3.0626204013824463,0.0753767266869545,0.0,0.0,0.0,6.522931098937988,0.22765521705150604,10.315173149108887,0.1491895616054535,recon_dom_01_10
1272,,,,,,,,,,2.515313148498535,1.3846409320831299,4.431247711181641,3.9442665576934814,0.09493240714073181,0.0,0.0,0.0,1.6463687419891357,0.23475557565689087,4.546370983123779,0.1355631947517395,recon_dom_01_10
1273,,,,,,,,,,3.042613983154297,0.2126178741455078,50.0,3.7552318572998047,0.6049314737319946,0.0,0.0,0.0,127.40980529785156,0.24387302994728088,145.21408081054688,0.13105477392673492,recon_dom_01_10
1274,,,,,,,,,,2.1812548637390137,0.580427885055542,22.26294708251953,2.9843122959136963,0.12375079840421677,0.0,0.0,0.0,12.471181869506836,0.23767444491386414,18.271228790283203,0.13628660142421722,recon_dom_01_10
1275,,,,,,,,,,0.942818284034729,9.225967407226562,0.5766772627830505,10.174552917480469,0.021672271192073822,0.0,0.0,0.0,0.07682144641876221,0.2312605381011963,0.7074869275093079,0.146249458193779,recon_dom_01_10
1276,,,,,,,,,,1.9827836751937866,1.3193103075027466,6.365911483764648,3.365753173828125,0.06605520844459534,0.0,0.0,0.0,3.025538682937622,0.22788375616073608,5.94483757019043,0.14889535307884216,recon_dom_01_10
1277,,,,,,,,,,2.252192258834839,1.966145634651184,3.731602668762207,4.2556538581848145,0.09326206147670746,0.0,0.0,0.0,1.201904535293579,0.23252710700035095,4.052868366241455,0.13701112568378448,recon_dom_01_10
1278,,,,,,,,,,2.6541929244995117,1.4675426483154297,6.253178596496582,4.184267520904541,0.08583997189998627,0.0,0.0,0.0,2.690703868865967,0.2334131896495819,6.192591667175293,0.13637173175811768,recon_dom_01_10
1279,,,,,,,,,,2.1125776767730713,0.6834977269172668,10.68252182006836,2.9029006958007812,0.08152393996715546,0.0,0.0,0.0,5.576502799987793,0.22140489518642426,9.321329116821289,0.15594026446342468,recon_dom_01_10
1280,,,,0.0,0.0,0.0,100.0,50.0,100.0,2.183361053466797,0.8656517267227173,8.693658828735352,3.1359493732452393,0.08756151795387268,0.0,0.0,0.0,4.279054164886475,0.23448172211647034,7.879167556762695,0.13765597343444824,recon_dom_01_10
1281,,,,,,,,,,1.162567138671875,8.017508506774902,0.5857009887695312,9.185933113098145,0.02521469257771969,0.0,0.0,0.0,0.07696607708930969,0.22774037718772888,0.6900382041931152,0.1486833393573761,recon_dom_01_10
1282,,,,,,,,,,3.1168136596679688,0.6504924297332764,18.83749008178711,3.955681085586548,0.13315364718437195,0.0,0.0,0.0,10.012435913085938,0.2400573343038559,16.2437744140625,0.13392040133476257,recon_dom_01_10
1283,,,,,,,,,,2.9266695976257324,0.4725594222545624,25.40653419494629,3.653294324874878,0.13648268580436707,0.0,0.0,0.0,14.248414993286133,0.2426837682723999,20.87635040283203,0.1326126754283905,recon_dom_01_10
1284,,,,,,,,,,2.8369364738464355,0.2280997484922409,50.0,3.5650362968444824,0.296909898519516,0.0,0.0,0.0,47.1158332824707,0.24131152033805847,58.24980545043945,0.13162928819656372,recon_dom_01_10
1285,,,,,,,,,,2.5819175243377686,0.8547759056091309,6.166433334350586,3.4983577728271484,0.09226223826408386,0.0,0.0,0.0,2.6056618690490723,0.23788806796073914,6.1245269775390625,0.13407672941684723,recon_dom_01_10
1286,,,,,,,,,,1.2389230728149414,6.14349365234375,0.7939298748970032,7.390356063842773,0.030829358845949173,0.0,0.0,0.0,0.11980381608009338,0.2301296889781952,0.9647365808486938,0.1459806263446808,recon_dom_01_10
1287,,,,,,,,,,2.7289018630981445,0.9642091989517212,7.216904640197754,3.76528000831604,0.0932617038488388,0.0,0.0,0.0,3.2208988666534424,0.2368643432855606,6.985015392303467,0.13503515720367432,recon_dom_01_10
1288,,,,,,,,,,2.369387626647949,0.1931617259979248,50.0,3.062549352645874,0.6079769134521484,0.0,0.0,0.0,131.75717163085938,0.23342901468276978,146.18287658691406,0.13817811012268066,recon_dom_01_10
1289,,,,,,,,,,10.0,100.0,33.51618576049805,110.33515930175781,0.16197359561920166,0.1666666716337204,0.0,0.0,18.999109268188477,0.24266692996025085,27.00623321533203,0.13157545030117035,recon_dom_01_10
1290,,,,0.0,0.0,0.0,100.0,50.0,100.0,2.0682663917541504,0.855567216873169,6.206541061401367,2.985898971557617,0.0736643448472023,0.0,0.0,0.0,2.9339561462402344,0.23190437257289886,5.733874797821045,0.141354501247406,recon_dom_01_10
1291,,,,,,,,,,2.1521787643432617,0.9583897590637207,6.356222152709961,3.17413067817688,0.07095000147819519,0.0,0.0,0.0,2.993889570236206,0.23498892784118652,5.940469264984131,0.1384870558977127,recon_dom_01_10
1292,,,,,,,,,,2.4377646446228027,0.37482401728630066,18.343669891357422,2.996025323867798,0.10509638488292694,0.007165036629885435,0.0,0.0,10.145271301269531,0.23774456977844238,15.25622272491455,0.13867142796516418,recon_dom_01_10
1293,,,,,,,,,,2.437333583831787,0.24577268958091736,33.7360725402832,3.0204670429229736,0.1599659025669098,0.0,0.0,0.0,19.80794906616211,0.23453021049499512,26.18183135986328,0.13923324644565582,recon_dom_01_10
1294,,,,,,,,,,2.97708797454834,0.5830140113830566,8.99826717376709,3.6500847339630127,0.10785291343927383,0.0,0.0,0.0,4.196538925170898,0.2381240725517273,8.450543403625488,0.1337953507900238,recon_dom_01_10
1295,,,,,,,,,,2.642268419265747,0.5490030646324158,10.074613571166992,3.292017698287964,0.08675028383731842,0.0,0.0,0.0,5.077908039093018,0.23290285468101501,9.051734924316406,0.13795897364616394,recon_dom_01_10
1296,,,,,,,,,,1.3935558795928955,4.606032371520996,0.9730660915374756,6.009318828582764,0.04957539588212967,0.0,0.0,0.0,0.13091301918029785,0.22731152176856995,1.114126443862915,0.1448173224925995,recon_dom_01_10
1297,,,,,,,,,,3.1301956176757812,0.12678274512290955,50.0,3.7569782733917236,0.5820685625076294,0.0,0.0,0.0,107.05711364746094,0.2451062649488449,125.90504455566406,0.12951314449310303,recon_dom_01_10
1298,,,,,,,,,,2.8125884532928467,0.3542720079421997,34.40239715576172,3.5108845233917236,0.17679747939109802,0.0,0.0,0.0,20.12114906311035,0.23829945921897888,26.719655990600586,0.13603262603282928,recon_dom_01_10
1299,,,,,,,,,,2.5950331687927246,0.3791519105434418,20.04741096496582,3.174659252166748,0.11513788998126984,0.0,0.0,0.0,11.045220375061035,0.23620431125164032,16.77836036682129,0.13699868321418762,recon_dom_01_10
1300,,,,0.0,0.0,0.0,100.0,50.0,100.0,2.7710254192352295,0.4817950129508972,14.800044059753418,3.4008209705352783,0.12475800514221191,0.0,0.0,0.0,7.711996078491211,0.23574146628379822,12.85410213470459,0.13632574677467346,recon_dom_01_10
1301,,,,,,,,,,2.866881847381592,0.19369269907474518,50.0,3.560574531555176,0.34627896547317505,0.0,0.0,0.0,61.16188049316406,0.23908555507659912,72.55510711669922,0.1345495879650116,recon_dom_01_10
1302,,,,,,,,,,2.5685393810272217,0.2851809561252594,36.08015441894531,3.214521884918213,0.18160413205623627,0.0,0.0,0.0,21.229068756103516,0.23751933872699738,27.811676025390625,0.13473021984100342,recon_dom_01_10
1303,,,,,,,,,,3.007153034210205,0.4775097370147705,20.056095123291016,3.6852238178253174,0.1336238980293274,0.0,0.0,0.0,10.809957504272461,0.24016965925693512,17.0811824798584,0.134098619222641,recon_dom_01_10
1304,,,,,,,,,,2.147723436355591,2.6924386024475098,2.140928268432617,4.861571311950684,0.051738984882831573,0.0,0.0,0.0,0.6125189065933228,0.23489020764827728,2.4648830890655518,0.1378386914730072,recon_dom_01_10
1305,,,,,,,,,,2.8467798233032227,0.47968587279319763,18.01363754272461,3.5066020488739014,0.12108884751796722,0.0,0.0,0.0,9.727865219116211,0.2392265349626541,15.286064147949219,0.13374295830726624,recon_dom_01_10
1306,,,,,,,,,,1.9515131711959839,2.925246238708496,1.9599730968475342,4.896358966827393,0.05543120950460434,0.00031607391429133713,0.0,0.0,0.5648188591003418,0.22915126383304596,2.1608471870422363,0.14343303442001343,recon_dom_01_10
1307,,,,,,,,,,2.1711254119873047,0.21723808348178864,50.0,2.8883635997772217,0.7150044441223145,0.0,0.0,0.0,149.42442321777344,0.23455898463726044,164.0616912841797,0.13807007670402527,recon_dom_01_10
1308,,,,,,,,,,2.106416940689087,2.321495771408081,4.394725322723389,4.471859931945801,0.07985493540763855,0.0,0.0,0.0,1.6432698965072632,0.2359246462583542,4.629959583282471,0.13608196377754211,recon_dom_01_10
1309,,,,,,,,,,2.1862950325012207,0.42697960138320923,22.456663131713867,2.837841272354126,0.13265623152256012,0.0,0.0,0.0,12.8212308883667,0.23544207215309143,17.869321823120117,0.13947394490242004,recon_dom_01_10
1310,,,,0.0,0.0,0.0,100.0,50.0,100.0,2.464987277984619,1.380823016166687,3.994514226913452,3.8857555389404297,0.090919129550457,0.0,0.0,0.0,1.443044900894165,0.23325425386428833,4.119457244873047,0.13819631934165955,recon_dom_01_10
1311,,,,,,,,,,3.1039369106292725,0.21064485609531403,50.0,3.814581871032715,0.3765566647052765,0.0,0.0,0.0,62.38518524169922,0.2438359260559082,76.77161407470703,0.13071683049201965,recon_dom_01_10
1312,,,,,,,,,,3.1701486110687256,0.26971662044525146,50.0,3.9398651123046875,0.25453847646713257,0.0,0.0,0.0,32.25871658325195,0.24114477634429932,42.976951599121094,0.1318902224302292,recon_dom_01_10
1313,,,,,,,,,,2.7115721702575684,0.5714942812919617,24.28447723388672,3.525911331176758,0.16057464480400085,0.0,0.0,0.0,13.356080055236816,0.23679229617118835,20.17678451538086,0.13453024625778198,recon_dom_01_10
1314,,,,,,,,,,1.8287014961242676,3.6073060035705566,3.2410295009613037,5.468417644500732,0.07196272909641266,0.0,0.0,0.0,1.0522887706756592,0.23379361629486084,3.5837388038635254,0.1367833912372589,recon_dom_01_10
1315,,,,,,,,,,2.2599451541900635,1.7766679525375366,8.580697059631348,4.122420310974121,0.09189146757125854,0.0,0.0,0.0,3.80898380279541,0.23723432421684265,8.550195693969727,0.13434642553329468,recon_dom_01_10
1316,,,,,,,,,,2.1569809913635254,0.3932778835296631,50.0,3.0502588748931885,0.9117859601974487,0.0,0.0,0.0,193.57525634765625,0.23843100666999817,214.49591064453125,0.13370159268379211,recon_dom_01_10
1317,,,,,,,,,,2.0243775844573975,0.237791508436203,50.0,2.762169122695923,0.5056904554367065,0.0,0.0,0.0,99.29670715332031,0.2388591170310974,112.55694580078125,0.13520386815071106,recon_dom_01_10
1318,,,,,,,,,,3.015596389770508,0.2445690631866455,50.0,3.7601654529571533,0.25172924995422363,0.0,0.0,0.0,30.352439880371094,0.24231746792793274,40.59397888183594,0.13108757138252258,recon_dom_01_10
1319,,,,,,,,,,2.626945972442627,1.427702784538269,7.714394569396973,4.1317925453186035,0.08576410263776779,0.0,0.0,0.0,3.533820152282715,0.23775923252105713,7.429046630859375,0.13454586267471313,recon_dom_01_10
1320,,,,0.0,0.0,0.0,50.0,50.0,100.0,2.167787551879883,0.5893672108650208,22.619434356689453,2.983349084854126,0.12371466308832169,0.0,0.0,0.0,12.865272521972656,0.23828813433647156,18.196552276611328,0.13483570516109467,recon_dom_01_10
1321,,,,,,,,,,2.7437877655029297,0.7017586827278137,28.88519287109375,3.734398365020752,0.15659035742282867,0.0,0.0,0.0,16.340763092041016,0.24060600996017456,23.4481258392334,0.13354013860225677,recon_dom_01_10
1322,,,,,,,,,,2.049746036529541,0.4152446389198303,33.56703186035156,2.800661087036133,0.1764189600944519,0.0,0.0,0.0,19.728710174560547,0.23204374313354492,25.838157653808594,0.13941016793251038,recon_dom_01_10
1323,,,,,,,,,,2.7642016410827637,0.9816310405731201,10.565682411193848,3.851489543914795,0.1302478164434433,0.0,0.0,0.0,4.922789573669434,0.2368788719177246,9.909223556518555,0.13353925943374634,recon_dom_01_10
1324,,,,,,,,,,1.73722505569458,0.2291579395532608,50.0,2.4663829803466797,0.32206404209136963,0.0,0.0,0.0,58.19268035888672,0.23924922943115234,67.20723724365234,0.13741204142570496,recon_dom_01_10
1325,,,,,,,,,,1.9796206951141357,3.1777193546295166,6.152702331542969,5.218867301940918,0.06914764642715454,0.0,0.0,0.0,2.6832189559936523,0.2393014281988144,6.172540187835693,0.13545410335063934,recon_dom_01_10
1326,,,,,,,,,,2.0425572395324707,0.3507552444934845,50.0,2.893312454223633,1.2474215030670166,0.0,0.0,0.0,255.74911499023438,0.2412937581539154,274.3551940917969,0.1318243145942688,recon_dom_01_10
1327,,,,,,,,,,2.2380475997924805,1.8247798681259155,7.94948673248291,4.142322540283203,0.08867949992418289,0.0,0.0,0.0,3.7312722206115723,0.23344667255878448,7.4754557609558105,0.13744491338729858,recon_dom_01_10
1328,,,,,,,,,,2.9620518684387207,0.24474313855171204,50.0,3.7067949771881104,0.39309167861938477,0.0,0.0,0.0,64.32270050048828,0.2439354807138443,77.60517883300781,0.13018125295639038,recon_dom_01_10
1329,,,,,,,,,,0.8010303378105164,10.753003120422363,0.7026739120483398,11.561059951782227,0.028032388538122177,6.069482697057538e-05,0.0,0.0,0.08312765508890152,0.22769683599472046,0.8835717439651489,0.14768072962760925,recon_dom_01_10
1330,,,,0.0,0.0,0.0,100.0,0.0,100.0,2.6654529571533203,0.8232742547988892,20.87845230102539,3.697511672973633,0.13387806713581085,0.0,0.0,0.0,11.330605506896973,0.23738332092761993,17.682361602783203,0.13536743819713593,recon_dom_01_10
1331,,,,,,,,,,3.1254489421844482,0.5066296458244324,25.09048080444336,3.882983446121216,0.15471524000167847,0.0,0.0,0.0,13.737192153930664,0.24074958264827728,21.084735870361328,0.13268467783927917,recon_dom_01_10
1332,,,,,,,,,,1.6734474897384644,2.7431607246398926,5.197830677032471,4.468586444854736,0.07076016068458557,0.0,0.0,0.0,2.1868717670440674,0.2186572104692459,5.2403974533081055,0.15093813836574554,recon_dom_01_10
1333,,,,,,,,,,2.5689103603363037,0.9678089618682861,14.973810195922852,3.686457395553589,0.13156166672706604,0.0,0.0,0.0,7.549696922302246,0.2388354241847992,13.458282470703125,0.13279849290847778,recon_dom_01_10
1334,,,,,,,,,,1.4446184635162354,5.014575958251953,1.9764562845230103,6.478959083557129,0.057468242943286896,0.0,0.0,0.0,0.5183048248291016,0.2323463410139084,2.267153739929199,0.1399867832660675,recon_dom_01_10
1335,,,,,,,,,,2.6590969562530518,1.1730073690414429,9.785261154174805,3.9299569129943848,0.10014146566390991,0.0,0.0,0.0,4.566672325134277,0.2361644208431244,9.361652374267578,0.13438741862773895,recon_dom_01_10
1336,,,,,,,,,,2.6476540565490723,0.3254792094230652,50.0,3.4731333255767822,1.1229959726333618,0.0,0.0,0.0,240.93685913085938,0.23956692218780518,261.0104675292969,0.13351662456989288,recon_dom_01_10
1337,,,,,,,,,,1.8803409337997437,0.33279290795326233,37.89952087402344,2.5921289920806885,0.1599273681640625,0.0,0.0,0.0,22.6586856842041,0.22180749475955963,28.80694007873535,0.155430406332016,recon_dom_01_10
1338,,,,,,,,,,2.6187052726745605,0.3165128529071808,50.0,3.435218095779419,0.5572572350502014,0.0,0.0,0.0,117.73616027832031,0.2376202493906021,130.5625762939453,0.1357702612876892,recon_dom_01_10
1339,,,,,,,,,,3.19996976852417,0.25865671038627625,50.0,3.9586265087127686,0.23551177978515625,0.0,0.0,0.0,35.23463821411133,0.2424038052558899,45.68949890136719,0.1325460523366928,recon_dom_01_10
1340,,,,0.0,0.0,0.0,100.0,50.0,100.0,2.0984058380126953,0.5678454041481018,43.53937911987305,3.101644992828369,0.1915769875049591,0.0,0.0,0.0,26.080537796020508,0.23690685629844666,32.927276611328125,0.13627994060516357,recon_dom_01_10
1341,,,,,,,,,,1.9786436557769775,0.2602698504924774,50.0,2.7389135360717773,0.29811951518058777,0.0,0.0,0.0,52.527687072753906,0.236608624458313,61.1203727722168,0.13680404424667358,recon_dom_01_10
1342,,,,,,,,,,2.8038277626037598,0.22874093055725098,50.0,3.5325686931610107,0.7875564098358154,0.0,0.0,0.0,152.45126342773438,0.24418221414089203,171.4820556640625,0.12985873222351074,recon_dom_01_10
1343,,,,,,,,,,2.285059690475464,0.8004926443099976,27.03819465637207,3.3559343814849854,0.1447697877883911,0.0,0.0,0.0,15.21035385131836,0.2388683557510376,22.133176803588867,0.1351592242717743,recon_dom_01_10
1344,,,,,,,,,,1.886108636856079,1.977761149406433,6.813492774963379,3.932004690170288,0.07650358974933624,0.0,0.0,0.0,3.1612462997436523,0.23598116636276245,6.465010643005371,0.13625019788742065,recon_dom_01_10
1345,,,,,,,,,,1.7424488067626953,1.4033808708190918,8.604783058166504,3.231877565383911,0.10206812620162964,0.0,0.0,0.0,4.248454570770264,0.23519158363342285,7.617567539215088,0.1368507444858551,recon_dom_01_10
1346,,,,,,,,,,2.3711092472076416,0.5071929097175598,50.0,3.3783020973205566,0.227432981133461,0.0,0.0,0.0,30.2399845123291,0.23857218027114868,38.65470886230469,0.13379228115081787,recon_dom_01_10
1347,,,,,,,,,,1.397371530532837,4.1014485359191895,2.279470682144165,5.5216145515441895,0.037868112325668335,0.0,0.0,0.0,0.8554366230964661,0.22971709072589874,2.3939404487609863,0.14751562476158142,recon_dom_01_10
1348,,,,,,,,,,1.5004920959472656,5.423233509063721,1.7667839527130127,6.9413933753967285,0.08121874928474426,0.0,0.0,0.0,0.3526465892791748,0.22606533765792847,1.9422036409378052,0.14335349202156067,recon_dom_01_10
1349,,,,,,,,,,2.6600897312164307,0.8671636581420898,18.823633193969727,3.715489625930786,0.12627603113651276,0.0,0.0,0.0,10.089035034179688,0.23532098531723022,16.13203239440918,0.1367080807685852,recon_dom_01_10
1350,,,,0.0,0.0,0.0,100.0,50.0,50.0,2.7037692070007324,1.4095252752304077,9.107742309570312,4.204371929168701,0.11162585020065308,0.0,0.0,0.0,4.1690850257873535,0.23777329921722412,8.686739921569824,0.13380274176597595,recon_dom_01_10
1351,,,,,,,,,,2.042130470275879,1.1479482650756836,12.118300437927246,3.3112616539001465,0.09807924926280975,0.0,0.0,0.0,6.2498626708984375,0.23797394335269928,10.681495666503906,0.1349503993988037,recon_dom_01_10
1352,,,,,,,,,,1.8734620809555054,1.2157278060913086,11.04330825805664,3.199622869491577,0.08775734901428223,0.0,0.0,0.0,5.776288032531738,0.23628991842269897,9.582015991210938,0.13596366345882416,recon_dom_01_10
1353,,,,,,,,,,0.7686148881912231,9.464812278747559,0.8071897625923157,10.241498947143555,0.044222548604011536,0.0,0.0,0.0,0.08357775211334229,0.23402751982212067,0.929833173751831,0.141799196600914,recon_dom_01_10
1354,,,,,,,,,,2.074587821960449,0.4508506655693054,50.0,3.0254385471343994,0.32665082812309265,0.0,0.0,0.0,59.41068649291992,0.23990020155906677,68.58074951171875,0.13364970684051514,recon_dom_01_10
1355,,,,,,,,,,2.0718297958374023,2.620014190673828,5.563024044036865,4.747474193572998,0.08299107849597931,0.0,0.0,0.0,2.288343906402588,0.2343396544456482,5.645200729370117,0.13690674304962158,recon_dom_01_10
1356,,,,,,,,,,2.5461490154266357,1.0913938283920288,15.531635284423828,3.7928590774536133,0.11529713869094849,0.0,0.0,0.0,8.115124702453613,0.23631301522254944,13.60533332824707,0.13728231191635132,recon_dom_01_10
1357,,,,,,,,,,2.270571708679199,2.267535448074341,4.760885238647461,4.585716247558594,0.08205503970384598,0.0,0.0,0.0,1.8931498527526855,0.23429298400878906,4.840727806091309,0.13667064905166626,recon_dom_01_10
1358,,,,,,,,,,1.9211273193359375,0.6413447260856628,20.534040451049805,2.767812490463257,0.11676537245512009,0.0,0.0,0.0,11.644737243652344,0.23648016154766083,16.53597640991211,0.138401597738266,recon_dom_01_10
1359,,,,,,,,,,2.872331142425537,1.0682642459869385,9.234344482421875,4.0329389572143555,0.08845323324203491,0.0,0.0,0.0,4.4170684814453125,0.23302948474884033,8.67570686340332,0.13852740824222565,recon_dom_01_10
1360,,,,0.0,0.0,0.0,100.0,100.0,100.0,1.5719878673553467,5.091564655303955,1.653869867324829,6.680091381072998,0.04619704931974411,0.0,0.0,0.0,0.37593841552734375,0.22609210014343262,2.019819974899292,0.1442711055278778,recon_dom_01_10
1361,,,,,,,,,,2.0275490283966064,0.2847001552581787,50.0,2.812249183654785,0.24102695286273956,0.0,0.0,0.0,39.03614807128906,0.23718386888504028,47.41641616821289,0.13628962635993958,recon_dom_01_10
1362,,,,,,,,,,2.4297800064086914,1.3394893407821655,5.401808738708496,3.8232874870300293,0.06426756083965302,0.0,0.0,0.0,2.3632452487945557,0.22785025835037231,5.360222816467285,0.1432967185974121,recon_dom_01_10
1363,,,,,,,,,,2.8373382091522217,0.19735610485076904,50.0,3.534694194793701,1.0069875717163086,0.0,0.0,0.0,210.30734252929688,0.24483676254749298,232.9588623046875,0.12946251034736633,recon_dom_01_10
1364,,,,,,,,,,3.251403331756592,0.23401783406734467,37.110233306884766,3.8565235137939453,0.19445881247520447,0.0,0.0,0.0,21.210979461669922,0.24170523881912231,29.77924919128418,0.13169565796852112,recon_dom_01_10
1365,,,,,,,,,,2.301656484603882,0.8997251987457275,7.4645609855651855,3.276027202606201,0.08573556691408157,0.0,0.0,0.0,3.563742160797119,0.23600846529006958,6.869546890258789,0.13767249882221222,recon_dom_01_10
1366,,,,,,,,,,1.4357054233551025,5.737663745880127,1.0238311290740967,7.183607578277588,0.05963709205389023,0.0,0.0,0.0,0.13263842463493347,0.22824031114578247,1.111586570739746,0.1439000368118286,recon_dom_01_10
1367,,,,,,,,,,2.261225700378418,0.3205839991569519,43.057029724121094,3.0123798847198486,0.16748513281345367,0.0,0.0,0.0,25.816015243530273,0.22750099003314972,32.73270034790039,0.1449180543422699,recon_dom_01_10
1368,,,,,,,,,,1.400238037109375,5.529761791229248,0.9381852149963379,6.9393815994262695,0.04537024348974228,0.0006579668843187392,0.0,0.0,0.12588992714881897,0.22767654061317444,1.0950733423233032,0.1448175609111786,recon_dom_01_10
1369,,,,,,,,,,1.9264262914657593,0.3162200450897217,50.0,2.7426462173461914,1.1056444644927979,6.69667088004644e-07,0.0,0.0,238.7974090576172,0.23211312294006348,257.0113830566406,0.1418198049068451,recon_dom_01_10
1370,,,,0.0,0.0,0.0,100.0,0.0,100.0,3.0792970657348633,0.21602307260036469,50.0,3.7953200340270996,0.5369925498962402,0.0,0.0,0.0,98.48854064941406,0.2440478801727295,115.78684997558594,0.13007056713104248,recon_dom_01_10
1371,,,,,,,,,,3.091031074523926,0.6521371006965637,8.996061325073242,3.8331286907196045,0.10752253979444504,0.0,0.0,0.0,4.243243217468262,0.23556840419769287,8.356266021728516,0.13515852391719818,recon_dom_01_10
1372,,,,,,,,,,1.7778379917144775,0.21090443432331085,50.0,2.4887423515319824,0.6945756673812866,0.0,0.0,0.0,147.85345458984375,0.2307596504688263,162.05484008789062,0.14592409133911133,recon_dom_01_10
1373,,,,,,,,,,1.215960144996643,8.940094947814941,0.5820446014404297,10.16187572479248,0.023232851177453995,0.01154767069965601,0.0,0.0,0.07282470911741257,0.2243059277534485,0.6877858638763428,0.15184426307678223,recon_dom_01_10
1374,,,,,,,,,,1.9147276878356934,0.19062545895576477,50.0,2.6053531169891357,0.32827892899513245,0.0,0.0,0.0,65.8119125366211,0.23897533118724823,75.13135528564453,0.1381351500749588,recon_dom_01_10
1375,,,,,,,,,,2.9415478706359863,0.3306398093700409,28.038467407226562,3.552572250366211,0.16966751217842102,0.0,0.0,0.0,15.77535343170166,0.24013516306877136,22.755115509033203,0.13205698132514954,recon_dom_01_10
1376,,,,,,,,,,2.3646979331970215,0.2572086453437805,50.0,3.1219065189361572,0.7469534873962402,0.0,0.0,0.0,155.56517028808594,0.236159086227417,170.78701782226562,0.13684991002082825,recon_dom_01_10
1377,,,,,,,,,,3.2161192893981934,0.14001967012882233,50.0,3.8561389446258545,0.3712650537490845,0.0,0.0,0.0,60.641876220703125,0.24392753839492798,74.32939910888672,0.1304660141468048,recon_dom_01_10
1378,,,,,,,,,,2.52606463432312,0.6703179478645325,12.406421661376953,3.320446729660034,0.0948394313454628,0.0,0.0,0.0,6.539400100708008,0.23215210437774658,10.71126937866211,0.13974006474018097,recon_dom_01_10
1379,,,,,,,,,,2.204413652420044,0.19676709175109863,50.0,2.9011807441711426,0.36352628469467163,0.0,0.0,0.0,71.24523162841797,0.22990651428699493,81.20555877685547,0.14187951385974884,recon_dom_01_10
1380,,,,0.0,0.0,0.0,100.0,0.0,50.0,3.2578201293945312,0.292410671710968,34.8610725402832,3.898841619491577,0.18180394172668457,0.0,0.0,0.0,19.828035354614258,0.2417777180671692,28.17322540283203,0.13229027390480042,recon_dom_01_10
1381,,,,,,,,,,3.3204829692840576,0.2201441079378128,40.209129333496094,3.942718267440796,0.20689162611961365,0.0,0.0,0.0,23.02791976928711,0.24214962124824524,32.21870422363281,0.13180071115493774,recon_dom_01_10
1382,,,,,,,,,,3.011671543121338,0.3009606599807739,36.37874984741211,3.676419734954834,0.1949254274368286,0.0,0.0,0.0,20.8516788482666,0.24200811982154846,29.03005599975586,0.13213127851486206,recon_dom_01_10
1383,,,,,,,,,,2.676254987716675,0.6033174395561218,50.0,3.7795724868774414,1.5436547994613647,0.0,0.0,0.0,334.5521240234375,0.24190664291381836,358.1006774902344,0.1312454491853714,recon_dom_01_10
1384,,,,,,,,,,2.4737868309020996,0.2556179463863373,50.0,3.2294046878814697,0.5256751775741577,0.0,0.0,0.0,109.98973846435547,0.24043388664722443,122.46037292480469,0.13447684049606323,recon_dom_01_10
1385,,,,,,,,,,2.856393337249756,0.2525022029876709,50.0,3.6088955402374268,0.32432201504707336,0.0,0.0,0.0,50.8677864074707,0.2399713695049286,61.934669494628906,0.1321866661310196,recon_dom_01_10
1386,,,,,,,,,,1.9437856674194336,0.9247785806655884,11.976832389831543,2.988332509994507,0.0921654999256134,0.0,0.0,0.0,6.3409624099731445,0.23147761821746826,10.275541305541992,0.14124134182929993,recon_dom_01_10
1387,,,,,,,,,,2.1341304779052734,0.9340555667877197,10.743273735046387,3.175618886947632,0.09818533062934875,0.0,0.0,0.0,5.510867118835449,0.2336151897907257,9.408411026000977,0.13912907242774963,recon_dom_01_10
1388,,,,,,,,,,2.4760489463806152,0.3199802339076996,50.0,3.2960290908813477,0.2434878796339035,0.0,0.0,0.0,38.084747314453125,0.2405526041984558,46.48820877075195,0.1331765055656433,recon_dom_01_10
1389,,,,,,,,,,1.91899573802948,0.5207881331443787,22.106225967407227,2.66084623336792,0.11853734403848648,0.009980478323996067,0.0,0.0,12.588263511657715,0.2356448471546173,17.755287170410156,0.14087355136871338,recon_dom_01_10
1390,,,,0.0,0.0,0.0,100.0,50.0,50.0,1.7340134382247925,1.0757116079330444,10.93379020690918,2.919062852859497,0.0753260925412178,0.00796346366405487,0.0,0.0,5.80989408493042,0.22982853651046753,9.403160095214844,0.14738792181015015,recon_dom_01_10
1391,,,,,,,,,,0.7730924487113953,12.15250015258789,0.721480131149292,12.932806968688965,0.028714735060930252,0.0001995367929339409,0.0,0.0,0.08646146953105927,0.22683678567409515,0.9072507619857788,0.14936378598213196,recon_dom_01_10
1392,,,,,,,,,,1.913966417312622,1.8209420442581177,9.138041496276855,3.826288938522339,0.1032557487487793,0.0,0.0,0.0,4.535304069519043,0.23738659918308258,8.098132133483887,0.13654278218746185,recon_dom_01_10
1393,,,,,,,,,,2.0417206287384033,1.752837061882019,7.135651111602783,3.8659141063690186,0.10431802272796631,0.0,0.0,0.0,3.2471084594726562,0.2371649444103241,6.659377574920654,0.13546885550022125,recon_dom_01_10
1394,,,,,,,,,,1.9862868785858154,0.41833993792533875,50.0,2.9046268463134766,0.8715315461158752,0.0,0.0,0.0,177.41094970703125,0.23932811617851257,197.8301239013672,0.13297313451766968,recon_dom_01_10
1395,,,,,,,,,,1.991628885269165,0.30547186732292175,50.0,2.797100782394409,0.5243858695030212,0.0,0.0,0.0,96.9700927734375,0.2374705970287323,107.2993392944336,0.13397809863090515,recon_dom_01_10
1396,,,,,,,,,,1.7963249683380127,1.6977312564849854,9.577664375305176,3.5898327827453613,0.08396843820810318,0.0003620625357143581,0.0,0.0,4.870099067687988,0.23391848802566528,8.499764442443848,0.14086884260177612,recon_dom_01_10
1397,,,,,,,,,,0.915708065032959,7.870048522949219,1.264503002166748,8.798401832580566,0.05086379498243332,0.0,0.0,0.0,0.2292969524860382,0.2368013858795166,1.4869954586029053,0.13709259033203125,recon_dom_01_10
1398,,,,,,,,,,2.164306640625,0.6571295857429504,21.032636642456055,3.0317625999450684,0.15367665886878967,0.0,0.0,0.0,11.721071243286133,0.2377016544342041,17.011962890625,0.13430431485176086,recon_dom_01_10
1399,,,,,,,,,,1.9027395248413086,1.6404188871383667,7.261378765106201,3.615772247314453,0.08135439455509186,0.0,0.0,0.0,3.327338218688965,0.23196648061275482,6.980369567871094,0.13886798918247223,recon_dom_01_10
1400,,,,0.0,0.0,0.0,100.0,100.0,100.0,1.7869987487792969,2.7055068016052246,2.659449577331543,4.519100189208984,0.0642196387052536,0.0,0.0,0.0,0.8697685599327087,0.22890658676624298,2.8630454540252686,0.14169758558273315,recon_dom_01_10
1401,,,,,,,,,,1.7721600532531738,2.458397150039673,6.600027084350586,4.296557426452637,0.07457531988620758,0.0,0.0,0.0,2.9745490550994873,0.2379516065120697,6.4303483963012695,0.13631710410118103,recon_dom_01_10
1402,,,,,,,,,,2.160667896270752,0.8213497400283813,18.628244400024414,3.168300151824951,0.11329187452793121,0.0,0.0,0.0,10.281464576721191,0.23709452152252197,15.485942840576172,0.13637658953666687,recon_dom_01_10
1403,,,,,,,,,,2.3007116317749023,2.663614511489868,4.531145095825195,5.009637832641602,0.08944405615329742,0.0,0.0,0.0,1.585816502571106,0.23493912816047668,4.922201633453369,0.13513582944869995,recon_dom_01_10
1404,,,,,,,,,,2.8327033519744873,0.8007907867431641,13.69844913482666,3.7704787254333496,0.1295585036277771,0.0,0.0,0.0,6.914770603179932,0.23889482021331787,12.19749927520752,0.13247455656528473,recon_dom_01_10
1405,,,,,,,,,,1.8734111785888672,1.0150249004364014,12.323246955871582,3.0116684436798096,0.08400997519493103,0.012973408214747906,0.0,0.0,6.750642776489258,0.2335474193096161,10.203764915466309,0.14342665672302246,recon_dom_01_10
1406,,,,,,,,,,2.2728981971740723,0.3357006907463074,38.39938735961914,2.9925928115844727,0.17653867602348328,0.0,0.0,0.0,22.54297637939453,0.2345404326915741,29.87300682067871,0.13759510219097137,recon_dom_01_10
1407,,,,,,,,,,2.624058246612549,0.20439082384109497,50.0,3.328449010848999,1.0269784927368164,0.0,0.0,0.0,199.11439514160156,0.24021929502487183,216.48529052734375,0.13230976462364197,recon_dom_01_10
1408,,,,,,,,,,2.3609161376953125,0.43787679076194763,20.68239974975586,3.0056169033050537,0.12396621704101562,0.0,0.0,0.0,11.675302505493164,0.23715758323669434,16.699975967407227,0.13562309741973877,recon_dom_01_10
1409,,,,,,,,,,2.0628228187561035,1.5845354795455933,7.952082633972168,3.726879119873047,0.08509190380573273,0.0,0.0,0.0,3.794189214706421,0.23370951414108276,7.390575408935547,0.137752503156662,recon_dom_01_10
1410,,,,0.0,0.0,0.0,100.0,100.0,100.0,1.8130898475646973,3.495413064956665,2.7074952125549316,5.335577964782715,0.07129935920238495,0.0,0.0,0.0,0.7859674692153931,0.2338113784790039,3.05582332611084,0.13738180696964264,recon_dom_01_10
1411,,,,,,,,,,1.7316482067108154,1.436276912689209,6.236613750457764,3.2302913665771484,0.06063113361597061,0.0,0.0,0.0,3.060462474822998,0.2215343415737152,5.670438289642334,0.15622983872890472,recon_dom_01_10
1412,,,,,,,,,,1.4230070114135742,5.583258152008057,1.5062048435211182,7.021327018737793,0.05333924666047096,0.0005470191827043891,0.0,0.0,0.3280866742134094,0.22549602389335632,1.7474901676177979,0.145801842212677,recon_dom_01_10
1413,,,,,,,,,,1.9141464233398438,3.6325764656066895,3.052318572998047,5.577246189117432,0.05369098484516144,0.0,0.0,0.0,1.0943171977996826,0.23039114475250244,3.304678440093994,0.14167991280555725,recon_dom_01_10
1414,,,,,,,,,,3.1726279258728027,0.19892661273479462,50.0,3.8715546131134033,0.276553213596344,0.0,0.0,0.0,40.02961730957031,0.24307827651500702,51.980255126953125,0.1309811770915985,recon_dom_01_10
1415,,,,,,,,,,3.0427539348602295,0.5544180274009705,14.307573318481445,3.7402477264404297,0.1267244517803192,0.0,0.0,0.0,7.241002082824707,0.23859667778015137,12.791364669799805,0.13407374918460846,recon_dom_01_10
1416,,,,,,,,,,2.0753090381622314,0.45526087284088135,15.148754119873047,2.6820573806762695,0.1001197025179863,0.0,0.0,0.0,8.359098434448242,0.2308911681175232,12.502669334411621,0.14632542431354523,recon_dom_01_10
1417,,,,,,,,,,2.625823736190796,0.9197193384170532,5.535487174987793,3.600898027420044,0.09553392976522446,0.0,0.0,0.0,2.263005256652832,0.23583471775054932,5.515135765075684,0.1366080343723297,recon_dom_01_10
1418,,,,,,,,,,2.3198118209838867,0.9254200458526611,6.242383003234863,3.3076558113098145,0.07510967552661896,1.2194878991067526e-06,0.0,0.0,2.9501287937164307,0.22988639771938324,5.758864402770996,0.14283834397792816,recon_dom_01_10
1419,,,,,,,,,,2.5066981315612793,0.42060136795043945,31.579021453857422,3.2430896759033203,0.152406707406044,0.0,0.0,0.0,18.298519134521484,0.23665955662727356,24.96202850341797,0.13789474964141846,recon_dom_01_10
1420,,,,0.0,0.0,0.0,100.0,50.0,100.0,2.2099790573120117,1.4037933349609375,5.656177520751953,3.6703341007232666,0.10090576112270355,0.0,0.0,0.0,2.475417137145996,0.23257805407047272,5.278027057647705,0.13960465788841248,recon_dom_01_10
1421,,,,,,,,,,2.717953681945801,0.1871742308139801,50.0,3.405128002166748,0.5715693235397339,0.0,0.0,0.0,110.97547149658203,0.24101881682872772,123.78458404541016,0.13170993328094482,recon_dom_01_10
1422,,,,,,,,,,2.9119744300842285,0.17865341901779175,50.0,3.590627908706665,0.5162524580955505,0.0,0.0,0.0,104.70832061767578,0.2412245273590088,116.3551025390625,0.1318911910057068,recon_dom_01_10
1423,,,,,,,,,,2.0627238750457764,0.9048706889152527,7.282729625701904,3.040421962738037,0.06318464130163193,0.008412106893956661,0.0,0.0,3.6552751064300537,0.23396864533424377,6.53085470199585,0.14295634627342224,recon_dom_01_10
1424,,,,,,,,,,2.4085628986358643,1.1214685440063477,5.842633247375488,3.5884578227996826,0.10267388820648193,0.0,0.0,0.0,2.4312548637390137,0.23965772986412048,5.721471309661865,0.13307476043701172,recon_dom_01_10
1425,,,,,,,,,,1.6055010557174683,4.167972564697266,1.5360969305038452,5.788834571838379,0.05651307851076126,0.0,0.0,0.0,0.3338125944137573,0.21931131184101105,1.7654341459274292,0.15070655941963196,recon_dom_01_10
1426,,,,,,,,,,1.567838430404663,4.197576999664307,1.37216055393219,5.779137134552002,0.043621063232421875,0.0,0.0,0.0,0.2848740220069885,0.2309509515762329,1.663738489151001,0.14216801524162292,recon_dom_01_10
1427,,,,,,,,,,2.7496650218963623,0.9887765645980835,7.993943214416504,3.8183810710906982,0.08559902012348175,0.0,0.0,0.0,3.682922601699829,0.23485203087329865,7.691816806793213,0.13631953299045563,recon_dom_01_10
1428,,,,,,,,,,2.5057411193847656,0.6551935076713562,11.151703834533691,3.272451639175415,0.08771850168704987,0.0,0.0,0.0,5.893595218658447,0.23409035801887512,9.564628601074219,0.13792386651039124,recon_dom_01_10
1429,,,,,,,,,,2.514413356781006,0.19174638390541077,50.0,3.206159830093384,0.35405418276786804,0.0,0.0,0.0,63.259952545166016,0.23942837119102478,73.25331115722656,0.13361144065856934,recon_dom_01_10
1430,,,,0.0,0.0,0.0,100.0,50.0,100.0,2.715254306793213,0.5902228951454163,7.09697961807251,3.3764469623565674,0.09536360204219818,0.0,0.0,0.0,3.150036334991455,0.23981475830078125,6.865694999694824,0.13296711444854736,recon_dom_01_10
1431,,,,,,,,,,1.7423861026763916,4.299582481384277,1.2060089111328125,6.054028511047363,0.06383469700813293,0.0,0.0,0.0,0.18095634877681732,0.22849944233894348,1.3372299671173096,0.14414182305335999,recon_dom_01_10
1432,,,,,,,,,,3.2209463119506836,0.1710149049758911,50.0,3.891961097717285,0.31879866123199463,0.0,0.0,0.0,52.14453125,0.24112945795059204,62.858924865722656,0.1318613886833191,recon_dom_01_10
1433,,,,,,,,,,2.432236671447754,0.1915099024772644,50.0,3.123746633529663,0.29721519351005554,0.0,0.0,0.0,52.2863883972168,0.235557422041893,62.3173828125,0.1373567283153534,recon_dom_01_10
1434,,,,,,,,,,1.4475311040878296,5.08281135559082,0.9745925068855286,6.540088176727295,0.04853826016187668,0.0,0.0,0.0,0.13434618711471558,0.22583062946796417,1.1203713417053223,0.14786304533481598,recon_dom_01_10
1435,,,,,,,,,,1.5886348485946655,2.5724306106567383,1.8377881050109863,4.179443359375,0.04864096641540527,0.0,0.0,0.0,0.5576075911521912,0.2345534861087799,1.9987633228302002,0.14138564467430115,recon_dom_01_10
1436,,,,,,,,,,2.1751184463500977,0.16421720385551453,50.0,2.8393356800079346,0.5124847292900085,0.0,0.0,0.0,93.60719299316406,0.2396799921989441,105.66439056396484,0.1339239478111267,recon_dom_01_10
1437,,,,,,,,,,3.370879650115967,0.36042845249176025,10.024581909179688,3.8315539360046387,0.10946495085954666,0.0,0.0,0.0,4.770821571350098,0.2386830598115921,9.338409423828125,0.13362917304039001,recon_dom_01_10
1438,,,,,,,,,,2.841010570526123,0.3623018264770508,13.77230453491211,3.3410353660583496,0.12695644795894623,0.0,0.0,0.0,7.087583541870117,0.23870596289634705,12.025422096252441,0.13357830047607422,recon_dom_01_10
1439,,,,,,,,,,2.349125862121582,0.15771879255771637,50.0,3.0068447589874268,0.5289418697357178,0.0,0.0,0.0,106.86647033691406,0.23312801122665405,119.92465209960938,0.13888275623321533,recon_dom_01_10
1440,,,,0.0,0.0,0.0,100.0,0.0,50.0,3.0624632835388184,0.5416896343231201,8.646628379821777,3.6906192302703857,0.10490559041500092,0.0,0.0,0.0,3.9862260818481445,0.23838591575622559,8.197128295898438,0.13471747934818268,recon_dom_01_10
1441,,,,,,,,,,3.0796475410461426,0.3911403715610504,9.5442533493042,3.566230535507202,0.10285855829715729,0.0,0.0,0.0,4.6974592208862305,0.23776817321777344,8.590534210205078,0.13456901907920837,recon_dom_01_10
1442,,,,,,,,,,3.353886127471924,0.23172040283679962,25.86190414428711,3.8442256450653076,0.153723806142807,0.0,0.0,0.0,14.529534339904785,0.23944005370140076,21.053102493286133,0.13255661725997925,recon_dom_01_10
1443,,,,,,,,,,2.129223346710205,1.5779460668563843,3.174827814102173,3.738917589187622,0.06582357734441757,0.0,0.0,0.0,1.1740431785583496,0.2338113784790039,3.2684733867645264,0.14048878848552704,recon_dom_01_10
1444,,,,,,,,,,3.132394552230835,0.32544583082199097,50.0,3.9578404426574707,0.6450695991516113,0.0,0.0,0.0,134.48062133789062,0.24185208976268768,149.25306701660156,0.13126859068870544,recon_dom_01_10
1445,,,,,,,,,,2.9963624477386475,0.27686694264411926,50.0,3.7732293605804443,1.3417253494262695,0.0,0.0,0.0,291.225830078125,0.24355629086494446,305.88427734375,0.1310793161392212,recon_dom_01_10
1446,,,,,,,,,,1.3359017372131348,5.561331272125244,0.9056410789489746,6.906289577484131,0.03493795916438103,0.0,0.0,0.0,0.13784915208816528,0.22741302847862244,1.1114364862442017,0.14642617106437683,recon_dom_01_10
1447,,,,,,,,,,1.7729401588439941,3.977987766265869,1.203658103942871,5.762964725494385,0.052456408739089966,0.0,0.0,0.0,0.2156592160463333,0.2213497757911682,1.3776326179504395,0.14765584468841553,recon_dom_01_10
1448,,,,,,,,,,2.575561285018921,0.5667927265167236,50.0,3.6423540115356445,1.5958430767059326,0.0,0.0,0.0,339.6532897949219,0.23944157361984253,361.57623291015625,0.13220691680908203,recon_dom_01_10
1449,,,,,,,,,,1.427351951599121,6.876495838165283,0.9009802341461182,8.312857627868652,0.032988887280225754,0.0008341723587363958,0.0,0.0,0.13786190748214722,0.22360554337501526,1.1204051971435547,0.14776594936847687,recon_dom_01_10
1450,,,,0.0,0.0,0.0,100.0,50.0,100.0,1.7023115158081055,0.21515107154846191,50.0,2.4174625873565674,0.5766291618347168,0.0,0.0,0.0,118.54426574707031,0.23179343342781067,133.47564697265625,0.14527451992034912,recon_dom_01_10
1451,,,,,,,,,,2.9436421394348145,0.18172098696231842,50.0,3.6253631114959717,1.0357351303100586,0.0,0.0,0.0,222.9612579345703,0.24430707097053528,247.0211639404297,0.12987768650054932,recon_dom_01_10
1452,,,,,,,,,,2.522679328918457,0.296112060546875,31.358659744262695,3.132378101348877,0.18172135949134827,0.0,0.0,0.0,18.030071258544922,0.236455500125885,24.765560150146484,0.13553935289382935,recon_dom_01_10
1453,,,,,,,,,,1.775436282157898,3.166114568710327,1.804081916809082,4.959591865539551,0.06702961027622223,0.0,0.0,0.0,0.4098436236381531,0.22525137662887573,2.0442166328430176,0.14456821978092194,recon_dom_01_10
1454,,,,,,,,,,1.8838227987289429,2.655181646347046,2.065477132797241,4.559659004211426,0.05109478905797005,0.0,0.0,0.0,0.5695998072624207,0.23098137974739075,2.4065804481506348,0.14015105366706848,recon_dom_01_10
1455,,,,,,,,,,2.560840606689453,0.22451621294021606,50.0,3.2853567600250244,0.5357418060302734,0.0,0.0,0.0,102.91203308105469,0.23881429433822632,115.369873046875,0.13359230756759644,recon_dom_01_10
1456,,,,,,,,,,1.4207247495651245,6.499529838562012,1.10921049118042,7.931346893310547,0.04664267599582672,0.0,0.0,0.0,0.16010096669197083,0.2289920449256897,1.357278823852539,0.14357493817806244,recon_dom_01_10
1457,,,,,,,,,,2.965749502182007,0.9362193942070007,7.000460624694824,3.971973419189453,0.09367142617702484,0.0,0.0,0.0,3.0707695484161377,0.23597723245620728,6.84844970703125,0.13511180877685547,recon_dom_01_10
1458,,,,,,,,,,2.1387619972229004,0.2447994202375412,50.0,2.883561372756958,0.42862945795059204,0.0,0.0,0.0,85.71520233154297,0.2350320965051651,97.7075424194336,0.1379140317440033,recon_dom_01_10
1459,,,,,,,,,,1.8702653646469116,2.0395047664642334,3.30033278465271,3.9427733421325684,0.0731700211763382,0.0,0.0,0.0,1.2266367673873901,0.23212653398513794,3.3413033485412598,0.13981598615646362,recon_dom_01_10
1460,,,,0.0,0.0,0.0,100.0,100.0,100.0,2.007171869277954,0.49199044704437256,20.05084800720215,2.6996707916259766,0.10533034056425095,0.0,0.0,0.0,11.450611114501953,0.22346223890781403,16.071460723876953,0.15507031977176666,recon_dom_01_10
1461,,,,,,,,,,2.1442530155181885,1.2172688245773315,5.7726593017578125,3.419248342514038,0.09963410347700119,0.0,0.0,0.0,2.427962303161621,0.23747089505195618,5.618534088134766,0.13512250781059265,recon_dom_01_10
1462,,,,,,,,,,1.974360466003418,0.23789970576763153,50.0,2.7122602462768555,0.35459572076797485,0.0,0.0,0.0,66.39763641357422,0.23685012757778168,77.24933624267578,0.13694120943546295,recon_dom_01_10
1463,,,,,,,,,,2.081803798675537,0.22371365129947662,50.0,2.8055174350738525,0.34393510222435,0.0,0.0,0.0,65.09483337402344,0.23365354537963867,75.85282135009766,0.14073950052261353,recon_dom_01_10
1464,,,,,,,,,,1.9961533546447754,0.21993020176887512,50.0,2.716083526611328,0.49849969148635864,0.0,0.0,0.0,101.4664077758789,0.23907870054244995,114.9268798828125,0.134757399559021,recon_dom_01_10
1465,,,,,,,,,,3.1675992012023926,0.2619832456111908,50.0,3.929582357406616,0.2700710892677307,0.0,0.0,0.0,43.495174407958984,0.24265903234481812,53.83568572998047,0.13232651352882385,recon_dom_01_10
1466,,,,,,,,,,2.9503173828125,0.4847584664821625,15.197181701660156,3.587047576904297,0.1292913854122162,0.0,0.0,0.0,7.775383472442627,0.24080398678779602,13.476085662841797,0.1321830451488495,recon_dom_01_10
1467,,,,,,,,,,1.9220365285873413,0.28908440470695496,50.0,2.711120843887329,1.1063910722732544,0.0,0.0,0.0,243.5810546875,0.2352442443370819,260.70587158203125,0.1388390064239502,recon_dom_01_10
1468,,,,,,,,,,2.743471622467041,0.26885509490966797,50.0,3.512326717376709,0.7292056083679199,0.0,0.0,0.0,148.36244201660156,0.23990444839000702,164.3618621826172,0.13215458393096924,recon_dom_01_10
1469,,,,,,,,,,2.677398681640625,0.46459701657295227,19.369722366333008,3.335692882537842,0.16797225177288055,0.0,0.0,0.0,10.163179397583008,0.24115122854709625,16.658849716186523,0.1314234584569931,recon_dom_01_10
1470,,,,0.0,0.0,0.0,100.0,50.0,0.0,2.101914167404175,0.6266661882400513,12.161100387573242,2.850191354751587,0.08083270490169525,0.0,0.0,0.0,6.578437805175781,0.23446324467658997,10.281414031982422,0.14346113801002502,recon_dom_01_10
1471,,,,,,,,,,2.741241216659546,0.2797218859195709,50.0,3.520963191986084,0.48388442397117615,0.0,0.0,0.0,92.8970718383789,0.2405543029308319,108.56282806396484,0.13323919475078583,recon_dom_01_10
1472,,,,,,,,,,2.3626151084899902,0.39754611253738403,30.786237716674805,3.068023681640625,0.14954355359077454,0.0,0.0,0.0,17.800048828125,0.23747922480106354,24.402435302734375,0.13505549728870392,recon_dom_01_10
1473,,,,,,,,,,2.934544563293457,0.2516361176967621,50.0,3.686180591583252,0.35291603207588196,0.0,0.0,0.0,60.578773498535156,0.24124762415885925,72.60030364990234,0.13317202031612396,recon_dom_01_10
1474,,,,,,,,,,0.7689968943595886,8.115116119384766,0.7721638083457947,8.891834259033203,0.029006101191043854,0.0,0.0,0.0,0.1286817044019699,0.22491201758384705,0.9219036102294922,0.15008628368377686,recon_dom_01_10
1475,,,,,,,,,,1.2306331396102905,8.324535369873047,0.8989075422286987,9.564157485961914,0.034649237990379333,2.2609894585912116e-05,0.0,0.0,0.12912119925022125,0.22967225313186646,1.1187199354171753,0.14190354943275452,recon_dom_01_10
1476,,,,,,,,,,2.7664906978607178,0.32102030515670776,50.0,3.5875110626220703,0.29203301668167114,0.0,0.0,0.0,50.081016540527344,0.24004670977592468,61.657752990722656,0.13316312432289124,recon_dom_01_10
1477,,,,,,,,,,2.5969367027282715,0.7890205383300781,21.808631896972656,3.604043483734131,0.12750568985939026,0.0,0.0,0.0,11.844622611999512,0.24023286998271942,18.578176498413086,0.1336962729692459,recon_dom_01_10
1478,,,,,,,,,,2.9888319969177246,0.2681906223297119,50.0,3.7570226192474365,0.3026302456855774,0.0,0.0,0.0,45.17048645019531,0.24231064319610596,56.491119384765625,0.13143575191497803,recon_dom_01_10
1479,,,,,,,,,,1.4981430768966675,2.9103200435638428,2.9062178134918213,4.437525272369385,0.045890823006629944,0.0,0.0,0.0,1.1429203748703003,0.23451659083366394,2.9926669597625732,0.1405826359987259,recon_dom_01_10
1480,,,,0.0,0.0,0.0,100.0,0.0,100.0,2.188567876815796,0.26312893629074097,50.0,2.9516968727111816,0.28648874163627625,0.0,0.0,0.0,48.354591369628906,0.23448419570922852,57.89138412475586,0.13766324520111084,recon_dom_01_10
1481,,,,,,,,,,2.6428842544555664,0.8411948084831238,16.522193908691406,3.649301052093506,0.12967121601104736,0.0,0.0,0.0,8.663445472717285,0.24023154377937317,14.34621810913086,0.13261044025421143,recon_dom_01_10
1482,,,,,,,,,,1.7874678373336792,2.6487576961517334,4.292451858520508,4.47914981842041,0.06958318501710892,0.0,0.0,0.0,1.6811347007751465,0.23282483220100403,4.452449321746826,0.13894131779670715,recon_dom_01_10
1483,,,,,,,,,,1.602046251296997,3.1509270668029785,4.237729549407959,4.795350551605225,0.06637436151504517,0.0,0.0,0.0,1.649009346961975,0.23553141951560974,4.438732147216797,0.13929304480552673,recon_dom_01_10
1484,,,,,,,,,,0.6957020163536072,12.123225212097168,0.6884542107582092,12.825811386108398,0.0274046640843153,8.063909263000824e-06,0.0,0.0,0.08388686180114746,0.22042863070964813,0.8603334426879883,0.15326419472694397,recon_dom_01_10
1485,,,,,,,,,,2.1501412391662598,0.5995749831199646,28.478355407714844,3.0344998836517334,0.14097082614898682,0.0,0.0,0.0,16.48881721496582,0.23747719824314117,22.494693756103516,0.1359069049358368,recon_dom_01_10
1486,,,,,,,,,,1.771637201309204,0.33062946796417236,50.0,2.602266788482666,0.3141690492630005,0.0,0.0,0.0,52.1110725402832,0.2332231104373932,62.199954986572266,0.14037907123565674,recon_dom_01_10
1487,,,,,,,,,,0.8189702033996582,8.990641593933105,1.1527422666549683,9.821139335632324,0.039489809423685074,0.0,0.0,0.0,0.24371635913848877,0.22870661318302155,1.3489457368850708,0.14233337342739105,recon_dom_01_10
1488,,,,,,,,,,1.517404556274414,1.7211216688156128,9.464798927307129,3.333174228668213,0.0921228900551796,0.0,0.0,0.0,4.754111289978027,0.23422092199325562,8.425426483154297,0.1393817961215973,recon_dom_01_10
1489,,,,,,,,,,1.61302649974823,3.9540693759918213,4.161253452301025,5.608708381652832,0.07392759621143341,0.0,0.0,0.0,1.60933256149292,0.23373638093471527,4.290104866027832,0.13856706023216248,recon_dom_01_10
1490,,,,0.0,0.0,0.0,100.0,100.0,100.0,1.3906911611557007,4.248960494995117,2.4153170585632324,5.66380500793457,0.04855453222990036,0.0008527666213922203,0.0,0.0,0.8047592639923096,0.22921466827392578,2.6592295169830322,0.1439616084098816,recon_dom_01_10
1491,,,,,,,,,,1.8260607719421387,6.039574146270752,50.0,8.36563491821289,1.9449565410614014,0.0,0.0,0.0,435.0408935546875,0.23229578137397766,442.73046875,0.13580918312072754,recon_dom_01_10
1492,,,,,,,,,,2.255845785140991,1.015645980834961,13.133450508117676,3.4028263092041016,0.11174667626619339,0.0,0.0,0.0,6.851510524749756,0.23722846806049347,11.372016906738281,0.13475364446640015,recon_dom_01_10
1493,,,,,,,,,,2.4447240829467773,0.6805760860443115,20.968311309814453,3.3349833488464355,0.14002224802970886,0.0,0.0,0.0,11.662168502807617,0.23622003197669983,17.137731552124023,0.13544192910194397,recon_dom_01_10
1494,,,,,,,,,,1.3805198669433594,4.697841167449951,2.241550922393799,6.100776672363281,0.0741555243730545,0.0,0.0,0.0,0.6169285178184509,0.23254986107349396,2.433269500732422,0.13955140113830566,recon_dom_01_10
1495,,,,,,,,,,1.691815733909607,0.23247136175632477,50.0,2.4242870807647705,0.421403706073761,0.0,0.0,0.0,84.45323944091797,0.23024657368659973,97.01414489746094,0.14686474204063416,recon_dom_01_10
1496,,,,,,,,,,1.1952123641967773,6.650486946105957,1.2260990142822266,7.857960224151611,0.05004895105957985,0.0,0.0,0.0,0.23088917136192322,0.22876709699630737,1.4151873588562012,0.14494749903678894,recon_dom_01_10
1497,,,,,,,,,,0.849287748336792,11.042339324951172,0.573825478553772,11.89736557006836,0.02142074704170227,0.00040592430741526186,0.0,0.0,0.07910609245300293,0.22689417004585266,0.6990092396736145,0.15015625953674316,recon_dom_01_10
1498,,,,,,,,,,2.2918379306793213,1.3499456644058228,11.490169525146484,3.756685256958008,0.09949655085802078,0.0,0.0,0.0,5.810449600219727,0.2342752069234848,10.290406227111816,0.1360761523246765,recon_dom_01_10
1499,,,,,,,,,,2.0248260498046875,0.5396228432655334,19.865684509277344,2.763105630874634,0.12013232707977295,2.951196393041755e-06,0.0,0.0,11.01065731048584,0.2346983551979065,16.434179306030273,0.13804879784584045,recon_dom_01_10
1500,,,,0.0,0.0,0.0,100.0,50.0,100.0,2.0788867473602295,0.3848428726196289,40.37996292114258,2.8675291538238525,0.2017228901386261,0.0,0.0,0.0,23.942480087280273,0.24013751745224,30.783098220825195,0.13306346535682678,recon_dom_01_10
1501,,,,,,,,,,2.1224019527435303,0.237252876162529,50.0,2.8596549034118652,0.746638834476471,0.0,0.0,0.0,147.5809783935547,0.23544049263000488,162.51705932617188,0.13660860061645508,recon_dom_01_10
1502,,,,,,,,,,2.9698891639709473,0.48632490634918213,27.00843048095703,3.7262983322143555,0.14819133281707764,0.0,0.0,0.0,15.17289924621582,0.2387695461511612,22.114370346069336,0.13513442873954773,recon_dom_01_10
1503,,,,,,,,,,2.9449591636657715,0.5017348527908325,16.596012115478516,3.612654209136963,0.13303644955158234,0.0,0.0,0.0,8.846232414245605,0.2403254508972168,14.094534873962402,0.13297992944717407,recon_dom_01_10
1504,,,,,,,,,,2.910825252532959,0.41501522064208984,27.84244155883789,3.604264974594116,0.1636090874671936,0.0,0.0,0.0,15.857878684997559,0.23799172043800354,22.258705139160156,0.13364958763122559,recon_dom_01_10
1505,,,,,,,,,,2.042186975479126,0.9463468194007874,7.923480033874512,3.0677685737609863,0.0691739171743393,0.0,0.0,0.0,3.875401496887207,0.23141524195671082,7.32928466796875,0.1442519575357437,recon_dom_01_10
1506,,,,,,,,,,2.624598503112793,0.20206154882907867,50.0,3.32666015625,0.6436158418655396,0.0,0.0,0.0,126.35676574707031,0.24192896485328674,141.6648712158203,0.13151642680168152,recon_dom_01_10
1507,,,,,,,,,,2.4293909072875977,0.9934532642364502,16.988780975341797,3.5927319526672363,0.11559851467609406,0.0,0.0,0.0,9.154607772827148,0.23918768763542175,14.437501907348633,0.13510878384113312,recon_dom_01_10
1508,,,,,,,,,,1.1137981414794922,4.948884963989258,1.3864049911499023,6.076547145843506,0.02888561598956585,0.0,0.0,0.0,0.3904307782649994,0.2241152971982956,1.627673625946045,0.15297740697860718,recon_dom_01_10
1509,,,,,,,,,,1.8033846616744995,3.1515917778015137,2.771920919418335,4.982695579528809,0.059796445071697235,0.0,0.0,0.0,0.8606597185134888,0.23062655329704285,3.1507833003997803,0.13824504613876343,recon_dom_01_10
1510,,,,0.0,0.0,0.0,100.0,0.0,100.0,1.9002339839935303,4.1962409019470215,2.3811757564544678,6.120286464691162,0.048723045736551285,0.0,0.0,0.0,0.734473466873169,0.22978827357292175,2.731900930404663,0.14157870411872864,recon_dom_01_10
1511,,,,,,,,,,2.0670979022979736,2.1561381816864014,3.956855535507202,4.2628045082092285,0.09508460760116577,0.0,0.0,0.0,1.4177100658416748,0.23340830206871033,4.053500652313232,0.13631360232830048,recon_dom_01_10
1512,,,,,,,,,,2.754215717315674,0.7917439341545105,14.007240295410156,3.6860320568084717,0.12473747134208679,0.0,0.0,0.0,7.1515045166015625,0.24016515910625458,12.389379501342773,0.133419007062912,recon_dom_01_10
1513,,,,,,,,,,0.7222119569778442,13.212255477905273,0.4874308705329895,13.93934154510498,0.019877638667821884,0.006723138503730297,0.0,0.0,0.07617905735969543,0.22484129667282104,0.5346840620040894,0.15314370393753052,recon_dom_01_10
1514,,,,,,,,,,1.9848079681396484,0.2882993817329407,42.97063064575195,2.7028136253356934,0.17697107791900635,0.0,0.0,0.0,25.87883186340332,0.23243257403373718,32.338356018066406,0.14521926641464233,recon_dom_01_10
1515,,,,,,,,,,1.6543550491333008,1.8049428462982178,5.406347751617432,3.5133614540100098,0.06003150716423988,0.0,0.0,0.0,2.497692346572876,0.23650820553302765,5.142020225524902,0.13836851716041565,recon_dom_01_10
1516,,,,,,,,,,1.8959707021713257,0.22855813801288605,50.0,2.6245288848876953,0.27780410647392273,0.0,0.0,0.0,47.85887145996094,0.2385348677635193,56.851585388183594,0.13826516270637512,recon_dom_01_10
1517,,,,,,,,,,1.8593573570251465,0.18304073810577393,50.0,2.542397975921631,0.4211816191673279,0.0,0.0,0.0,80.43563842773438,0.23141291737556458,91.6644515991211,0.14546465873718262,recon_dom_01_10
1518,,,,,,,,,,2.4978749752044678,0.6771655082702637,12.451162338256836,3.2995522022247314,0.10353851318359375,0.0,0.0,0.0,6.464178085327148,0.2370818555355072,10.864029884338379,0.1356847882270813,recon_dom_01_10
1519,,,,,,,,,,2.961815357208252,0.3141906261444092,46.114261627197266,3.7371485233306885,0.21179035305976868,0.0,0.0,0.0,27.293617248535156,0.23882223665714264,35.448768615722656,0.1342490017414093,recon_dom_01_10
1520,,,,0.0,0.0,0.0,100.0,50.0,50.0,2.928737163543701,0.1720133274793625,50.0,3.60075044631958,0.43307268619537354,0.0,0.0,0.0,73.75859832763672,0.24407294392585754,89.16093444824219,0.13047289848327637,recon_dom_01_10
1521,,,,,,,,,,2.116267681121826,1.5645288228988647,4.373705863952637,3.7245335578918457,0.08494029939174652,0.0,0.0,0.0,1.6360628604888916,0.23499849438667297,4.551835060119629,0.13523830473423004,recon_dom_01_10
1522,,,,,,,,,,1.7788408994674683,2.8049933910369873,2.4653706550598145,4.608488082885742,0.07750485837459564,0.0,0.0,0.0,0.6496351361274719,0.23130059242248535,2.7823452949523926,0.13908416032791138,recon_dom_01_10
1523,,,,,,,,,,2.2569739818573,0.21390417218208313,50.0,2.9708781242370605,0.39820414781570435,0.0,0.0,0.0,68.61872100830078,0.24055251479148865,80.3107681274414,0.1325635462999344,recon_dom_01_10
1524,,,,,,,,,,1.8258960247039795,0.23304766416549683,50.0,2.558943748474121,0.7721542119979858,0.0,0.0,0.0,166.0384979248047,0.23910164833068848,182.63909912109375,0.1342346966266632,recon_dom_01_10
1525,,,,,,,,,,2.1521284580230713,0.2649816870689392,50.0,2.9171102046966553,0.28969869017601013,0.0,0.0,0.0,47.716712951660156,0.234612375497818,56.95295333862305,0.13811923563480377,recon_dom_01_10
1526,,,,,,,,,,1.6122105121612549,4.902785778045654,1.4096876382827759,6.529093265533447,0.04332413896918297,0.0,0.0,0.0,0.3035162091255188,0.2292785346508026,1.7043569087982178,0.1444443315267563,recon_dom_01_10
1527,,,,,,,,,,2.654217481613159,0.5278996229171753,26.850631713867188,3.4506235122680664,0.1537747085094452,0.0,0.0,0.0,14.987130165100098,0.23981055617332458,22.114551544189453,0.13369791209697723,recon_dom_01_10
1528,,,,,,,,,,0.9269816875457764,8.574361801147461,0.8860917687416077,9.510204315185547,0.0331178717315197,0.0,0.0,0.0,0.13526390492916107,0.23054352402687073,1.0957890748977661,0.14289629459381104,recon_dom_01_10
1529,,,,,,,,,,2.4380760192871094,1.4586445093154907,5.524868488311768,3.9519691467285156,0.08800118416547775,0.0,0.0,0.0,2.2800302505493164,0.23763245344161987,5.535140037536621,0.134992316365242,recon_dom_01_10
1530,,,,0.0,0.0,0.0,100.0,0.0,100.0,2.1946518421173096,0.5605922937393188,15.437826156616211,2.9096224308013916,0.11596709489822388,0.0,0.0,0.0,8.434440612792969,0.23397526144981384,12.772553443908691,0.13876089453697205,recon_dom_01_10
1531,,,,,,,,,,0.9074037075042725,7.857084274291992,0.7749122977256775,8.772236824035645,0.026975523680448532,0.0,0.0,0.0,0.12609991431236267,0.22219663858413696,0.9527236819267273,0.153532013297081,recon_dom_01_10
1532,,,,,,,,,,1.1418830156326294,7.095049858093262,1.2118124961853027,8.249051094055176,0.04561389982700348,0.000364558189176023,0.0,0.0,0.22964316606521606,0.2224707156419754,1.4330637454986572,0.1495620608329773,recon_dom_01_10
1533,,,,,,,,,,1.3763148784637451,4.426794052124023,2.5192441940307617,5.828301429748535,0.049539584666490555,0.0,0.0,0.0,0.880852222442627,0.21862532198429108,2.7070953845977783,0.15283885598182678,recon_dom_01_10
1534,,,,,,,,,,2.2360668182373047,0.3220641314983368,48.483665466308594,3.0429675579071045,0.1922512650489807,0.0,0.0,0.0,29.134380340576172,0.23441022634506226,36.70149230957031,0.1384449601173401,recon_dom_01_10
1535,,,,,,,,,,2.6678409576416016,1.0824363231658936,9.813175201416016,3.8484089374542236,0.10876457393169403,0.0,0.0,0.0,4.653633117675781,0.24004444479942322,9.156883239746094,0.1327284872531891,recon_dom_01_10
1536,,,,,,,,,,2.8733327388763428,0.15079845488071442,50.0,3.5241312980651855,0.6438023447990417,0.0,0.0,0.0,120.91131591796875,0.24438261985778809,138.22906494140625,0.12974825501441956,recon_dom_01_10
1537,,,,,,,,,,1.6951435804367065,4.018832206726074,1.7298202514648438,5.731274127960205,0.06686051934957504,0.0,0.0,0.0,0.38587623834609985,0.23318403959274292,1.9447609186172485,0.1394251585006714,recon_dom_01_10
1538,,,,,,,,,,3.016033887863159,0.5419104099273682,17.54192543029785,3.733363628387451,0.11664025485515594,0.0,0.0,0.0,9.482264518737793,0.2398751974105835,14.878178596496582,0.133839413523674,recon_dom_01_10
1539,,,,,,,,,,3.191636562347412,0.4377480745315552,21.778091430664062,3.847165584564209,0.12967638671398163,0.0,0.0,0.0,11.924921989440918,0.23948553204536438,18.334693908691406,0.1349135935306549,recon_dom_01_10
1540,,,,0.0,0.0,0.0,100.0,0.0,100.0,3.2896838188171387,0.34658679366111755,17.37984275817871,3.8100690841674805,0.11909665912389755,0.0,0.0,0.0,9.40061092376709,0.23715248703956604,14.693038940429688,0.13514801859855652,recon_dom_01_10
1541,,,,,,,,,,2.238556385040283,2.6354482173919678,4.777583122253418,4.921780586242676,0.08644220232963562,0.0,0.0,0.0,1.8516912460327148,0.23536108434200287,4.9129862785339355,0.13651925325393677,recon_dom_01_10
1542,,,,,,,,,,1.1111040115356445,6.201235771179199,1.09489107131958,7.323288917541504,0.036900512874126434,0.0,0.0,0.0,0.18034574389457703,0.22888104617595673,1.3856221437454224,0.14343485236167908,recon_dom_01_10
1543,,,,,,,,,,1.3120770454406738,4.059358596801758,1.4157297611236572,5.385592937469482,0.03963911533355713,0.01133044995367527,0.0,0.0,0.3603889048099518,0.227120041847229,1.6163816452026367,0.14911967515945435,recon_dom_01_10
1544,,,,,,,,,,2.113774061203003,1.2748630046844482,6.067204475402832,3.4493091106414795,0.09667599946260452,0.0,0.0,0.0,2.6333277225494385,0.23491397500038147,5.826607704162598,0.13701392710208893,recon_dom_01_10
1545,,,,,,,,,,2.2260265350341797,0.6590920686721802,13.570426940917969,3.020822763442993,0.08999548852443695,0.00020726096408907324,0.0,0.0,7.292070388793945,0.2301308661699295,11.581464767456055,0.14425963163375854,recon_dom_01_10
1546,,,,,,,,,,2.900290012359619,0.48920348286628723,22.44036865234375,3.6138970851898193,0.167461559176445,0.0,0.0,0.0,12.013193130493164,0.23990124464035034,19.10529899597168,0.13229474425315857,recon_dom_01_10
1547,,,,,,,,,,2.2927112579345703,0.7783562541007996,12.33434009552002,3.194410800933838,0.10599125921726227,0.0,0.0,0.0,6.443953037261963,0.2350078523159027,10.646499633789062,0.13679684698581696,recon_dom_01_10
1548,,,,,,,,,,3.157794713973999,0.2400810867547989,50.0,3.8978757858276367,0.2439940869808197,0.0,0.0,0.0,34.04208755493164,0.24136506021022797,45.06159973144531,0.13211962580680847,recon_dom_01_10
1549,,,,,,,,,,1.8079915046691895,1.259684443473816,7.471079349517822,3.1423866748809814,0.07563720643520355,0.00018263375386595726,0.0,0.0,3.6535112857818604,0.23156064748764038,6.8037238121032715,0.14181584119796753,recon_dom_01_10
1550,,,,0.0,0.0,50.0,100.0,100.0,100.0,0.7561405897140503,8.290987014770508,0.7966417670249939,9.055093765258789,0.036694761365652084,0.0,0.0,0.0,0.158408522605896,0.23025962710380554,0.8340932130813599,0.14686870574951172,recon_dom_01_10
1551,,,,,,,,,,1.6606273651123047,3.546741008758545,1.6889405250549316,5.224257946014404,0.04929474741220474,0.0,0.0,0.0,0.4209372401237488,0.23095878958702087,1.968896746635437,0.13985377550125122,recon_dom_01_10
1552,,,,,,,,,,2.2769744396209717,0.21817214787006378,50.0,2.9951465129852295,0.36811167001724243,0.0,0.0,0.0,74.46141815185547,0.23706680536270142,85.37527465820312,0.1358012557029724,recon_dom_01_10
1553,,,,,,,,,,2.332294464111328,2.1890246868133545,5.141619682312012,4.57273530960083,0.06965051591396332,0.0,0.0,0.0,2.1282427310943604,0.23415425419807434,5.256044864654541,0.13686969876289368,recon_dom_01_10
1554,,,,,,,,,,3.062166213989258,0.2685612440109253,44.36105728149414,3.7743380069732666,0.21931953728199005,0.0,0.0,0.0,25.81388282775879,0.24196498095989227,34.826385498046875,0.13183444738388062,recon_dom_01_10
1555,,,,,,,,,,2.980208396911621,0.37846052646636963,17.750057220458984,3.5361695289611816,0.14443576335906982,0.0,0.0,0.0,9.295093536376953,0.23959195613861084,15.391183853149414,0.13235269486904144,recon_dom_01_10
1556,,,,,,,,,,2.407270669937134,0.35629457235336304,26.569869995117188,3.029263973236084,0.16223680973052979,0.0,0.0,0.0,15.349292755126953,0.23691625893115997,20.744184494018555,0.13606595993041992,recon_dom_01_10
1557,,,,,,,,,,1.5627915859222412,2.563023328781128,2.881802797317505,4.154633045196533,0.05862201005220413,0.0,0.0,0.0,1.0448282957077026,0.2347336709499359,3.0126571655273438,0.1406247913837433,recon_dom_01_10
1558,,,,,,,,,,2.2175791263580322,0.5626549124717712,18.556560516357422,2.965799570083618,0.13193777203559875,0.0,0.0,0.0,10.251062393188477,0.23846405744552612,15.217012405395508,0.1345793604850769,recon_dom_01_10
1559,,,,,,,,,,3.1959218978881836,0.24342013895511627,50.0,3.9393420219421387,0.24646803736686707,0.0,0.0,0.0,36.63240051269531,0.24372011423110962,47.359832763671875,0.13165920972824097,recon_dom_01_10
1560,,,,0.0,0.0,0.0,100.0,0.0,100.0,2.886733055114746,0.19461315870285034,50.0,3.581346273422241,0.4724355936050415,0.0,0.0,0.0,84.039306640625,0.24302935600280762,100.3924560546875,0.13056784868240356,recon_dom_01_10
1561,,,,,,,,,,2.31227707862854,1.768976092338562,5.49449348449707,4.136198043823242,0.09645520895719528,0.0,0.0,0.0,2.195789337158203,0.23634983599185944,5.558526992797852,0.1352929323911667,recon_dom_01_10
1562,,,,,,,,,,2.3601911067962646,0.3475715219974518,32.65285873413086,3.0342912673950195,0.17737489938735962,0.0,0.0,0.0,19.04538917541504,0.23637621104717255,25.366823196411133,0.13545165956020355,recon_dom_01_10
1563,,,,,,,,,,1.8944988250732422,3.696641445159912,2.2434263229370117,5.613574504852295,0.06302516162395477,0.0,0.0,0.0,0.6683084964752197,0.23516087234020233,2.4451332092285156,0.13909335434436798,recon_dom_01_10
1564,,,,,,,,,,2.143833875656128,1.361943244934082,5.568678855895996,3.5614638328552246,0.07396794110536575,0.0,0.0,0.0,2.384746551513672,0.23336416482925415,5.553970813751221,0.13770842552185059,recon_dom_01_10
1565,,,,,,,,,,2.9799773693084717,0.25605300068855286,50.0,3.736030340194702,0.2856389880180359,0.0,0.0,0.0,36.20398712158203,0.24300697445869446,47.13580322265625,0.1308296024799347,recon_dom_01_10
1566,,,,,,,,,,2.805976390838623,0.3284779191017151,50.0,3.6344542503356934,0.23181602358818054,0.0,0.0,0.0,30.16434097290039,0.23855604231357574,39.25215530395508,0.13354456424713135,recon_dom_01_10
1567,,,,,,,,,,1.744861364364624,0.8194661736488342,15.404336929321289,2.7183709144592285,0.10624908655881882,0.0,0.0,0.0,8.52725601196289,0.2316974252462387,12.616215705871582,0.14559262990951538,recon_dom_01_10
1568,,,,,,,,,,2.315736770629883,0.9866333603858948,8.865579605102539,3.391026020050049,0.09574738144874573,0.0,0.0,0.0,4.3412885665893555,0.23582661151885986,8.016610145568848,0.13666020333766937,recon_dom_01_10
1569,,,,,,,,,,2.82548189163208,1.0855356454849243,10.93747329711914,4.020392417907715,0.11391135305166245,0.0,0.0,0.0,5.1985087394714355,0.23792515695095062,10.264225006103516,0.1350201964378357,recon_dom_01_10
1570,,,,0.0,0.0,0.0,100.0,50.0,0.0,1.6227630376815796,3.0857388973236084,3.1510584354400635,4.7400126457214355,0.05463481694459915,0.0,0.0,0.0,1.2183425426483154,0.23187685012817383,3.244363307952881,0.1417255401611328,recon_dom_01_10
1571,,,,,,,,,,1.7834829092025757,0.9331740140914917,9.635852813720703,2.8130154609680176,0.08229473978281021,0.0060409195721149445,0.0,0.0,5.033216953277588,0.23493432998657227,8.295088768005371,0.1408330202102661,recon_dom_01_10
1572,,,,,,,,,,1.3414524793624878,4.157947063446045,2.0520272254943848,5.5199198722839355,0.059930864721536636,0.0,0.0,0.0,0.583948016166687,0.2297656238079071,2.261599540710449,0.1464862823486328,recon_dom_01_10
1573,,,,,,,,,,3.074979782104492,0.3370910882949829,35.96653366088867,3.7717361450195312,0.1989814043045044,0.0,0.0,0.0,20.322635650634766,0.2405763417482376,29.223453521728516,0.1320488601922989,recon_dom_01_10
1574,,,,,,,,,,2.2174367904663086,0.524048388004303,22.05875015258789,2.9620726108551025,0.11402659118175507,0.0,0.0,0.0,12.549975395202637,0.23408526182174683,17.802467346191406,0.13998064398765564,recon_dom_01_10
1575,,,,,,,,,,1.249093770980835,5.977370262145996,1.1578562259674072,7.238042831420898,0.03405841067433357,0.0,0.0,0.0,0.22749096155166626,0.23158453404903412,1.4455465078353882,0.14141550660133362,recon_dom_01_10
1576,,,,,,,,,,1.9525450468063354,0.71221923828125,13.612579345703125,2.8008899688720703,0.09480893611907959,0.0,0.0,0.0,7.418569564819336,0.2369145154953003,11.365050315856934,0.13748982548713684,recon_dom_01_10
1577,,,,,,,,,,2.95011568069458,0.255357027053833,50.0,3.705472707748413,0.3270009458065033,0.0,0.0,0.0,50.57079315185547,0.2403028905391693,61.614585876464844,0.1323142945766449,recon_dom_01_10
1578,,,,,,,,,,2.998039960861206,0.25871962308883667,50.0,3.7567596435546875,0.30975472927093506,0.0,0.0,0.0,46.91962432861328,0.24325314164161682,58.26381301879883,0.1306028813123703,recon_dom_01_10
1579,,,,,,,,,,2.7574410438537598,0.734846830368042,14.045270919799805,3.6327404975891113,0.11706274747848511,0.0,0.0,0.0,7.148194313049316,0.2412024736404419,12.548774719238281,0.13254424929618835,recon_dom_01_10
1580,,,,0.0,0.0,0.0,100.0,50.0,50.0,1.6053794622421265,5.109807968139648,0.879401445388794,6.7239813804626465,0.033635906875133514,0.0003320036339573562,0.0,0.0,0.1307671070098877,0.22735263407230377,1.0857510566711426,0.14511960744857788,recon_dom_01_10
1581,,,,,,,,,,2.7931113243103027,0.5965102314949036,35.64535903930664,3.74607515335083,0.1837998479604721,0.0,0.0,0.0,20.244237899780273,0.2397461235523224,28.88939666748047,0.134461909532547,recon_dom_01_10
1582,,,,,,,,,,2.6053452491760254,0.3047618269920349,50.0,3.410107135772705,1.3860688209533691,0.0,0.0,0.0,297.9776611328125,0.24062815308570862,318.9389343261719,0.13265329599380493,recon_dom_01_10
1583,,,,,,,,,,1.8267297744750977,0.25403907895088196,50.0,2.5807688236236572,0.45378515124320984,0.0,0.0,0.0,82.9461669921875,0.2406167984008789,94.69152069091797,0.13407525420188904,recon_dom_01_10
1584,,,,,,,,,,1.1467596292495728,5.329239368438721,1.1898550987243652,6.4878973960876465,0.03840971365571022,0.0,0.0,0.0,0.23307538032531738,0.23076225817203522,1.454775333404541,0.14267253875732422,recon_dom_01_10
1585,,,,,,,,,,1.8154244422912598,1.2612025737762451,6.148471832275391,3.1381118297576904,0.060957085341215134,0.0,0.0,0.0,3.015636682510376,0.23387682437896729,5.580928802490234,0.14197584986686707,recon_dom_01_10
1586,,,,,,,,,,2.088773727416992,0.2570948898792267,50.0,2.8458685874938965,0.629849910736084,0.0,0.0,0.0,130.806640625,0.23745165765285492,145.72213745117188,0.13544411957263947,recon_dom_01_10
1587,,,,,,,,,,2.6468522548675537,0.7360764741897583,16.445234298706055,3.5473811626434326,0.13830065727233887,0.0,0.0,0.0,8.493146896362305,0.23995856940746307,14.446674346923828,0.13252189755439758,recon_dom_01_10
1588,,,,,,,,,,0.9748405814170837,7.999129295349121,1.0516374111175537,8.98448657989502,0.02879403904080391,0.0,0.0,0.0,0.2388644516468048,0.23276540637016296,1.2620141506195068,0.1451910138130188,recon_dom_01_10
1589,,,,,,,,,,2.1324727535247803,0.35822978615760803,26.202251434326172,2.752725124359131,0.1414131373167038,0.0,0.0,0.0,15.0680570602417,0.23833191394805908,20.779415130615234,0.1359124779701233,recon_dom_01_10
1590,,,,0.0,0.0,0.0,100.0,50.0,100.0,2.1056771278381348,0.4786626994609833,27.752975463867188,2.8618695735931396,0.1534133404493332,0.0,0.0,0.0,15.723103523254395,0.2338041365146637,22.451255798339844,0.1379697620868683,recon_dom_01_10
1591,,,,,,,,,,1.2212655544281006,7.389255046844482,0.9044135808944702,8.6195650100708,0.036037955433130264,0.0,0.0,0.0,0.12945283949375153,0.22052939236164093,1.1157541275024414,0.14841046929359436,recon_dom_01_10
1592,,,,,,,,,,2.999293088912964,0.539800226688385,15.752534866333008,3.6966185569763184,0.12436322867870331,0.0,0.0,0.0,8.133748054504395,0.23739197850227356,13.9193754196167,0.13543197512626648,recon_dom_01_10
1593,,,,,,,,,,2.3650848865509033,0.5132529735565186,26.761791229248047,3.145955801010132,0.14928875863552094,0.0,0.0,0.0,15.38598918914795,0.23647484183311462,21.184219360351562,0.13602374494075775,recon_dom_01_10
1594,,,,,,,,,,1.8735241889953613,2.7275822162628174,3.754295825958252,4.6386494636535645,0.08560348302125931,0.0,0.0,0.0,1.3436551094055176,0.23513543605804443,3.890848159790039,0.136857807636261,recon_dom_01_10
1595,,,,,,,,,,2.0501880645751953,1.517841100692749,4.459385395050049,3.6126229763031006,0.06020676717162132,0.00012431759387254715,0.0,0.0,1.922200083732605,0.22789070010185242,4.397770404815674,0.1435299813747406,recon_dom_01_10
1596,,,,,,,,,,2.960914373397827,0.3359892666339874,43.39801025390625,3.730883836746216,0.19540731608867645,0.0,0.0,0.0,25.32933235168457,0.24098525941371918,34.10846710205078,0.1331339180469513,recon_dom_01_10
1597,,,,,,,,,,2.6241977214813232,1.2695859670639038,7.5901899337768555,3.9696855545043945,0.08649779856204987,0.0,0.0,0.0,3.419196605682373,0.23653662204742432,7.402467727661133,0.13616740703582764,recon_dom_01_10
1598,,,,,,,,,,1.3278799057006836,4.026378631591797,1.4815579652786255,5.36907434463501,0.05636163428425789,0.009748119860887527,0.0,0.0,0.3601692020893097,0.21882078051567078,1.5843045711517334,0.15798020362854004,recon_dom_01_10
1599,,,,,,,,,,2.631216526031494,0.23991498351097107,50.0,3.371131420135498,0.32602450251579285,0.0,0.0,0.0,50.528961181640625,0.24066880345344543,62.03965377807617,0.1317806988954544,recon_dom_01_10
1600,,,,0.0,0.0,0.0,100.0,0.0,50.0,2.3747565746307373,0.7909275889396667,11.269682884216309,3.278381109237671,0.09353658556938171,0.0,0.0,0.0,5.910711288452148,0.2319713830947876,9.708413124084473,0.13885414600372314,recon_dom_01_10
1601,,,,,,,,,,3.170854091644287,0.4593275189399719,27.01970672607422,3.900378704071045,0.14988607168197632,0.0,0.0,0.0,15.086668968200684,0.24017958343029022,22.29239273071289,0.13395026326179504,recon_dom_01_10
1602,,,,,,,,,,3.0368924140930176,0.24918121099472046,41.79335403442383,3.704007148742676,0.19489964842796326,0.0,0.0,0.0,24.448524475097656,0.24077586829662323,32.66592788696289,0.13289791345596313,recon_dom_01_10
1603,,,,,,,,,,2.5764544010162354,0.3729279935359955,31.46672248840332,3.264049530029297,0.14976902306079865,0.0,0.0,0.0,18.224712371826172,0.23823627829551697,24.91161346435547,0.13532647490501404,recon_dom_01_10
1604,,,,,,,,,,1.9407575130462646,0.22400210797786713,50.0,2.664759635925293,0.3955328166484833,0.0,0.0,0.0,73.1822280883789,0.2376766800880432,84.49278259277344,0.13681906461715698,recon_dom_01_10
1605,,,,,,,,,,1.8214969635009766,0.8797683715820312,8.246906280517578,2.7837343215942383,0.08809542655944824,0.027354998514056206,0.0,0.0,4.164526462554932,0.2335548996925354,7.154929161071777,0.13727232813835144,recon_dom_01_10
1606,,,,,,,,,,1.5499985218048096,5.162912368774414,50.0,7.2129106521606445,1.961458683013916,0.0,0.0,0.0,428.62762451171875,0.2314738631248474,455.0045166015625,0.13804590702056885,recon_dom_01_10
1607,,,,,,,,,,2.1324408054351807,2.2346673011779785,4.942605495452881,4.416533946990967,0.06658473610877991,0.0,0.0,0.0,2.0509068965911865,0.23487088084220886,5.0430827140808105,0.1374649703502655,recon_dom_01_10
1608,,,,,,,,,,3.0154130458831787,0.1820150911808014,50.0,3.6974282264709473,0.3372791111469269,0.0,0.0,0.0,54.726036071777344,0.24299009144306183,67.03321838378906,0.13139641284942627,recon_dom_01_10
1609,,,,,,,,,,1.555410385131836,3.72210431098938,2.158940315246582,5.2991042137146,0.055915556848049164,0.0,0.0,0.0,0.6235886812210083,0.23254811763763428,2.4367895126342773,0.14124411344528198,recon_dom_01_10
1610,,,,0.0,50.0,0.0,100.0,100.0,50.0,1.0349597930908203,8.524263381958008,0.9166980981826782,9.568389892578125,0.037830956280231476,0.0,0.0,0.0,0.12125550210475922,0.23016560077667236,1.1378705501556396,0.1433594524860382,recon_dom_01_10
1611,,,,,,,,,,3.0997281074523926,0.3398958742618561,25.285898208618164,3.6924829483032227,0.16042208671569824,0.0,0.0,0.0,13.73101806640625,0.23954227566719055,21.431121826171875,0.1325424611568451,recon_dom_01_10
1612,,,,,,,,,,2.3304824829101562,1.211650013923645,11.54656982421875,3.6575982570648193,0.10846439003944397,0.0,0.0,0.0,5.805395603179932,0.2330414354801178,10.323554039001465,0.1377076655626297,recon_dom_01_10
1613,,,,,,,,,,1.0870451927185059,6.498938083648682,1.0416882038116455,7.596400260925293,0.03212069347500801,0.006903690751641989,0.0,0.0,0.22015628218650818,0.2176743596792221,1.2329009771347046,0.15806807577610016,recon_dom_01_10
1614,,,,,,,,,,2.2806105613708496,1.2966176271438599,6.793387413024902,3.6451621055603027,0.0885167121887207,0.0,0.0,0.0,3.130241632461548,0.2336978316307068,6.366802215576172,0.1379154473543167,recon_dom_01_10
1615,,,,,,,,,,2.5050055980682373,0.28423455357551575,50.0,3.2892401218414307,0.980440080165863,0.0,0.0,0.0,220.7075958251953,0.23994576930999756,237.35023498535156,0.13264945149421692,recon_dom_01_10
1616,,,,,,,,,,2.804032802581787,0.20211519300937653,50.0,3.506148099899292,0.9227852821350098,0.0,0.0,0.0,196.8507080078125,0.24453745782375336,218.69798278808594,0.13006596267223358,recon_dom_01_10
1617,,,,,,,,,,2.5120797157287598,1.3150050640106201,7.061861038208008,3.8977034091949463,0.07872642576694489,0.0,0.0,0.0,3.291604995727539,0.23240873217582703,6.678971767425537,0.13896992802619934,recon_dom_01_10
1618,,,,,,,,,,2.657804489135742,0.1693812757730484,50.0,3.327185869216919,1.2295191287994385,0.0,0.0,0.0,264.60626220703125,0.2443498969078064,283.69293212890625,0.12997066974639893,recon_dom_01_10
1619,,,,,,,,,,2.252127170562744,0.7973518967628479,11.062715530395508,3.1601061820983887,0.10612620413303375,0.0,0.0,0.0,5.700073719024658,0.23169836401939392,9.589845657348633,0.13918331265449524,recon_dom_01_10
1620,,,,0.0,0.0,0.0,100.0,100.0,100.0,2.9671688079833984,0.5613746643066406,20.89760398864746,3.7375195026397705,0.12818285822868347,0.0,0.0,0.0,11.570757865905762,0.235734760761261,17.297380447387695,0.13669195771217346,recon_dom_01_10
1621,,,,,,,,,,1.4720381498336792,3.2766261100769043,2.035597562789917,4.769020080566406,0.06670111417770386,0.0,0.0,0.0,0.5691301226615906,0.23240232467651367,2.1912078857421875,0.14117708802223206,recon_dom_01_10
1622,,,,,,,,,,0.8755800127983093,8.213133811950684,0.7948263883590698,9.096662521362305,0.0323336124420166,0.0,0.0,0.0,0.11748456209897995,0.22832360863685608,0.9563795328140259,0.14651599526405334,recon_dom_01_10
1623,,,,,,,,,,2.3970022201538086,0.48430943489074707,20.65311622619629,3.0878427028656006,0.13654804229736328,0.0,0.0,0.0,11.520263671875,0.23429390788078308,16.8259220123291,0.1372014433145523,recon_dom_01_10
1624,,,,,,,,,,2.8014397621154785,0.4664265513420105,18.74810028076172,3.4553472995758057,0.1610499769449234,0.0,0.0,0.0,9.842275619506836,0.23896916210651398,16.126907348632812,0.1322409212589264,recon_dom_01_10
1625,,,,,,,,,,3.1043896675109863,0.19957618415355682,50.0,3.8039658069610596,0.3530653119087219,0.0,0.0,0.0,61.221221923828125,0.2435653805732727,74.06863403320312,0.1311511993408203,recon_dom_01_10
1626,,,,,,,,,,1.3041956424713135,6.012461185455322,1.1939692497253418,7.328596591949463,0.03944351524114609,0.00022070150589570403,0.0,0.0,0.2344280481338501,0.23010560870170593,1.4497616291046143,0.14211487770080566,recon_dom_01_10
1627,,,,,,,,,,1.2455482482910156,6.126377582550049,0.9483200311660767,7.381409168243408,0.04579640179872513,0.0,0.0,0.0,0.1280059516429901,0.22781485319137573,1.1081969738006592,0.14452113211154938,recon_dom_01_10
1628,,,,,,,,,,3.2225122451782227,0.3296574354171753,33.2327880859375,3.88449764251709,0.17766278982162476,0.0,0.0,0.0,18.7607421875,0.24123352766036987,27.092792510986328,0.13208991289138794,recon_dom_01_10
1629,,,,,,,,,,1.951733946800232,2.945082902908325,3.1901679039001465,4.928718566894531,0.05953172221779823,0.0,0.0,0.0,1.064437985420227,0.2346438765525818,3.5817997455596924,0.13707002997398376,recon_dom_01_10
1630,,,,0.0,0.0,0.0,100.0,50.0,0.0,2.5324578285217285,0.2770511209964752,46.68319320678711,3.276340961456299,0.2130242884159088,0.0,0.0,0.0,27.87225914001465,0.23086915910243988,35.41773223876953,0.1385422945022583,recon_dom_01_10
1631,,,,,,,,,,1.378363013267517,3.931762933731079,1.6920592784881592,5.3270463943481445,0.05720138922333717,0.0,0.0,0.0,0.374925822019577,0.23519614338874817,1.9877569675445557,0.13728390634059906,recon_dom_01_10
1632,,,,,,,,,,2.030978202819824,0.47191306948661804,19.88151741027832,2.7017064094543457,0.12727516889572144,0.0,0.0,0.0,11.322595596313477,0.22620826959609985,15.770853996276855,0.14499396085739136,recon_dom_01_10
1633,,,,,,,,,,1.322402834892273,3.9609832763671875,2.020474433898926,5.303590774536133,0.07630221545696259,0.0,0.0,0.0,0.5010696649551392,0.23125408589839935,2.20125150680542,0.14142544567584991,recon_dom_01_10
1634,,,,,,,,,,1.8960216045379639,0.2790914475917816,50.0,2.6751129627227783,0.24415498971939087,0.0,0.0,0.0,43.76596450805664,0.23335637152194977,52.05278015136719,0.14166250824928284,recon_dom_01_10
1635,,,,,,,,,,1.9301313161849976,0.33725506067276,43.039649963378906,2.6977829933166504,0.17706099152565002,0.0,0.0,0.0,25.696372985839844,0.2376457303762436,32.84088897705078,0.13763436675071716,recon_dom_01_10
1636,,,,,,,,,,2.6861636638641357,0.35785436630249023,50.0,3.544018030166626,1.3398501873016357,0.0,0.0,0.0,281.62567138671875,0.24088594317436218,300.5026550292969,0.13249577581882477,recon_dom_01_10
1637,,,,,,,,,,1.8420003652572632,3.0031304359436035,3.8846957683563232,4.883977890014648,0.07262156903743744,0.0,0.0,0.0,1.4593687057495117,0.23149755597114563,4.0501837730407715,0.13977429270744324,recon_dom_01_10
1638,,,,,,,,,,2.257631540298462,1.2441434860229492,10.46777057647705,3.606452703475952,0.11352454125881195,0.0,0.0,0.0,5.129764080047607,0.23729509115219116,9.466410636901855,0.13449335098266602,recon_dom_01_10
1639,,,,,,,,,,2.2591757774353027,0.8640742897987366,17.183731079101562,3.2950873374938965,0.12046200037002563,0.0,0.0,0.0,9.19369888305664,0.23937389254570007,14.700915336608887,0.13327127695083618,recon_dom_01_10
1640,,,,0.0,0.0,0.0,100.0,100.0,50.0,10.0,100.0,50.0,110.5,1.4051051139831543,0.0,0.0,0.0,298.27703857421875,0.23841150104999542,317.0431823730469,0.1335970163345337,recon_dom_01_10
1641,,,,,,,,,,2.7103381156921387,1.0870453119277954,8.158021926879883,3.8789637088775635,0.09650914371013641,0.0,0.0,0.0,3.6941514015197754,0.23446841537952423,7.888389587402344,0.1368270218372345,recon_dom_01_10
1642,,,,,,,,,,3.055250644683838,0.2596091330051422,50.0,3.8148598670959473,0.25749704241752625,0.0,0.0,0.0,39.97178268432617,0.23965473473072052,49.36414337158203,0.13364912569522858,recon_dom_01_10
1643,,,,,,,,,,2.223421335220337,0.22676140069961548,50.0,2.9501826763153076,0.5631958246231079,0.0,0.0,0.0,105.96075439453125,0.23988699913024902,119.30683135986328,0.13293792307376862,recon_dom_01_10
1644,,,,,,,,,,2.390030860900879,1.3633593320846558,50.0,4.253390312194824,1.741436243057251,0.0,0.0,0.0,376.223876953125,0.2380112260580063,399.8008117675781,0.13362595438957214,recon_dom_01_10
1645,,,,,,,,,,2.275843858718872,2.2196688652038574,2.771101474761963,4.523223876953125,0.06514282524585724,0.0,0.0,0.0,0.8613114356994629,0.22716346383094788,3.0941004753112793,0.1430915743112564,recon_dom_01_10
1646,,,,,,,,,,2.1598901748657227,0.23850001394748688,50.0,2.898390293121338,0.6305547952651978,0.0,0.0,0.0,123.78215026855469,0.2388039529323578,138.3118896484375,0.13562294840812683,recon_dom_01_10
1647,,,,,,,,,,1.9974429607391357,0.23482638597488403,50.0,2.732269287109375,0.479112446308136,0.0,0.0,0.0,91.64045715332031,0.2339053452014923,103.3037109375,0.13762560486793518,recon_dom_01_10
1648,,,,,,,,,,3.0115602016448975,0.3556807041168213,38.128257751464844,3.748523473739624,0.19315433502197266,0.0,0.0,0.0,21.857662200927734,0.24181057512760162,30.534812927246094,0.13237090408802032,recon_dom_01_10
1649,,,,,,,,,,1.9288983345031738,2.8413844108581543,2.7863030433654785,4.798145771026611,0.07475551217794418,0.0,0.0,0.0,0.7982431650161743,0.2293040156364441,3.154541015625,0.1408139169216156,recon_dom_01_10
1650,,,,0.0,0.0,0.0,100.0,100.0,100.0,2.1784939765930176,1.4958899021148682,6.684749126434326,3.7412314414978027,0.08415257185697556,0.0,0.0,0.0,3.1198246479034424,0.23384195566177368,6.214078426361084,0.13738544285297394,recon_dom_01_10
1651,,,,,,,,,,1.9787380695343018,0.770440399646759,13.429207801818848,2.8834705352783203,0.10815148055553436,0.0,0.0,0.0,7.058079242706299,0.226930171251297,11.58625316619873,0.14552076160907745,recon_dom_01_10
1652,,,,,,,,,,1.927728533744812,3.8356056213378906,2.2158279418945312,5.785492420196533,0.053700730204582214,0.0,0.0,0.0,0.6402078866958618,0.2271466851234436,2.5398428440093994,0.14480584859848022,recon_dom_01_10
1653,,,,,,,,,,2.9485926628112793,0.2561931908130646,50.0,3.7047858238220215,0.3079059422016144,0.0,0.0,0.0,52.039794921875,0.2412867397069931,63.67256164550781,0.13314193487167358,recon_dom_01_10
1654,,,,,,,,,,1.1435483694076538,6.063651084899902,0.9509438872337341,7.216708660125732,0.04385080561041832,0.0,0.0,0.0,0.1317826360464096,0.225962832570076,1.1251442432403564,0.14738839864730835,recon_dom_01_10
1655,,,,,,,,,,2.8585269451141357,0.6563003063201904,10.373470306396484,3.6185619831085205,0.11565886437892914,0.0,0.0,0.0,4.964864253997803,0.23951201140880585,9.586161613464355,0.1327979564666748,recon_dom_01_10
1656,,,,,,,,,,2.4106149673461914,0.24333518743515015,50.0,3.1539502143859863,0.293592244386673,0.0,0.0,0.0,48.05672073364258,0.23465001583099365,57.58969497680664,0.1365053802728653,recon_dom_01_10
1657,,,,,,,,,,2.012382745742798,0.20549587905406952,50.0,2.717878580093384,0.9024263620376587,0.0,0.0,0.0,190.24313354492188,0.23995307087898254,207.60354614257812,0.13386589288711548,recon_dom_01_10
1658,,,,,,,,,,1.9900367259979248,0.7352068424224854,13.311860084533691,2.8583621978759766,0.10478801280260086,0.0,0.0,0.0,7.04136848449707,0.23541581630706787,11.41815185546875,0.13933800160884857,recon_dom_01_10
1659,,,,,,,,,,2.457749843597412,1.4511340856552124,5.381746292114258,3.9627013206481934,0.08959963917732239,0.0,0.0,0.0,2.1435129642486572,0.23435354232788086,5.5064311027526855,0.13584184646606445,recon_dom_01_10
1660,,,,0.0,0.0,0.0,100.0,100.0,100.0,2.064434051513672,0.552774965763092,13.501264572143555,2.7522215843200684,0.09271487593650818,0.0,0.0,0.0,7.273715019226074,0.23195990920066833,11.45279312133789,0.14382165670394897,recon_dom_01_10
1661,,,,,,,,,,1.656266212463379,3.8645026683807373,1.541213035583496,5.5361809730529785,0.05153018236160278,0.00010340902372263372,0.0,0.0,0.36170250177383423,0.23390726745128632,1.7687846422195435,0.13973207771778107,recon_dom_01_10
1662,,,,,,,,,,1.8498281240463257,1.4854447841644287,5.405428409576416,3.38932728767395,0.0723114162683487,4.9614700401434675e-05,0.0,0.0,2.420520305633545,0.23536470532417297,5.171960353851318,0.13784492015838623,recon_dom_01_10
1663,,,,,,,,,,2.854887008666992,0.27351492643356323,49.67213821411133,3.6251232624053955,0.22781704366207123,0.0,0.0,0.0,29.25494956970215,0.24015577137470245,38.48155975341797,0.13307912647724152,recon_dom_01_10
1664,,,,,,,,,,1.3258143663406372,5.58564567565918,1.1116430759429932,6.922576427459717,0.07839332520961761,0.0,0.0,0.0,0.13313953578472137,0.22367490828037262,1.09881591796875,0.1476140320301056,recon_dom_01_10
1665,,,,,,,,,,3.0193488597869873,0.2127966582775116,50.0,3.7321455478668213,0.255817711353302,0.0,0.0,0.0,35.452552795410156,0.24062469601631165,45.447654724121094,0.13195852935314178,recon_dom_01_10
1666,,,,,,,,,,1.8858187198638916,1.760151982307434,3.9863364696502686,3.6858341693878174,0.06861075758934021,0.0,0.0,0.0,1.5718461275100708,0.23027878999710083,4.068593978881836,0.14111730456352234,recon_dom_01_10
1667,,,,,,,,,,2.835995674133301,0.5714772939682007,8.60548210144043,3.493527889251709,0.11027282476425171,0.0,0.0,0.0,3.9286956787109375,0.23629462718963623,8.176604270935059,0.1349077820777893,recon_dom_01_10
1668,,,,,,,,,,3.1085972785949707,0.20875802636146545,48.360755920410156,3.8009629249572754,0.21658405661582947,0.0,0.0,0.0,28.445453643798828,0.2410520613193512,37.59004592895508,0.13258875906467438,recon_dom_01_10
1669,,,,,,,,,,3.064821243286133,0.3079666793346405,25.419788360595703,3.626985788345337,0.17325793206691742,0.0,0.0,0.0,13.811694145202637,0.24058005213737488,21.409038543701172,0.13227400183677673,recon_dom_01_10
1670,,,,0.0,0.0,0.0,100.0,50.0,100.0,3.122581958770752,0.49471646547317505,14.859394073486328,3.765892267227173,0.11741650104522705,0.0,0.0,0.0,7.698936462402344,0.23958571255207062,13.072200775146484,0.13315722346305847,recon_dom_01_10
1671,,,,,,,,,,2.9397482872009277,0.18969115614891052,50.0,3.629439353942871,0.34556257724761963,0.0,0.0,0.0,62.18495559692383,0.23931795358657837,73.0068588256836,0.13334117829799652,recon_dom_01_10
1672,,,,,,,,,,2.121758460998535,0.3582048714160919,32.61613845825195,2.806124687194824,0.14851351082324982,0.0,0.0,0.0,19.017887115478516,0.24123695492744446,25.636341094970703,0.13389235734939575,recon_dom_01_10
1673,,,,,,,,,,1.6567076444625854,3.6682796478271484,1.5918338298797607,5.340905666351318,0.08766170591115952,0.0,0.0,0.0,0.26520276069641113,0.22907838225364685,1.702443242073059,0.1419311761856079,recon_dom_01_10
1674,,,,,,,,,,1.296480655670166,4.715187072753906,1.5273150205612183,6.026940822601318,0.039114728569984436,0.0,0.0,0.0,0.4064392149448395,0.2341524064540863,1.7756938934326172,0.1403985321521759,recon_dom_01_10
1675,,,,,,,,,,3.0300681591033936,0.17586837708950043,50.0,3.7059364318847656,0.3801511824131012,0.0,0.0,0.0,67.52838134765625,0.2437373846769333,81.52742004394531,0.13096074759960175,recon_dom_01_10
1676,,,,,,,,,,3.184263229370117,0.23719695210456848,43.81298828125,3.8595900535583496,0.19755855202674866,0.0,0.0,0.0,25.557825088500977,0.2407078742980957,34.46000671386719,0.1329648792743683,recon_dom_01_10
1677,,,,,,,,,,1.0492621660232544,5.049633502960205,1.5404188632965088,6.114299774169922,0.04659462720155716,0.0,0.0,0.0,0.37659111618995667,0.2337629646062851,1.7871209383010864,0.13917991518974304,recon_dom_01_10
1678,,,,,,,,,,2.7890639305114746,0.18835648894309998,50.0,3.4774203300476074,0.8378166556358337,0.0,0.0,0.0,164.99435424804688,0.24379652738571167,186.22921752929688,0.12973317503929138,recon_dom_01_10
1679,,,,,,,,,,2.3999714851379395,0.2972165644168854,35.1456413269043,3.048644542694092,0.16985592246055603,0.0,0.0,0.0,20.57101058959961,0.2375120222568512,27.37624168395996,0.1347549855709076,recon_dom_01_10
1680,,,,0.0,0.0,0.0,100.0,50.0,100.0,1.5059268474578857,2.8623781204223633,2.811370849609375,4.396418571472168,0.07598796486854553,0.0,0.0,0.0,0.895539402961731,0.23538854718208313,2.997157096862793,0.13774265348911285,recon_dom_01_10
1681,,,,,,,,,,2.8792312145233154,0.34891730546951294,44.749900817871094,3.675647497177124,0.21472835540771484,0.0,0.0,0.0,26.07325553894043,0.24136266112327576,35.13127136230469,0.1323508620262146,recon_dom_01_10
1682,,,,,,,,,,2.4662230014801025,0.38008904457092285,50.0,3.3463120460510254,0.23159916698932648,0.0,0.0,0.0,34.839569091796875,0.23582854866981506,43.51890563964844,0.13528303802013397,recon_dom_01_10
1683,,,,,,,,,,2.604381799697876,2.2066216468811035,50.0,5.311003684997559,1.3588448762893677,0.0,0.0,0.0,295.41375732421875,0.24026158452033997,316.7279968261719,0.13312414288520813,recon_dom_01_10
1684,,,,,,,,,,2.525031805038452,1.0561739206314087,9.072011947631836,3.6719257831573486,0.10046704113483429,0.0,0.0,0.0,4.275634288787842,0.23578962683677673,8.513748168945312,0.13589522242546082,recon_dom_01_10
1685,,,,,,,,,,2.44512939453125,1.7667032480239868,4.206951141357422,4.253901958465576,0.06446965038776398,0.0,0.0,0.0,1.5848819017410278,0.23322278261184692,4.52515172958374,0.1382277011871338,recon_dom_01_10
1686,,,,,,,,,,2.4406423568725586,1.8340463638305664,4.9042277336120605,4.323730945587158,0.06198422610759735,0.0,0.0,0.0,2.027844190597534,0.23370856046676636,5.058115482330322,0.14033541083335876,recon_dom_01_10
1687,,,,,,,,,,1.1721192598342896,6.296533584594727,1.0549789667129517,7.479202747344971,0.026911551132798195,0.0,0.0,0.0,0.2443917840719223,0.22452902793884277,1.2762463092803955,0.1545335352420807,recon_dom_01_10
1688,,,,,,,,,,2.3644392490386963,1.0952924489974976,9.670219421386719,3.556433916091919,0.11649209260940552,0.0,0.0,0.0,4.632208347320557,0.23106244206428528,8.837583541870117,0.13652053475379944,recon_dom_01_10
1689,,,,,,,,,,1.2611163854599,4.747439384460449,1.9505834579467773,6.028061389923096,0.04880677908658981,0.0,0.0,0.0,0.573878824710846,0.2296421229839325,2.1909005641937256,0.1425619274377823,recon_dom_01_10
1690,,,,0.0,0.0,0.0,100.0,0.0,100.0,2.9406325817108154,0.4464995861053467,28.359237670898438,3.670724630355835,0.16732007265090942,0.0,0.0,0.0,15.804347038269043,0.239620640873909,23.362117767333984,0.132686048746109,recon_dom_01_10
1691,,,,,,,,,,1.9839162826538086,1.6864949464797974,4.589636325836182,3.7163076400756836,0.09563297778367996,0.0,0.0,0.0,1.764668345451355,0.23465557396411896,4.619247913360596,0.13713349401950836,recon_dom_01_10
1692,,,,,,,,,,1.1843607425689697,5.370853424072266,1.0434279441833496,6.565648555755615,0.06254465878009796,0.0,0.0,0.0,0.12222893536090851,0.23571927845478058,1.1421353816986084,0.1383611559867859,recon_dom_01_10
1693,,,,,,,,,,1.8590853214263916,0.2341659516096115,50.0,2.5932512283325195,0.41320306062698364,0.0,0.0,0.0,76.25276947021484,0.2378244698047638,88.2901611328125,0.1352425217628479,recon_dom_01_10
1694,,,,,,,,,,2.89432692527771,0.5248926281929016,19.09282875061035,3.6101479530334473,0.1409001499414444,0.0,0.0,0.0,9.963613510131836,0.2398291826248169,16.774925231933594,0.13268718123435974,recon_dom_01_10
1695,,,,,,,,,,2.1446211338043213,0.5956486463546753,21.62385368347168,2.9565083980560303,0.11533824354410172,0.0,0.0,0.0,12.284747123718262,0.22797605395317078,17.450349807739258,0.1444198340177536,recon_dom_01_10
1696,,,,,,,,,,1.228790044784546,6.44509220123291,0.8797253966331482,7.682679653167725,0.03527835011482239,0.0007118011708371341,0.0,0.0,0.12846161425113678,0.22567996382713318,1.0741846561431885,0.14499938488006592,recon_dom_01_10
1697,,,,,,,,,,2.024491786956787,0.3614475727081299,30.90354347229004,2.694974899291992,0.1520988494157791,0.0,0.0,0.0,18.177885055541992,0.23385807871818542,23.855562210083008,0.1399812549352646,recon_dom_01_10
1698,,,,,,,,,,2.0777478218078613,0.33018314838409424,50.0,2.907930850982666,0.22236119210720062,0.0,0.0,0.0,32.843753814697266,0.2383493334054947,40.904258728027344,0.13527706265449524,recon_dom_01_10
1699,,,,,,,,,,3.002946376800537,0.5248640179634094,17.00241470336914,3.6978344917297363,0.1370944082736969,0.0,0.0,0.0,8.81106948852539,0.24133694171905518,14.937057495117188,0.13211917877197266,recon_dom_01_10
1700,,,,0.0,0.0,0.0,100.0,100.0,100.0,1.85676908493042,0.27740660309791565,50.0,2.6341757774353027,0.33366864919662476,0.0,0.0,0.0,57.85107421875,0.23970741033554077,67.60897064208984,0.1340685337781906,recon_dom_01_10
1701,,,,,,,,,,1.7284735441207886,1.584223985671997,4.235378742218018,3.355051279067993,0.06024589762091637,0.0,0.0,0.0,1.8069026470184326,0.23601756989955902,4.179521560668945,0.13884146511554718,recon_dom_01_10
1702,,,,,,,,,,3.0597519874572754,0.4855261445045471,17.550207138061523,3.72078013420105,0.12447705864906311,0.0,0.0,0.0,9.256397247314453,0.23706316947937012,15.268472671508789,0.13482026755809784,recon_dom_01_10
1703,,,,,,,,,,1.7898132801055908,0.34732285141944885,45.59156799316406,2.5930519104003906,0.2062857449054718,0.0,0.0,0.0,27.2651424407959,0.23239874839782715,34.51536178588867,0.14074194431304932,recon_dom_01_10
1704,,,,,,,,,,3.0540177822113037,0.3548665940761566,40.26249694824219,3.811509370803833,0.19121727347373962,0.0,0.0,0.0,23.1290283203125,0.24191850423812866,32.279781341552734,0.13295289874076843,recon_dom_01_10
1705,,,,,,,,,,1.9426130056381226,0.37208858132362366,50.0,2.814701557159424,0.20605024695396423,0.0,0.0,0.0,32.214134216308594,0.23425740003585815,40.161373138427734,0.13919436931610107,recon_dom_01_10
1706,,,,,,,,,,2.803853750228882,0.6477441787719727,8.956951141357422,3.5411674976348877,0.12153929471969604,0.0,0.0,0.0,4.037895679473877,0.23379218578338623,8.548881530761719,0.13539808988571167,recon_dom_01_10
1707,,,,,,,,,,2.1206586360931396,0.6581121683120728,13.964273452758789,2.9184136390686035,0.11888150870800018,0.0,0.0,0.0,7.459120273590088,0.23423877358436584,11.747113227844238,0.13765227794647217,recon_dom_01_10
1708,,,,,,,,,,2.3979909420013428,0.31573307514190674,40.2176628112793,3.115900754928589,0.20019768178462982,0.0,0.0,0.0,23.701459884643555,0.23270606994628906,30.956308364868164,0.13787254691123962,recon_dom_01_10
1709,,,,,,,,,,1.005347490310669,4.957688808441162,50.0,6.46303653717041,1.913633108139038,0.0,0.0,0.0,427.4019470214844,0.22935187816619873,452.0216064453125,0.13900920748710632,recon_dom_01_10
1710,,,,0.0,50.0,0.0,100.0,50.0,100.0,1.9583666324615479,1.540611743927002,6.1740593910217285,3.5607190132141113,0.08072782307863235,0.0,0.0,0.0,2.84531831741333,0.23324590921401978,5.7755351066589355,0.14009881019592285,recon_dom_01_10
1711,,,,,,,,,,3.1688344478607178,0.3447973132133484,39.07273483276367,3.9043591022491455,0.20058514177799225,0.0,0.0,0.0,22.1313419342041,0.2408965528011322,31.80227279663086,0.1324353665113449,recon_dom_01_10
1712,,,,,,,,,,2.0378570556640625,0.7002508044242859,14.776623725891113,2.885874032974243,0.10120407491922379,0.0,0.0,0.0,7.927867412567139,0.23554936051368713,12.61070728302002,0.13827653229236603,recon_dom_01_10
1713,,,,,,,,,,2.3361144065856934,0.2475491315126419,50.0,3.0836634635925293,0.7879257202148438,0.0,0.0,0.0,169.05284118652344,0.23686093091964722,184.79588317871094,0.13420268893241882,recon_dom_01_10
1714,,,,,,,,,,1.9555881023406982,0.5510258674621582,18.552169799804688,2.6921355724334717,0.11099053919315338,0.0,0.0,0.0,10.39681339263916,0.2353811264038086,15.126173973083496,0.13777828216552734,recon_dom_01_10
1715,,,,,,,,,,2.2503976821899414,0.8487246036529541,18.73931884765625,3.286515474319458,0.1316470354795456,0.0,0.0,0.0,10.087124824523926,0.23892858624458313,15.913397789001465,0.13368046283721924,recon_dom_01_10
1716,,,,,,,,,,1.7505345344543457,0.24033929407596588,50.0,2.4908738136291504,0.5506139397621155,0.0,0.0,0.0,110.28104400634766,0.2415546178817749,123.43255615234375,0.132572740316391,recon_dom_01_10
1717,,,,,,,,,,1.7404050827026367,2.4198992252349854,3.6358940601348877,4.1966633796691895,0.05538557842373848,0.0,0.0,0.0,1.4629268646240234,0.23097604513168335,3.7178080081939697,0.1403791457414627,recon_dom_01_10
1718,,,,,,,,,,2.7781033515930176,0.22287479043006897,50.0,3.5009782314300537,0.49457764625549316,0.0,0.0,0.0,88.77457427978516,0.2434469759464264,105.08670806884766,0.13021191954612732,recon_dom_01_10
1719,,,,,,,,,,2.6139049530029297,0.4214269816875458,37.227027893066406,3.407602310180664,0.18778076767921448,0.0,0.0,0.0,21.642494201660156,0.2366313636302948,29.216936111450195,0.13499893248081207,recon_dom_01_10
1720,,,,0.0,0.0,0.0,100.0,100.0,50.0,2.0651588439941406,2.45955491065979,8.218252182006836,4.60689640045166,0.09430243074893951,0.0,0.0,0.0,3.71452260017395,0.23629868030548096,7.990203857421875,0.13485011458396912,recon_dom_01_10
1721,,,,,,,,,,0.9730755090713501,8.069008827209473,1.707977294921875,9.059164047241211,0.05298575758934021,0.0,0.0,0.0,0.38506796956062317,0.22730490565299988,2.0410757064819336,0.14712205529212952,recon_dom_01_10
1722,,,,,,,,,,2.185822010040283,1.9631277322769165,6.809286117553711,4.217042446136475,0.08044188469648361,0.0,0.0,0.0,3.041954278945923,0.2378351092338562,6.655561447143555,0.13557985424995422,recon_dom_01_10
1723,,,,,,,,,,1.8958961963653564,0.8566741943359375,13.444761276245117,2.8870179653167725,0.0879635438323021,0.0,0.0,0.0,7.331478118896484,0.23646581172943115,11.272128105163574,0.1375495195388794,recon_dom_01_10
1724,,,,,,,,,,2.7381303310394287,0.8413710594177246,18.86587905883789,3.768160104751587,0.1294063925743103,0.0,0.0,0.0,10.083843231201172,0.2404504418373108,16.195247650146484,0.13333722949028015,recon_dom_01_10
1725,,,,,,,,,,0.7204033136367798,9.831768989562988,0.7207722663879395,10.559379577636719,0.028734330087900162,0.0,0.0,0.0,0.08520042896270752,0.2299061268568039,0.9084018468856812,0.14708653092384338,recon_dom_01_10
1726,,,,,,,,,,2.7286510467529297,1.2823680639266968,9.824076652526855,4.109260082244873,0.09320509433746338,0.0,0.0,0.0,4.661224365234375,0.2353510856628418,9.319233894348145,0.1367495059967041,recon_dom_01_10
1727,,,,,,,,,,1.8373464345932007,0.4833022356033325,30.384136199951172,2.6244900226593018,0.14022335410118103,0.0,0.0,0.0,17.735265731811523,0.23391878604888916,23.820756912231445,0.13983264565467834,recon_dom_01_10
1728,,,,,,,,,,0.6436405181884766,11.826397895812988,0.5942102670669556,12.475980758666992,0.026934120804071426,3.648569418146508e-06,0.0,0.0,0.0782763659954071,0.21126356720924377,0.6880853176116943,0.16090631484985352,recon_dom_01_10
1729,,,,,,,,,,2.1681339740753174,0.3065812289714813,46.6828498840332,2.9415438175201416,0.19489863514900208,0.0,0.0,0.0,27.884965896606445,0.2391211986541748,35.57218551635742,0.13388296961784363,recon_dom_01_10
1730,,,,0.0,0.0,0.0,100.0,50.0,100.0,3.1054444313049316,0.28043216466903687,37.14861297607422,3.7573628425598145,0.19400647282600403,0.0,0.0,0.0,21.344709396362305,0.23992332816123962,29.593151092529297,0.1330336332321167,recon_dom_01_10
1731,,,,,,,,,,1.9771746397018433,1.8429502248764038,7.50551700592041,3.8951799869537354,0.09453125298023224,0.0,0.0,0.0,3.41874361038208,0.23570218682289124,7.153841495513916,0.13626238703727722,recon_dom_01_10
1732,,,,,,,,,,2.7973012924194336,0.17796872556209564,50.0,3.4752700328826904,0.4942585229873657,0.0,0.0,0.0,87.57066345214844,0.24399608373641968,103.10950469970703,0.13021299242973328,recon_dom_01_10
1733,,,,,,,,,,2.216197967529297,1.4402650594711304,6.596420764923096,3.7224271297454834,0.07997244596481323,0.0,0.0,0.0,2.990567922592163,0.23190893232822418,6.337734222412109,0.139326274394989,recon_dom_01_10
1734,,,,,,,,,,1.0815141201019287,9.070677757263184,1.34087073802948,10.165600776672363,0.03285307064652443,0.007956054992973804,0.0,0.0,0.3352351486682892,0.2290375828742981,1.591548204421997,0.14736312627792358,recon_dom_01_10
1735,,,,,,,,,,2.2116944789886475,1.8336166143417358,8.263933181762695,4.127950191497803,0.09907887876033783,0.0,0.0,0.0,3.7880682945251465,0.23834404349327087,7.886466026306152,0.13403016328811646,recon_dom_01_10
1736,,,,,,,,,,1.944692850112915,2.986823558807373,3.7676920890808105,4.969193458557129,0.07198172062635422,0.0,0.0,0.0,1.3308322429656982,0.23369625210762024,4.079532623291016,0.1381550133228302,recon_dom_01_10
1737,,,,,,,,,,2.895575523376465,0.37653130292892456,32.404563903808594,3.5961525440216064,0.17357002198696136,0.0,0.0,0.0,18.270109176635742,0.23904770612716675,26.458480834960938,0.13461127877235413,recon_dom_01_10
1738,,,,,,,,,,1.4400513172149658,3.0079925060272217,2.9956812858581543,4.478000640869141,0.06070946156978607,0.0,0.0,0.0,1.0715084075927734,0.23034176230430603,3.166747570037842,0.14217466115951538,recon_dom_01_10
1739,,,,,,,,,,0.8452954292297363,8.98570728302002,0.7796299457550049,9.838799476623535,0.027252528816461563,0.008703690953552723,0.0,0.0,0.1270342618227005,0.22522692382335663,0.9399455785751343,0.15133821964263916,recon_dom_01_10
1740,,,,0.0,0.0,0.0,100.0,50.0,100.0,1.979202151298523,0.2632192075252533,50.0,2.7424213886260986,0.19757722318172455,0.0,0.0,0.0,32.94636154174805,0.23604951798915863,40.36415481567383,0.138187438249588,recon_dom_01_10
1741,,,,,,,,,,2.8807625770568848,0.6055727005004883,8.320558547973633,3.5695409774780273,0.10447083413600922,0.0,0.0,0.0,3.7521119117736816,0.23755046725273132,8.018000602722168,0.13337251543998718,recon_dom_01_10
1742,,,,,,,,,,2.896989583969116,0.29858967661857605,43.747718811035156,3.633056402206421,0.23417359590530396,0.0,0.0,0.0,25.108848571777344,0.24282164871692657,34.86137390136719,0.13035213947296143,recon_dom_01_10
1743,,,,,,,,,,2.1094717979431152,2.572554588317871,3.735957622528076,4.719386100769043,0.07703126966953278,0.0,0.0,0.0,1.2794283628463745,0.23373478651046753,4.068813800811768,0.1359245330095291,recon_dom_01_10
1744,,,,,,,,,,1.6284492015838623,5.415189266204834,1.7152917385101318,7.060791492462158,0.03890207037329674,0.0,0.0,0.0,0.4594581127166748,0.23199549317359924,2.0476105213165283,0.14318479597568512,recon_dom_01_10
1745,,,,,,,,,,1.1674576997756958,6.9855852127075195,1.0876141786575317,8.163919448852539,0.04082580655813217,0.0,0.0,0.0,0.173322394490242,0.22684478759765625,1.345882534980774,0.14537018537521362,recon_dom_01_10
1746,,,,,,,,,,3.0966811180114746,0.29942500591278076,41.027793884277344,3.8063840866088867,0.2112230360507965,0.0,0.0,0.0,23.389739990234375,0.24242913722991943,33.08914566040039,0.1312398910522461,recon_dom_01_10
1747,,,,,,,,,,2.682324171066284,0.4309145510196686,50.0,3.61323881149292,1.5150282382965088,0.0,0.0,0.0,321.3199462890625,0.2409922182559967,343.1486511230469,0.13220641016960144,recon_dom_01_10
1748,,,,,,,,,,2.728076457977295,0.275433212518692,50.0,3.503509759902954,0.30406734347343445,0.0,0.0,0.0,52.419769287109375,0.23649773001670837,63.315277099609375,0.136419415473938,recon_dom_01_10
1749,,,,,,,,,,1.9977757930755615,1.089194416999817,6.434597969055176,3.1513161659240723,0.09045529365539551,0.0,0.0,0.0,3.01265287399292,0.2175883650779724,5.8653974533081055,0.1521051973104477,recon_dom_01_10
1750,,,,0.0,0.0,0.0,100.0,50.0,100.0,3.131784200668335,0.599313497543335,14.785894393920898,3.8789565563201904,0.12676291167736053,0.0,0.0,0.0,7.376949787139893,0.23720720410346985,13.475872039794922,0.13473135232925415,recon_dom_01_10
1751,,,,,,,,,,3.0567519664764404,0.20958644151687622,50.0,3.766338348388672,0.49509137868881226,0.0,0.0,0.0,95.1915283203125,0.24158097803592682,111.01730346679688,0.1316969394683838,recon_dom_01_10
1752,,,,,,,,,,2.8735158443450928,0.2764184772968292,37.60626220703125,3.5259969234466553,0.20938517153263092,0.0,0.0,0.0,21.333927154541016,0.24134525656700134,30.376300811767578,0.13125157356262207,recon_dom_01_10
1753,,,,,,,,,,2.1214427947998047,0.5229791402816772,13.627764701843262,2.7806994915008545,0.08445321768522263,0.006863689515739679,0.0,0.0,7.494996070861816,0.2308417409658432,11.331805229187012,0.14651423692703247,recon_dom_01_10
1754,,,,,,,,,,1.9607267379760742,1.864775538444519,3.644458055496216,3.8619468212127686,0.05683159828186035,0.013103201054036617,0.0,0.0,1.5210801362991333,0.22879591584205627,3.5769290924072266,0.1477259248495102,recon_dom_01_10
1755,,,,,,,,,,2.616955280303955,0.7180943489074707,6.325078964233398,3.3983004093170166,0.1012784093618393,0.0,0.0,0.0,2.633429765701294,0.2317776083946228,6.297046184539795,0.13556310534477234,recon_dom_01_10
1756,,,,,,,,,,3.081484317779541,0.2771112322807312,45.02001953125,3.808795690536499,0.22264043986797333,0.0,0.0,0.0,26.216094970703125,0.24154049158096313,35.306766510009766,0.1318299025297165,recon_dom_01_10
1757,,,,,,,,,,2.260477066040039,0.5098074674606323,15.411538124084473,2.9243998527526855,0.1285528987646103,0.0,0.0,0.0,8.319792747497559,0.2351495325565338,12.823386192321777,0.13771846890449524,recon_dom_01_10
1758,,,,,,,,,,2.734255313873291,0.9811814427375793,9.937450408935547,3.8148112297058105,0.10668276995420456,0.0,0.0,0.0,4.785472393035889,0.2367328554391861,9.162569046020508,0.1360560953617096,recon_dom_01_10
1759,,,,,,,,,,3.2792162895202637,0.4395938813686371,19.946048736572266,3.9182705879211426,0.124794140458107,0.0,0.0,0.0,10.697433471679688,0.23851612210273743,17.17474365234375,0.1342245638370514,recon_dom_01_10
1760,,,,0.0,0.0,0.0,100.0,50.0,100.0,2.238804340362549,0.2439574897289276,50.0,2.982761859893799,0.6372552514076233,0.0,0.0,0.0,129.91786193847656,0.2338089942932129,144.94964599609375,0.13657963275909424,recon_dom_01_10
1761,,,,,,,,,,2.9916036128997803,0.2742008864879608,49.086219787597656,3.756666660308838,0.2213948667049408,0.0,0.0,0.0,28.701025009155273,0.24182942509651184,38.481727600097656,0.13172024488449097,recon_dom_01_10
1762,,,,,,,,,,1.3875164985656738,5.664421081542969,1.1432721614837646,7.063370227813721,0.03196830302476883,0.0,0.0,0.0,0.2206374853849411,0.23249948024749756,1.450636625289917,0.14224930107593536,recon_dom_01_10
1763,,,,,,,,,,1.6347368955612183,2.8620009422302246,2.240450143814087,4.519142150878906,0.0728926807641983,0.0,0.0,0.0,0.6316745281219482,0.23420751094818115,2.413966417312622,0.13908323645591736,recon_dom_01_10
1764,,,,,,,,,,1.4399125576019287,4.7840471267700195,1.40144681930542,6.237974166870117,0.05114561319351196,0.0,0.0,0.0,0.2731338143348694,0.23056790232658386,1.6705024242401123,0.1427702009677887,recon_dom_01_10
1765,,,,,,,,,,2.5603160858154297,1.3303455114364624,6.197059154510498,3.952632188796997,0.09491431713104248,0.0,0.0,0.0,2.685302257537842,0.23221516609191895,6.0003533363342285,0.13786961138248444,recon_dom_01_10
1766,,,,,,,,,,2.6766982078552246,1.4714475870132446,8.609689712524414,4.234242916107178,0.0823226198554039,0.0,0.0,0.0,4.063113212585449,0.23869895935058594,8.194961547851562,0.1361289620399475,recon_dom_01_10
1767,,,,,,,,,,2.071707248687744,0.9865557551383972,8.379541397094727,3.1420583724975586,0.1083066537976265,0.0,0.0,0.0,3.986579179763794,0.23424336314201355,7.628534317016602,0.13737311959266663,recon_dom_01_10
1768,,,,,,,,,,1.5415232181549072,5.012205600738525,1.4089045524597168,6.567817687988281,0.05196906626224518,0.0,0.0,0.0,0.26915353536605835,0.23494714498519897,1.685091257095337,0.13865163922309875,recon_dom_01_10
1769,,,,,,,,,,2.8009305000305176,0.8243035674095154,10.318391799926758,3.7284178733825684,0.09999868273735046,0.0,0.0,0.0,5.087403297424316,0.23816439509391785,9.387250900268555,0.1355322152376175,recon_dom_01_10
1770,,,,0.0,0.0,0.0,100.0,50.0,100.0,2.967302083969116,0.28450077772140503,50.0,3.751802921295166,0.27596601843833923,0.0,0.0,0.0,42.14919662475586,0.24183906614780426,52.58368682861328,0.1323152631521225,recon_dom_01_10
1771,,,,,,,,,,2.3388991355895996,0.29898712038993835,50.0,3.1378862857818604,0.27263373136520386,0.0,0.0,0.0,39.57368469238281,0.23678983747959137,49.600406646728516,0.13492721319198608,recon_dom_01_10
1772,,,,,,,,,,2.830552816390991,0.23484529554843903,50.0,3.5653982162475586,0.7016932368278503,0.0,0.0,0.0,144.05068969726562,0.24318422377109528,162.6272735595703,0.13086947798728943,recon_dom_01_10
1773,,,,,,,,,,2.9383091926574707,0.32131150364875793,32.67225646972656,3.586343288421631,0.18696464598178864,0.0,0.0,0.0,18.51740837097168,0.24146747589111328,26.365453720092773,0.13154086470603943,recon_dom_01_10
1774,,,,,,,,,,2.3170666694641113,1.5293699502944946,5.941199779510498,3.905848503112793,0.06575421988964081,0.0,0.0,0.0,2.66851544380188,0.23596668243408203,5.812666893005371,0.13983027637004852,recon_dom_01_10
1775,,,,,,,,,,2.9395699501037598,0.2505206763744354,50.0,3.6900906562805176,0.449464350938797,0.0,0.0,0.0,77.18310546875,0.24310271441936493,92.77555847167969,0.13027411699295044,recon_dom_01_10
1776,,,,,,,,,,1.0404382944107056,6.53535270690918,1.0076805353164673,7.585867881774902,0.05465281009674072,0.0,0.0,0.0,0.134976327419281,0.22501404583454132,1.1245578527450562,0.1465981900691986,recon_dom_01_10
1777,,,,,,,,,,1.087845802307129,7.004091262817383,0.895585298538208,8.100893020629883,0.0640551894903183,0.0,0.0,0.0,0.08451992273330688,0.23396307229995728,0.9069225192070007,0.13931813836097717,recon_dom_01_10
1778,,,,,,,,,,1.4150060415267944,4.25909423828125,1.3415193557739258,5.6875152587890625,0.03219719976186752,0.0,0.0,0.0,0.3634535074234009,0.22611042857170105,1.5592154264450073,0.14861208200454712,recon_dom_01_10
1779,,,,,,,,,,2.012376308441162,0.281240850687027,50.0,2.7936172485351562,0.7123485207557678,0.0,0.0,0.0,144.50592041015625,0.23679755628108978,159.7377166748047,0.1361473798751831,recon_dom_01_10
1780,,,,0.0,0.0,0.0,100.0,50.0,100.0,2.682788610458374,0.357532799243927,50.0,3.5403213500976562,1.501734972000122,0.0,0.0,0.0,327.8260192871094,0.24116191267967224,351.1865234375,0.13227301836013794,recon_dom_01_10
1781,,,,,,,,,,2.099609375,0.33178213238716125,50.0,2.931391477584839,0.3114430010318756,0.0,0.0,0.0,47.04670715332031,0.2381453514099121,59.22185516357422,0.13462689518928528,recon_dom_01_10
1782,,,,,,,,,,2.721872329711914,0.548766553401947,15.31379508972168,3.423776865005493,0.12991298735141754,0.0,0.0,0.0,7.913162708282471,0.23961400985717773,13.427644729614258,0.13282956182956696,recon_dom_01_10
1783,,,,,,,,,,1.651850938796997,3.7113449573516846,1.5812312364578247,5.3790082931518555,0.056429773569107056,0.0,0.0,0.0,0.35982269048690796,0.22971759736537933,1.8040533065795898,0.14261223375797272,recon_dom_01_10
1784,,,,,,,,,,3.126742124557495,0.3967559039592743,21.001733779907227,3.7335152626037598,0.1412760615348816,0.0,0.0,0.0,11.197015762329102,0.24015764892101288,18.12198829650879,0.133276104927063,recon_dom_01_10
1785,,,,,,,,,,1.821033000946045,3.092329263687134,2.0729317665100098,4.934091567993164,0.07620283961296082,0.0,0.0,0.0,0.5053731203079224,0.2338428944349289,2.298715353012085,0.13802358508110046,recon_dom_01_10
1786,,,,,,,,,,2.2523975372314453,0.2946297526359558,50.0,3.047027349472046,0.5436256527900696,0.0,0.0,0.0,112.87120819091797,0.23724648356437683,125.63387298583984,0.1349448561668396,recon_dom_01_10
1787,,,,,,,,,,2.9142842292785645,0.3715897500514984,34.39986038208008,3.6298725605010986,0.18316486477851868,0.0,0.0,0.0,19.579702377319336,0.241504967212677,27.733905792236328,0.13231560587882996,recon_dom_01_10
1788,,,,,,,,,,2.121100664138794,0.3037749230861664,50.0,2.924875497817993,0.20220455527305603,0.0,0.0,0.0,30.46791648864746,0.23217830061912537,38.58429718017578,0.14097894728183746,recon_dom_01_10
1789,,,,,,,,,,2.532510757446289,0.2831643223762512,50.0,3.3156750202178955,0.5634104609489441,0.0,0.0,0.0,109.13601684570312,0.23974689841270447,124.08636474609375,0.13381218910217285,recon_dom_01_10
1790,,,,0.0,0.0,0.0,100.0,100.0,100.0,1.9393333196640015,1.1280145645141602,5.127315998077393,3.1186211109161377,0.061997465789318085,0.0,0.0,0.0,2.339547634124756,0.2286304235458374,4.880321979522705,0.14756636321544647,recon_dom_01_10
1791,,,,,,,,,,1.5480902194976807,1.8873707056045532,3.649052619934082,3.471951484680176,0.06245306134223938,0.0,0.0,0.0,1.5138767957687378,0.23233412206172943,3.5706164836883545,0.14368587732315063,recon_dom_01_10
1792,,,,,,,,,,2.7999866008758545,0.7287654280662537,13.966079711914062,3.668412923812866,0.14457057416439056,0.0,0.0,0.0,6.883688926696777,0.2398628443479538,12.644560813903809,0.13270586729049683,recon_dom_01_10
1793,,,,,,,,,,2.7293314933776855,0.30210956931114197,50.0,3.5314409732818604,0.28363174200057983,0.0,0.0,0.0,48.58992004394531,0.23875883221626282,58.17869186401367,0.13379701972007751,recon_dom_01_10
1794,,,,,,,,,,2.9857687950134277,0.6700517535209656,17.930673599243164,3.835127353668213,0.1374015510082245,0.0,0.0,0.0,9.388900756835938,0.23762884736061096,15.634995460510254,0.1350458264350891,recon_dom_01_10
1795,,,,,,,,,,2.342435836791992,0.9997040629386902,10.20957088470459,3.4442355632781982,0.08678548038005829,0.0,0.0,0.0,5.208489418029785,0.2352602779865265,9.059672355651855,0.13791635632514954,recon_dom_01_10
1796,,,,,,,,,,2.4221298694610596,0.2961406111717224,50.0,3.2182705402374268,1.1147202253341675,0.0,0.0,0.0,226.4965057373047,0.2397046834230423,246.0501251220703,0.1321011632680893,recon_dom_01_10
1797,,,,,,,,,,2.8910841941833496,0.6068704128265381,12.942724227905273,3.6273818016052246,0.1099746823310852,0.0,0.0,0.0,6.557438373565674,0.23622417449951172,11.596494674682617,0.13541921973228455,recon_dom_01_10
1798,,,,,,,,,,2.176881790161133,1.643531322479248,3.535261631011963,3.8557658195495605,0.08884535729885101,0.0,0.0,0.0,1.2500710487365723,0.23407933115959167,3.6077237129211426,0.13693928718566895,recon_dom_01_10
1799,,,,,,,,,,1.6704726219177246,4.023458480834961,1.9513576030731201,5.713444709777832,0.05737485736608505,0.0,0.0,0.0,0.505696713924408,0.23194974660873413,2.2433722019195557,0.1390560269355774,recon_dom_01_10
1800,,,,0.0,0.0,0.0,100.0,100.0,100.0,2.8387362957000732,0.8332971930503845,5.998174667358398,3.7320151329040527,0.08543777465820312,0.0,0.0,0.0,2.5109620094299316,0.23046620190143585,6.046210765838623,0.13871923089027405,recon_dom_01_10
1801,,,,,,,,,,1.8732435703277588,4.373230457305908,1.6521354913711548,6.26299524307251,0.03998582065105438,0.0,0.0,0.0,0.4280290901660919,0.22263038158416748,1.9741528034210205,0.1483789086341858,recon_dom_01_10
1802,,,,,,,,,,2.7553489208221436,0.6068101525306702,10.472640991210938,3.466885566711426,0.1188942939043045,0.0,0.0,0.0,4.987848281860352,0.23676565289497375,9.706439971923828,0.13424989581108093,recon_dom_01_10
1803,,,,,,,,,,2.577333927154541,0.7225253582000732,15.2146635055542,3.4520058631896973,0.12401789426803589,0.0,0.0,0.0,7.9688873291015625,0.23438876867294312,13.177077293395996,0.13709114491939545,recon_dom_01_10
1804,,,,,,,,,,1.034349799156189,6.430309295654297,0.7988203167915344,7.472647190093994,0.030100755393505096,0.0,0.0,0.0,0.12519654631614685,0.23448698222637177,0.9707915782928467,0.14275476336479187,recon_dom_01_10
1805,,,,,,,,,,1.9571518898010254,2.0131607055664062,3.295703411102295,4.003269672393799,0.07256752252578735,0.0,0.0,0.0,1.1700602769851685,0.23239721357822418,3.4515037536621094,0.1381349265575409,recon_dom_01_10
1806,,,,,,,,,,1.952246069908142,2.069031000137329,3.195995569229126,4.053236961364746,0.06526929140090942,0.0,0.0,0.0,1.1555297374725342,0.23316532373428345,3.3536977767944336,0.1395382285118103,recon_dom_01_10
1807,,,,,,,,,,3.0132508277893066,0.2283908575773239,50.0,3.7416417598724365,0.31758517026901245,0.0,0.0,0.0,45.66071319580078,0.2432449609041214,58.95860290527344,0.13013489544391632,recon_dom_01_10
1808,,,,,,,,,,1.9493474960327148,0.25266405940055847,50.0,2.7020115852355957,0.20286507904529572,0.0,0.0,0.0,34.66183853149414,0.22473375499248505,41.531333923339844,0.1539764404296875,recon_dom_01_10
1809,,,,,,,,,,2.322113037109375,0.2307266891002655,50.0,3.052839756011963,0.6034011840820312,0.0,0.0,0.0,116.43724060058594,0.23855111002922058,130.15707397460938,0.13419681787490845,recon_dom_01_10
1810,,,,0.0,50.0,0.0,100.0,50.0,100.0,2.5543007850646973,0.9063286781311035,7.823027610778809,3.5388598442077637,0.09804284572601318,0.0,0.0,0.0,3.6033291816711426,0.237201988697052,7.384546756744385,0.13490615785121918,recon_dom_01_10
1811,,,,,,,,,,2.406697988510132,0.543466329574585,12.146300315856934,3.071627378463745,0.10586673021316528,0.0,0.0,0.0,6.303658962249756,0.23617246747016907,10.552167892456055,0.13607433438301086,recon_dom_01_10
1812,,,,,,,,,,2.3577470779418945,1.253503441810608,3.889014482498169,3.6501407623291016,0.06755807995796204,0.0,0.0,0.0,1.5339927673339844,0.23011058568954468,3.960242748260498,0.1409866362810135,recon_dom_01_10
1813,,,,,,,,,,2.5268263816833496,0.5507829189300537,9.721343994140625,3.1748228073120117,0.09844610095024109,0.0,0.0,0.0,4.949405193328857,0.23276270925998688,8.485058784484863,0.13902655243873596,recon_dom_01_10
1814,,,,,,,,,,2.683185577392578,0.22913269698619843,50.0,3.412318229675293,0.5995689630508423,0.0,0.0,0.0,127.01598358154297,0.23767855763435364,140.82754516601562,0.1337611973285675,recon_dom_01_10
1815,,,,,,,,,,2.178539752960205,0.652653694152832,10.707723617553711,2.9382705688476562,0.10091223567724228,0.0,0.0,0.0,5.478221893310547,0.23337146639823914,9.375198364257812,0.14004623889923096,recon_dom_01_10
1816,,,,,,,,,,2.811339855194092,0.2499493509531021,50.0,3.5612893104553223,0.9820285439491272,0.0,0.0,0.0,200.8419647216797,0.24147683382034302,220.73228454589844,0.13161742687225342,recon_dom_01_10
1817,,,,,,,,,,2.571943759918213,0.2025667428970337,50.0,3.274510383605957,0.8091230392456055,0.0,0.0,0.0,159.879638671875,0.2385982871055603,172.99142456054688,0.1336260735988617,recon_dom_01_10
1818,,,,,,,,,,3.1857666969299316,0.21990971267223358,50.0,3.9056763648986816,0.28209295868873596,0.0,0.0,0.0,46.06803512573242,0.24261480569839478,58.23590087890625,0.13187849521636963,recon_dom_01_10
1819,,,,,,,,,,1.872422456741333,0.7414752840995789,9.100982666015625,2.7049076557159424,0.07807507365942001,0.0,0.0,0.0,4.55106782913208,0.23198802769184113,8.243950843811035,0.14364202320575714,recon_dom_01_10
1820,,,,0.0,0.0,0.0,100.0,0.0,50.0,3.3385884761810303,0.3134740889072418,33.77732849121094,3.989835739135742,0.17944222688674927,0.0,0.0,0.0,18.82046127319336,0.2400912344455719,28.044677734375,0.1330820620059967,recon_dom_01_10
1821,,,,,,,,,,2.3942618370056152,1.0441192388534546,9.108023643493652,3.52946138381958,0.08511928468942642,0.0,0.0,0.0,4.435275077819824,0.23290856182575226,8.419656753540039,0.14033323526382446,recon_dom_01_10
1822,,,,,,,,,,3.0774197578430176,0.1804669052362442,50.0,3.7578866481781006,0.2572377026081085,0.0,0.0,0.0,38.926170349121094,0.24240078032016754,50.111366271972656,0.13168182969093323,recon_dom_01_10
1823,,,,,,,,,,2.13615083694458,1.6713460683822632,4.379929542541504,3.8512961864471436,0.06946532428264618,0.0,0.0,0.0,1.6913739442825317,0.2260391116142273,4.608741760253906,0.14254212379455566,recon_dom_01_10
1824,,,,,,,,,,2.700164794921875,0.8174870610237122,7.8959503173828125,3.596611261367798,0.09074414521455765,0.0,0.0,0.0,3.597163677215576,0.23614683747291565,7.615900993347168,0.1350061148405075,recon_dom_01_10
1825,,,,,,,,,,2.795355796813965,0.6403749585151672,11.765714645385742,3.5533878803253174,0.11402304470539093,0.0,0.0,0.0,5.753414154052734,0.23744399845600128,10.809931755065918,0.13474658131599426,recon_dom_01_10
1826,,,,,,,,,,2.764726400375366,1.0665067434310913,7.866593837738037,3.9098989963531494,0.08818414062261581,0.0,0.0,0.0,3.580305337905884,0.2339172661304474,7.61625862121582,0.13847315311431885,recon_dom_01_10
1827,,,,,,,,,,1.926074504852295,0.32176733016967773,39.44057846069336,2.6422476768493652,0.1606021672487259,0.007478019688278437,0.0,0.0,23.61505699157715,0.23512427508831024,29.95468521118164,0.1417432725429535,recon_dom_01_10
1828,,,,,,,,,,3.075458526611328,0.5880559682846069,10.04758071899414,3.7639904022216797,0.09914074093103409,0.0,0.0,0.0,4.850578784942627,0.23575088381767273,9.32798957824707,0.13727623224258423,recon_dom_01_10
1829,,,,,,,,,,2.1508278846740723,1.1263959407806396,6.249995708465576,3.339723825454712,0.060553692281246185,0.0,0.0,0.0,2.996957302093506,0.22867852449417114,5.8258514404296875,0.14476384222507477,recon_dom_01_10
1830,,,,0.0,0.0,0.0,100.0,100.0,100.0,2.244811534881592,0.6483873724937439,15.177790641784668,3.0449767112731934,0.09650004655122757,0.0,0.0,0.0,8.307302474975586,0.2333568036556244,12.701192855834961,0.14057044684886932,recon_dom_01_10
1831,,,,,,,,,,2.9114136695861816,0.625098705291748,10.381587982177734,3.6403281688690186,0.13239845633506775,0.0,0.0,0.0,4.712806701660156,0.23589572310447693,9.939401626586914,0.1349775493144989,recon_dom_01_10
1832,,,,,,,,,,2.6691577434539795,0.23364783823490143,50.0,3.4028055667877197,0.29109928011894226,0.0,0.0,0.0,43.96543502807617,0.24115072190761566,52.77328872680664,0.13247837126255035,recon_dom_01_10
1833,,,,,,,,,,3.2506728172302246,0.2756984531879425,31.534303665161133,3.841714382171631,0.16579347848892212,0.0,0.0,0.0,18.00286865234375,0.24085746705532074,25.330181121826172,0.13292840123176575,recon_dom_01_10
1834,,,,,,,,,,2.54363751411438,0.25938495993614197,50.0,3.3030223846435547,0.28699392080307007,0.0,0.0,0.0,41.988792419433594,0.23784944415092468,51.35695266723633,0.1341521143913269,recon_dom_01_10
1835,,,,,,,,,,1.9412624835968018,0.3177562654018402,32.04375076293945,2.579456329345703,0.14683125913143158,0.0,0.0,0.0,18.687000274658203,0.22950395941734314,25.169912338256836,0.14689435064792633,recon_dom_01_10
1836,,,,,,,,,,2.9413459300994873,0.35614126920700073,22.839937210083008,3.5258865356445312,0.17549321055412292,0.0,0.0,0.0,12.155529022216797,0.24027341604232788,19.53947639465332,0.13176852464675903,recon_dom_01_10
1837,,,,,,,,,,1.859372854232788,1.8081907033920288,3.0742266178131104,3.69830584526062,0.05324476957321167,0.0,0.0,0.0,1.1477181911468506,0.23385527729988098,3.245922088623047,0.13938137888908386,recon_dom_01_10
1838,,,,,,,,,,1.76202392578125,2.883643627166748,1.92515230178833,4.664918899536133,0.04160868003964424,0.0,0.0,0.0,0.5685610175132751,0.2300480306148529,2.2218055725097656,0.14640340209007263,recon_dom_01_10
1839,,,,,,,,,,2.234870433807373,0.541785478591919,11.001124382019043,2.886667251586914,0.1107323095202446,0.0,0.0,0.0,5.6216721534729,0.23394116759300232,9.577271461486816,0.1376071572303772,recon_dom_01_10
1840,,,,0.0,50.0,50.0,50.0,50.0,50.0,1.0540364980697632,7.100214958190918,1.042375087738037,8.164674758911133,0.02625063806772232,0.0,0.0,0.0,0.2320670634508133,0.22636547684669495,1.2822884321212769,0.15274065732955933,recon_dom_01_10
1841,,,,,,,,,,2.3249564170837402,0.532255232334137,15.415304183959961,3.011364698410034,0.11513232439756393,0.0,0.0,0.0,8.380874633789062,0.2314153015613556,12.843011856079102,0.14121615886688232,recon_dom_01_10
1842,,,,,,,,,,2.1692676544189453,0.4062010645866394,22.381681442260742,2.799285650253296,0.1355099380016327,0.0,0.0,0.0,12.655988693237305,0.23091483116149902,18.02212142944336,0.13990454375743866,recon_dom_01_10
1843,,,,,,,,,,3.033634901046753,0.3225276470184326,33.68647384643555,3.6930272579193115,0.16921420395374298,0.0,0.0,0.0,19.278982162475586,0.2411891371011734,27.048198699951172,0.1319999098777771,recon_dom_01_10
1844,,,,,,,,,,1.8836363554000854,3.678419828414917,1.9609159231185913,5.581665515899658,0.046999961137771606,0.0,0.0,0.0,0.5226917266845703,0.2318754345178604,2.3319251537323,0.14074251055717468,recon_dom_01_10
1845,,,,,,,,,,2.6419501304626465,0.22904974222183228,50.0,3.370999813079834,0.6149864196777344,0.0,0.0,0.0,128.77017211914062,0.2399156391620636,144.0889129638672,0.1327822506427765,recon_dom_01_10
1846,,,,,,,,,,2.7480907440185547,0.7820983529090881,9.120875358581543,3.6213977336883545,0.09173230826854706,0.0,0.0,0.0,4.3198041915893555,0.2373790144920349,8.610276222229004,0.13533303141593933,recon_dom_01_10
1847,,,,,,,,,,2.665868043899536,0.9481656551361084,8.425613403320312,3.6982898712158203,0.11085100471973419,0.0,0.0,0.0,3.854546546936035,0.23762020468711853,7.95927619934082,0.13411730527877808,recon_dom_01_10
1848,,,,,,,,,,1.83384370803833,1.5036653280258179,5.251407623291016,3.3900232315063477,0.08086258172988892,0.0,0.0,0.0,2.244649648666382,0.22573667764663696,5.130418300628662,0.14662033319473267,recon_dom_01_10
1849,,,,,,,,,,2.278115749359131,0.405282586812973,37.605525970458984,3.0594534873962402,0.18247190117835999,0.0,0.0,0.0,22.111682891845703,0.23742926120758057,29.088443756103516,0.135176420211792,recon_dom_01_10
1850,,,,0.0,0.0,0.0,100.0,100.0,100.0,2.2521347999572754,1.9549329280853271,6.567257404327393,4.272740364074707,0.08379201591014862,0.0,0.0,0.0,2.777721643447876,0.23055610060691833,6.66703987121582,0.13999706506729126,recon_dom_01_10
1851,,,,,,,,,,1.9414796829223633,0.4372768998146057,25.968212127685547,2.6384387016296387,0.1289639174938202,0.0,0.0,0.0,14.930578231811523,0.2335280179977417,20.710783004760742,0.14069527387619019,recon_dom_01_10
1852,,,,,,,,,,2.2815628051757812,0.2542054355144501,50.0,3.0357682704925537,0.936779260635376,0.0,0.0,0.0,212.4853057861328,0.23881101608276367,230.4868621826172,0.13517066836357117,recon_dom_01_10
1853,,,,,,,,,,1.7952039241790771,0.27500373125076294,50.0,2.5702075958251953,0.270388662815094,0.0,0.0,0.0,47.21459197998047,0.23125019669532776,55.8840446472168,0.1414305567741394,recon_dom_01_10
1854,,,,,,,,,,2.3083372116088867,0.24987943470478058,50.0,3.0582165718078613,0.9718032479286194,0.0,0.0,0.0,203.7252197265625,0.23848265409469604,221.66700744628906,0.13333797454833984,recon_dom_01_10
1855,,,,,,,,,,2.302795886993408,1.2775769233703613,9.048009872436523,3.6708528995513916,0.10682031512260437,0.0,0.0,0.0,4.26536750793457,0.23620831966400146,8.422774314880371,0.1353241503238678,recon_dom_01_10
1856,,,,,,,,,,2.0621848106384277,2.1009271144866943,3.9740524291992188,4.202852249145508,0.07378882169723511,0.0,0.0,0.0,1.5574547052383423,0.23287644982337952,4.020806312561035,0.13962586224079132,recon_dom_01_10
1857,,,,,,,,,,2.154381513595581,0.34188225865364075,50.0,2.9962637424468994,0.21069945394992828,0.0,0.0,0.0,31.361188888549805,0.2400517463684082,39.33604049682617,0.1347929835319519,recon_dom_01_10
1858,,,,,,,,,,1.8640875816345215,1.6164652109146118,5.364478588104248,3.5341975688934326,0.05809139832854271,0.0,0.0,0.0,2.4658353328704834,0.22660130262374878,5.140928268432617,0.15062113106250763,recon_dom_01_10
1859,,,,,,,,,,2.4641568660736084,0.32269978523254395,50.0,3.2868566513061523,0.2575313150882721,0.0,0.0,0.0,36.78818130493164,0.23920106887817383,45.89556884765625,0.13323798775672913,recon_dom_01_10
1860,,,,0.0,0.0,0.0,100.0,50.0,50.0,2.43491268157959,0.8567047119140625,9.591617584228516,3.387533664703369,0.10941235721111298,0.0,0.0,0.0,4.502999305725098,0.23853345215320587,9.008674621582031,0.13366028666496277,recon_dom_01_10
1861,,,,,,,,,,2.7371270656585693,0.2228689342737198,50.0,3.459995985031128,0.3179101049900055,0.0,0.0,0.0,54.59554672241211,0.2412017285823822,65.77965545654297,0.1318705677986145,recon_dom_01_10
1862,,,,,,,,,,2.6217026710510254,0.26338478922843933,50.0,3.385087490081787,0.228505939245224,0.0,0.0,0.0,31.737110137939453,0.23956257104873657,40.53772735595703,0.13288316130638123,recon_dom_01_10
1863,,,,,,,,,,1.5531349182128906,3.6328346729278564,1.748549461364746,5.203454971313477,0.05951601266860962,0.0,0.0,0.0,0.4071979820728302,0.2285151183605194,2.0133585929870605,0.14240682125091553,recon_dom_01_10
1864,,,,,,,,,,2.0086820125579834,0.32094958424568176,50.0,2.8296315670013428,1.3450452089309692,0.0,0.0,0.0,297.768310546875,0.23666337132453918,318.8316345214844,0.13523221015930176,recon_dom_01_10
1865,,,,,,,,,,1.7071001529693604,1.6207250356674194,5.347129821777344,3.381296396255493,0.0693727657198906,3.737356382771395e-05,0.0,0.0,2.4015064239501953,0.23034167289733887,5.122930526733398,0.14222583174705505,recon_dom_01_10
1866,,,,,,,,,,3.0334086418151855,0.213425874710083,50.0,3.7468345165252686,0.2876223921775818,0.0,0.0,0.0,40.38957595825195,0.24343140423297882,52.16350555419922,0.13076063990592957,recon_dom_01_10
1867,,,,,,,,,,1.6027405261993408,0.23265786468982697,50.0,2.3353984355926514,0.7493920922279358,0.0,0.0,0.0,158.10696411132812,0.2363768368959427,170.46739196777344,0.13739243149757385,recon_dom_01_10
1868,,,,,,,,,,2.2656447887420654,1.1408344507217407,10.28899097442627,3.509369134902954,0.08563012629747391,0.0,0.0,0.0,5.164955139160156,0.23583996295928955,9.316847801208496,0.13877686858177185,recon_dom_01_10
1869,,,,,,,,,,3.020801544189453,0.721358060836792,12.485026359558105,3.8670098781585693,0.10347077250480652,0.0,0.0,0.0,6.209958076477051,0.237013578414917,11.440938949584961,0.13543261587619781,recon_dom_01_10
1870,,,,0.0,0.0,0.0,100.0,50.0,100.0,3.1552467346191406,0.2455347180366516,50.0,3.9007813930511475,0.2259865701198578,0.0,0.0,0.0,30.62131118774414,0.24211636185646057,40.41187286376953,0.13206645846366882,recon_dom_01_10
1871,,,,,,,,,,2.0126583576202393,2.4123706817626953,4.182832717895508,4.466857433319092,0.05732350796461105,0.0,0.0,0.0,1.7081049680709839,0.23177725076675415,4.3017120361328125,0.14076510071754456,recon_dom_01_10
1872,,,,,,,,,,1.8783042430877686,0.4191342890262604,37.48405456542969,2.672279119491577,0.17503803968429565,0.0,0.0,0.0,22.068761825561523,0.2354602813720703,29.005292892456055,0.13910309970378876,recon_dom_01_10
1873,,,,,,,,,,2.8050436973571777,0.23900972306728363,50.0,3.544053316116333,0.39171576499938965,0.0,0.0,0.0,64.07735443115234,0.2410438358783722,75.9642333984375,0.13190537691116333,recon_dom_01_10
1874,,,,,,,,,,2.963589668273926,0.21325597167015076,50.0,3.6768455505371094,0.46816128492355347,0.0,0.0,0.0,86.64546203613281,0.24343255162239075,102.40028381347656,0.13118486106395721,recon_dom_01_10
1875,,,,,,,,,,1.2261883020401,3.643455743789673,2.409099817276001,4.893734931945801,0.05884317681193352,0.0,0.0,0.0,0.8120003342628479,0.21730279922485352,2.5306692123413086,0.15818604826927185,recon_dom_01_10
1876,,,,,,,,,,1.5573179721832275,3.2315168380737305,2.897279739379883,4.817807674407959,0.05362230911850929,0.001084923162125051,0.0,0.0,1.0261518955230713,0.2335541993379593,3.1293396949768066,0.13906019926071167,recon_dom_01_10
1877,,,,,,,,,,2.8093249797821045,0.8428853154182434,12.112997055053711,3.7733402252197266,0.11313803493976593,0.0,0.0,0.0,6.059113025665283,0.23578119277954102,10.901912689208984,0.1365983933210373,recon_dom_01_10
1878,,,,,,,,,,1.7128891944885254,3.3679556846618652,2.8944177627563477,5.10978889465332,0.0646013468503952,0.0,0.0,0.0,0.9570328593254089,0.2344018816947937,3.154224395751953,0.13825935125350952,recon_dom_01_10
1879,,,,,,,,,,2.6680026054382324,1.2108736038208008,12.52706241607666,4.004147052764893,0.11341138184070587,0.0,0.0,0.0,5.997219562530518,0.23812595009803772,11.851161003112793,0.1339264065027237,recon_dom_01_10
1880,,,,0.0,0.0,0.0,100.0,100.0,100.0,1.7528297901153564,3.1481716632843018,2.7969274520874023,4.928970813751221,0.07741834223270416,0.0,0.0,0.0,0.8322049975395203,0.23041941225528717,3.0814623832702637,0.13857725262641907,recon_dom_01_10
1881,,,,,,,,,,2.1204278469085693,1.912311315536499,5.068941116333008,4.083428382873535,0.07992905378341675,0.0,0.0,0.0,2.0334064960479736,0.23306994140148163,5.197806358337402,0.13679343461990356,recon_dom_01_10
1882,,,,,,,,,,2.9290950298309326,0.22498780488967896,50.0,3.654082775115967,0.3150674104690552,0.0,0.0,0.0,44.71442794799805,0.24061048030853271,56.52436447143555,0.13163578510284424,recon_dom_01_10
1883,,,,,,,,,,2.8230361938476562,0.5298265814781189,19.7481746673584,3.550344467163086,0.13279002904891968,0.0,0.0,0.0,10.818549156188965,0.23267561197280884,16.457393646240234,0.13710883259773254,recon_dom_01_10
1884,,,,,,,,,,2.7922658920288086,0.4864550232887268,16.626195907592773,3.4449827671051025,0.1349397897720337,0.0,0.0,0.0,8.727964401245117,0.23640108108520508,14.372886657714844,0.13449279963970184,recon_dom_01_10
1885,,,,,,,,,,2.741785764694214,0.3980199992656708,28.090917587280273,3.420714855194092,0.1477864682674408,0.0,0.0,0.0,15.98293685913086,0.2354503870010376,22.6636962890625,0.1365409791469574,recon_dom_01_10
1886,,,,,,,,,,2.6652801036834717,0.24994954466819763,50.0,3.415229558944702,0.9196137189865112,0.0,0.0,0.0,181.8980255126953,0.2430378794670105,202.73837280273438,0.13043829798698425,recon_dom_01_10
1887,,,,,,,,,,2.961726665496826,0.23155251145362854,50.0,3.693279266357422,0.3264921307563782,0.0,0.0,0.0,49.25970458984375,0.2427780032157898,62.361488342285156,0.131066232919693,recon_dom_01_10
1888,,,,,,,,,,2.1314573287963867,0.2638610601425171,50.0,2.8953185081481934,0.31669044494628906,0.0,0.0,0.0,49.361541748046875,0.23513801395893097,59.613494873046875,0.13749238848686218,recon_dom_01_10
1889,,,,,,,,,,2.086498975753784,0.5128136873245239,27.74118423461914,2.8767244815826416,0.15320877730846405,0.0,0.0,0.0,15.923152923583984,0.23564068973064423,22.029531478881836,0.13658152520656586,recon_dom_01_10
1890,,,,0.0,0.0,0.0,100.0,50.0,50.0,2.9374074935913086,0.43405768275260925,29.81317901611328,3.6695969104766846,0.15373583137989044,0.0,0.0,0.0,16.954635620117188,0.24105456471443176,24.10480499267578,0.1335674524307251,recon_dom_01_10
1891,,,,,,,,,,3.023751735687256,0.46268942952156067,34.55403518676758,3.8319814205169678,0.17850205302238464,0.0,0.0,0.0,19.524951934814453,0.24066826701164246,28.198406219482422,0.1330326497554779,recon_dom_01_10
1892,,,,,,,,,,1.6030490398406982,3.4964962005615234,2.161381721496582,5.121159076690674,0.06409568339586258,0.0,0.0,0.0,0.6047004461288452,0.22600781917572021,2.398617744445801,0.14293205738067627,recon_dom_01_10
1893,,,,,,,,,,2.1544599533081055,0.3888125419616699,50.0,3.0432724952697754,0.2629522681236267,0.0,0.0,0.0,41.22660827636719,0.23617851734161377,49.932899475097656,0.13595077395439148,recon_dom_01_10
1894,,,,,,,,,,2.0972352027893066,0.34331777691841125,50.0,2.9405529499053955,0.32312193512916565,0.0,0.0,0.0,52.195377349853516,0.23926445841789246,62.405086517333984,0.13356897234916687,recon_dom_01_10
1895,,,,,,,,,,2.4756059646606445,0.7889381647109985,18.973037719726562,3.4542744159698486,0.11538179218769073,0.0,0.0,0.0,10.46160888671875,0.23504117131233215,15.79423713684082,0.13895399868488312,recon_dom_01_10
1896,,,,,,,,,,1.597293734550476,1.2084513902664185,6.00355339050293,2.8657805919647217,0.05918623134493828,0.0,0.0,0.0,2.942559242248535,0.23427754640579224,5.455152988433838,0.14058631658554077,recon_dom_01_10
1897,,,,,,,,,,1.8348592519760132,2.3689160346984863,4.802290916442871,4.251798152923584,0.07607026398181915,0.0,0.0,0.0,1.9259557723999023,0.22613351047039032,4.918034553527832,0.1435321867465973,recon_dom_01_10
1898,,,,,,,,,,2.510899066925049,1.0098429918289185,13.0264892578125,3.6510069370269775,0.10515972971916199,0.0,0.0,0.0,6.575800895690918,0.23310020565986633,11.775785446166992,0.1368696689605713,recon_dom_01_10
1899,,,,,,,,,,1.7512531280517578,3.09043025970459,5.262185096740723,4.894305229187012,0.06781145185232162,0.0,0.0,0.0,2.2379865646362305,0.23467344045639038,5.295417785644531,0.13965284824371338,recon_dom_01_10
1900,,,,0.0,0.0,0.0,100.0,100.0,50.0,2.3886570930480957,1.873202919960022,6.746667861938477,4.329326629638672,0.09817332774400711,0.0,0.0,0.0,2.8759429454803467,0.2343856245279312,6.685596466064453,0.1362149864435196,recon_dom_01_10
1901,,,,,,,,,,2.925041913986206,0.29555630683898926,50.0,3.7205982208251953,0.297335684299469,0.0,0.0,0.0,47.366241455078125,0.24046435952186584,59.16050338745117,0.1324189454317093,recon_dom_01_10
1902,,,,,,,,,,2.0566039085388184,1.619327187538147,11.651217460632324,3.79244327545166,0.10613035410642624,0.0,0.0,0.0,5.931479454040527,0.2341531366109848,10.303572654724121,0.13883855938911438,recon_dom_01_10
1903,,,,,,,,,,2.0820670127868652,1.6805225610733032,6.022469520568848,3.8228142261505127,0.09777240455150604,0.0,0.0,0.0,2.6211562156677246,0.23356913030147552,5.750741958618164,0.13723567128181458,recon_dom_01_10
1904,,,,,,,,,,1.56016206741333,3.8112080097198486,2.7817764282226562,5.399188041687012,0.05950401723384857,0.0,0.0,0.0,0.8714538812637329,0.23289671540260315,3.151459217071533,0.1378324180841446,recon_dom_01_10
1905,,,,,,,,,,2.9549427032470703,0.5630716681480408,23.699857711791992,3.7550129890441895,0.13708943128585815,0.0,0.0,0.0,12.934802055358887,0.23776403069496155,20.084564208984375,0.13550549745559692,recon_dom_01_10
1906,,,,,,,,,,1.2644906044006348,5.282479286193848,2.703620195388794,6.574006080627441,0.06154987961053848,0.0,0.0,0.0,0.907621443271637,0.23025500774383545,2.901960611343384,0.14243660867214203,recon_dom_01_10
1907,,,,,,,,,,1.9308364391326904,0.9366748332977295,12.15243148803711,2.9890356063842773,0.10898596048355103,0.0,0.0,0.0,6.334143161773682,0.23575299978256226,10.472323417663574,0.13622713088989258,recon_dom_01_10
1908,,,,,,,,,,1.9203133583068848,0.37676501274108887,45.08824920654297,2.7479608058929443,0.18340425193309784,0.0,0.0,0.0,27.103469848632812,0.23079341650009155,34.06065368652344,0.14353366196155548,recon_dom_01_10
1909,,,,,,,,,,2.3973608016967773,0.28124353289604187,50.0,3.1786043643951416,0.3632186949253082,0.0,0.0,0.0,62.43523406982422,0.23717950284481049,72.9413070678711,0.1348530650138855,recon_dom_01_10
1910,,,,0.0,0.0,0.0,100.0,50.0,50.0,2.0908114910125732,0.5933294892311096,24.379880905151367,2.9279398918151855,0.1257706582546234,0.0,0.0,0.0,13.99057388305664,0.23570820689201355,19.446325302124023,0.13721126317977905,recon_dom_01_10
1911,,,,,,,,,,3.1895995140075684,0.30128681659698486,50.0,3.9908862113952637,0.24136701226234436,0.0,0.0,0.0,33.05638122558594,0.2409725785255432,43.93524169921875,0.13230234384536743,recon_dom_01_10
1912,,,,,,,,,,1.9531338214874268,0.6385051012039185,14.854903221130371,2.740187883377075,0.10961253941059113,0.0,0.0,0.0,8.008952140808105,0.23565465211868286,12.521028518676758,0.1380922794342041,recon_dom_01_10
1913,,,,,,,,,,2.075711488723755,0.6171467304229736,18.31862449645996,2.876044511795044,0.13836462795734406,0.0,0.0,0.0,10.036231994628906,0.23485729098320007,15.106744766235352,0.13711337745189667,recon_dom_01_10
1914,,,,,,,,,,2.8046884536743164,0.4432699978351593,27.782516479492188,3.5257835388183594,0.15751934051513672,0.0,0.0,0.0,15.434779167175293,0.23852761089801788,23.045949935913086,0.13310320675373077,recon_dom_01_10
1915,,,,,,,,,,1.9191535711288452,0.5457422137260437,27.98251724243164,2.744720935821533,0.1386948525905609,0.0,0.0,0.0,16.264450073242188,0.2307930886745453,21.974456787109375,0.142826110124588,recon_dom_01_10
1916,,,,,,,,,,2.5939319133758545,1.3969186544418335,10.909700393676758,4.099947452545166,0.1023530662059784,0.0,0.0,0.0,5.304502487182617,0.2367667257785797,10.112472534179688,0.13519901037216187,recon_dom_01_10
1917,,,,,,,,,,1.6504448652267456,3.5235512256622314,2.4545798301696777,5.19854211807251,0.04634800925850868,0.0,0.0,0.0,0.8389704823493958,0.2315472662448883,2.692641258239746,0.1439402848482132,recon_dom_01_10
1918,,,,,,,,,,1.7939200401306152,0.28659582138061523,50.0,2.5805158615112305,0.5197515487670898,0.0,0.0,0.0,108.2115707397461,0.23676449060440063,119.25337982177734,0.1358841061592102,recon_dom_01_10
1919,,,,,,,,,,2.046266794204712,0.9233736991882324,10.8191499710083,3.077831983566284,0.09456004202365875,0.0,0.0,0.0,5.523601055145264,0.23194292187690735,9.571067810058594,0.14020675420761108,recon_dom_01_10
1920,,,,0.0,0.0,0.0,100.0,50.0,100.0,2.564037322998047,0.2334577739238739,50.0,3.297495126724243,1.450547218322754,0.0,0.0,0.0,317.84222412109375,0.24277867376804352,346.44696044921875,0.13063982129096985,recon_dom_01_10
1921,,,,,,,,,,2.6188552379608154,0.6636512279510498,26.324485778808594,3.5457513332366943,0.1577739268541336,0.0,0.0,0.0,14.652753829956055,0.23881205916404724,21.691064834594727,0.1344895362854004,recon_dom_01_10
1922,,,,,,,,,,1.764617681503296,1.0806734561920166,11.839859962463379,2.9636898040771484,0.08346797525882721,0.00968254916369915,0.0,0.0,6.345057487487793,0.2289150357246399,10.060269355773926,0.14753998816013336,recon_dom_01_10
1923,,,,,,,,,,1.6743563413619995,0.2673022449016571,50.0,2.4416584968566895,0.5459515452384949,0.0,0.0,0.0,111.04412841796875,0.23342178761959076,124.22806549072266,0.1379280835390091,recon_dom_01_10
1924,,,,,,,,,,2.0748229026794434,0.6950393319129944,22.685409545898438,2.996716260910034,0.12937989830970764,0.0,0.0,0.0,12.887730598449707,0.23651759326457977,18.227115631103516,0.13571535050868988,recon_dom_01_10
1925,,,,,,,,,,2.9250400066375732,0.3369857668876648,44.498260498046875,3.7070083618164062,0.2302410900592804,0.0,0.0,0.0,25.616640090942383,0.24140512943267822,35.38616943359375,0.13190993666648865,recon_dom_01_10
1926,,,,,,,,,,2.4656894207000732,0.32029566168785095,50.0,3.285984992980957,0.37605687975883484,0.0,0.0,0.0,59.73183822631836,0.24132463335990906,71.45802307128906,0.1310463547706604,recon_dom_01_10
1927,,,,,,,,,,2.061382293701172,2.8545005321502686,3.5429985523223877,4.951313018798828,0.05767792835831642,0.0,0.0,0.0,1.301163673400879,0.22837510704994202,3.8328099250793457,0.1420285850763321,recon_dom_01_10
1928,,,,,,,,,,1.6765484809875488,2.253863573074341,5.547636985778809,3.9858884811401367,0.07087027281522751,0.0,0.0,0.0,2.5055770874023438,0.23566104471683502,5.300760269165039,0.13762280344963074,recon_dom_01_10
1929,,,,,,,,,,1.5980758666992188,2.294546127319336,4.757700443267822,3.9401988983154297,0.0927441418170929,0.0,0.0,0.0,1.9360843896865845,0.2349359095096588,4.641525745391846,0.1363881528377533,recon_dom_01_10
1930,,,,0.0,0.0,0.0,100.0,50.0,100.0,2.9982123374938965,0.5546087622642517,24.025543212890625,3.793076515197754,0.14951744675636292,0.0,0.0,0.0,13.259990692138672,0.2397843897342682,19.961103439331055,0.13434620201587677,recon_dom_01_10
1931,,,,,,,,,,2.99088191986084,0.30239760875701904,50.0,3.7932796478271484,0.3669739365577698,0.0,0.0,0.0,59.598899841308594,0.24186572432518005,73.01084899902344,0.13181841373443604,recon_dom_01_10
1932,,,,,,,,,,1.7402786016464233,0.509497344493866,24.20191764831543,2.491795063018799,0.15987110137939453,0.0,0.0,0.0,13.796860694885254,0.23458296060562134,19.13672637939453,0.13881030678749084,recon_dom_01_10
1933,,,,,,,,,,2.8698325157165527,0.2372005134820938,50.0,3.6070330142974854,0.4354480504989624,0.0,0.0,0.0,80.81484985351562,0.24099788069725037,95.66865539550781,0.1318497657775879,recon_dom_01_10
1934,,,,,,,,,,1.6062428951263428,0.22012756764888763,50.0,2.3263704776763916,0.46024659276008606,0.00021135529095772654,0.0,0.0,89.67852020263672,0.23335197567939758,100.7190933227539,0.1404612809419632,recon_dom_01_10
1935,,,,,,,,,,1.8199255466461182,1.8508930206298828,5.379556655883789,3.724614143371582,0.08669564872980118,0.0,0.0,0.0,2.28759503364563,0.23282605409622192,5.2428998947143555,0.13750429451465607,recon_dom_01_10
1936,,,,,,,,,,0.857367753982544,7.578765869140625,1.5325067043304443,8.451458930969238,0.080638587474823,0.0,0.0,0.0,0.264467716217041,0.22787439823150635,1.6555753946304321,0.14270853996276855,recon_dom_01_10
1937,,,,,,,,,,2.128293514251709,1.4172786474227905,50.0,4.045572280883789,1.8032587766647339,0.0,0.0,0.0,372.81134033203125,0.23986175656318665,398.37506103515625,0.131865993142128,recon_dom_01_10
1938,,,,,,,,,,1.8320088386535645,0.4218491315841675,43.49291229248047,2.6887869834899902,0.18382523953914642,0.0,0.0,0.0,25.95619010925293,0.23596784472465515,33.16059494018555,0.1370028555393219,recon_dom_01_10
1939,,,,,,,,,,2.100123405456543,2.1735575199127197,4.247185230255127,4.316152572631836,0.08030480146408081,0.0,0.0,0.0,1.5634238719940186,0.23433256149291992,4.490288257598877,0.1366024613380432,recon_dom_01_10
1940,,,,0.0,0.0,0.0,100.0,100.0,100.0,1.8566467761993408,0.29515811800956726,50.0,2.6518049240112305,0.2950812578201294,0.0,0.0,0.0,48.082618713378906,0.23827782273292542,56.645198822021484,0.134253591299057,recon_dom_01_10
1941,,,,,,,,,,2.3643336296081543,0.5426151156425476,29.811655044555664,3.2050652503967285,0.18451572954654694,0.0,0.0,0.0,16.901168823242188,0.23886767029762268,23.901626586914062,0.13208749890327454,recon_dom_01_10
1942,,,,,,,,,,2.625993013381958,0.23736386001110077,50.0,3.363356828689575,0.5046641230583191,0.0,0.0,0.0,95.61736297607422,0.24114114046096802,110.90338897705078,0.13128435611724854,recon_dom_01_10
1943,,,,,,,,,,2.2917134761810303,0.2737168073654175,50.0,3.065430164337158,0.586827278137207,0.0,0.0,0.0,112.28985595703125,0.23930372297763824,125.2267837524414,0.1331237107515335,recon_dom_01_10
1944,,,,,,,,,,1.7371912002563477,2.4888947010040283,4.83636999130249,4.274449825286865,0.07221120595932007,0.0,0.0,0.0,2.027940511703491,0.23408524692058563,4.820598125457764,0.13665597140789032,recon_dom_01_10
1945,,,,,,,,,,1.220677137374878,3.287759780883789,2.969245433807373,4.5381293296813965,0.0535275898873806,0.0,0.0,0.0,1.090512990951538,0.2322525680065155,3.1474063396453857,0.1416603922843933,recon_dom_01_10
1946,,,,,,,,,,2.5873725414276123,0.2505533695220947,50.0,3.337925910949707,1.293887972831726,0.0,0.0,0.0,266.3567810058594,0.24202679097652435,287.7426452636719,0.13120894134044647,recon_dom_01_10
1947,,,,,,,,,,0.8792724013328552,8.015899658203125,1.7111973762512207,8.912283897399902,0.062392763793468475,0.0,0.0,0.0,0.3703642189502716,0.2266775667667389,1.9839913845062256,0.14205923676490784,recon_dom_01_10
1948,,,,,,,,,,1.8088096380233765,2.4669437408447266,6.813279628753662,4.343886375427246,0.08962318301200867,0.0,0.0,0.0,3.114151954650879,0.23347121477127075,6.427793502807617,0.13768121600151062,recon_dom_01_10
1949,,,,,,,,,,0.5842083692550659,12.213189125061035,0.7022313475608826,12.80441951751709,0.0291222482919693,9.188144758809358e-06,0.0,0.0,0.08952642977237701,0.2297058403491974,0.8593703508377075,0.14428766071796417,recon_dom_01_10
1950,,,,0.0,0.0,0.0,100.0,100.0,100.0,1.55674147605896,1.987337589263916,7.273303508758545,3.616811990737915,0.071805939078331,0.0,0.0,0.0,3.5237677097320557,0.23262149095535278,6.706474781036377,0.14006486535072327,recon_dom_01_10
1951,,,,,,,,,,0.8145691156387329,9.028034210205078,0.9402338862419128,9.852005958557129,0.041852325201034546,0.0,0.0,0.0,0.13092859089374542,0.23230035603046417,1.1252440214157104,0.14191660284996033,recon_dom_01_10
1952,,,,,,,,,,0.6818501353263855,9.660589218139648,1.201585054397583,10.35445499420166,0.05502168461680412,0.0,0.0,0.0,0.1882975697517395,0.2330334186553955,1.4018118381500244,0.1396978497505188,recon_dom_01_10
1953,,,,,,,,,,2.9418015480041504,0.36866262555122375,32.96170425415039,3.6400811672210693,0.1756514608860016,0.0,0.0,0.0,18.750560760498047,0.24128320813179016,26.59099578857422,0.1326005458831787,recon_dom_01_10
1954,,,,,,,,,,2.076021671295166,2.1312873363494873,7.244691848754883,4.27975606918335,0.07597890496253967,0.0,0.0,0.0,3.250704765319824,0.23328259587287903,7.154046535491943,0.1374077945947647,recon_dom_01_10
1955,,,,,,,,,,1.1842811107635498,5.522387981414795,1.7744102478027344,6.7244133949279785,0.05927081033587456,0.0,0.0,0.0,0.42770886421203613,0.23130013048648834,2.026181221008301,0.14126762747764587,recon_dom_01_10
1956,,,,,,,,,,2.733675956726074,0.5477993488311768,29.931041717529297,3.5807857513427734,0.17439621686935425,0.0,0.0,0.0,17.060791015625,0.2384527027606964,23.92193603515625,0.1345500946044922,recon_dom_01_10
1957,,,,,,,,,,1.5815415382385254,0.6360280513763428,11.823409080505371,2.335803747177124,0.09809228032827377,0.0,0.0,0.0,6.242359161376953,0.2364335060119629,10.106233596801758,0.138281911611557,recon_dom_01_10
1958,,,,,,,,,,1.713465929031372,0.3026992380619049,50.0,2.516165256500244,0.22145956754684448,0.0,0.0,0.0,32.7641716003418,0.23238468170166016,40.19321060180664,0.14094460010528564,recon_dom_01_10
1959,,,,,,,,,,0.5965962409973145,13.051456451416016,0.5702288746833801,13.653755187988281,0.022410966455936432,0.0,0.0,0.0,0.07988645136356354,0.22227159142494202,0.6812685132026672,0.15426179766654968,recon_dom_01_10
1960,,,,0.0,0.0,0.0,100.0,100.0,100.0,1.9000797271728516,0.9033934473991394,12.3775053024292,2.927248239517212,0.10795092582702637,0.0,0.0,0.0,6.4617462158203125,0.23653000593185425,10.67784309387207,0.13430136442184448,recon_dom_01_10
1961,,,,,,,,,,1.136934757232666,6.039962291717529,1.5186604261398315,7.192083835601807,0.04701278358697891,0.0,0.0,0.0,0.3712104260921478,0.23112495243549347,1.750232219696045,0.14157533645629883,recon_dom_01_10
1962,,,,,,,,,,2.239192247390747,1.5898191928863525,8.463235855102539,3.9136438369750977,0.09757035225629807,0.0,0.0,0.0,3.9311792850494385,0.23608297109603882,8.013851165771484,0.13670587539672852,recon_dom_01_10
1963,,,,,,,,,,2.7611188888549805,0.17164885997772217,50.0,3.432767868041992,0.9839370250701904,0.0,0.0,0.0,200.34130859375,0.24400004744529724,222.5359344482422,0.12998947501182556,recon_dom_01_10
1964,,,,,,,,,,2.5933971405029297,0.22347226738929749,50.0,3.3168694972991943,0.6787444949150085,0.0,0.0,0.0,140.0014190673828,0.23961526155471802,156.3384552001953,0.1329665184020996,recon_dom_01_10
1965,,,,,,,,,,2.0927329063415527,3.2183444499969482,2.336914539337158,5.334446430206299,0.0697811096906662,0.0,0.0,0.0,0.6193305850028992,0.23002249002456665,2.6632015705108643,0.1407528817653656,recon_dom_01_10
1966,,,,,,,,,,2.953744649887085,0.25860366225242615,32.01539993286133,3.5325024127960205,0.1883101612329483,0.0,0.0,0.0,17.865983963012695,0.23889777064323425,26.341455459594727,0.13248899579048157,recon_dom_01_10
1967,,,,,,,,,,2.166942596435547,0.5165054798126221,20.31682777404785,2.8866164684295654,0.13140274584293365,0.0,0.0,0.0,11.239867210388184,0.23662656545639038,16.76544189453125,0.13562226295471191,recon_dom_01_10
1968,,,,,,,,,,2.812854766845703,0.1850953847169876,50.0,3.4979500770568848,0.664379358291626,0.0,0.0,0.0,128.45997619628906,0.24328477680683136,146.80690002441406,0.13058724999427795,recon_dom_01_10
1969,,,,,,,,,,1.409353494644165,3.479386806488037,1.8016430139541626,4.90675687789917,0.04085789620876312,0.0,0.0,0.0,0.5558844804763794,0.22699400782585144,2.0082006454467773,0.14669303596019745,recon_dom_01_10
1970,,,,0.0,0.0,0.0,100.0,50.0,100.0,2.767216444015503,0.17742447555065155,50.0,3.444640874862671,0.6808063983917236,0.0,0.0,0.0,123.24039459228516,0.24350273609161377,139.56503295898438,0.12953078746795654,recon_dom_01_10
1971,,,,,,,,,,2.9677789211273193,0.22598694264888763,50.0,3.693765878677368,0.2728147804737091,0.0,0.0,0.0,37.300743103027344,0.24140697717666626,48.212890625,0.13141314685344696,recon_dom_01_10
1972,,,,,,,,,,2.0346713066101074,0.48389744758605957,19.762367248535156,2.7161924839019775,0.11287170648574829,0.0,0.0,0.0,11.014225006103516,0.23038721084594727,16.29283332824707,0.1432850956916809,recon_dom_01_10
1973,,,,,,,,,,1.8831896781921387,0.23562398552894592,50.0,2.6188137531280518,0.39490413665771484,0.0,0.0,0.0,72.62312316894531,0.23656228184700012,83.72331237792969,0.1365104764699936,recon_dom_01_10
1974,,,,,,,,,,1.8479355573654175,2.619663953781128,2.994236469268799,4.497541904449463,0.08121005445718765,0.0,0.0,0.0,0.9423466920852661,0.22828105092048645,3.2178754806518555,0.14073580503463745,recon_dom_01_10
1975,,,,,,,,,,3.231112003326416,0.254361629486084,50.0,3.9854736328125,0.21451333165168762,0.0,0.0,0.0,29.73412322998047,0.24028436839580536,39.933349609375,0.13375668227672577,recon_dom_01_10
1976,,,,0.0,0.0,0.0,100.0,50.0,100.0,2.7395119667053223,0.22019632160663605,50.0,3.4597082138061523,0.55788254737854,0.0,0.0,0.0,106.10478210449219,0.24118775129318237,121.29792022705078,0.13130643963813782,recon_dom_01_10
1977,,,,,,,,,,2.5129804611206055,1.543199896812439,4.820080757141113,4.104381084442139,0.07801301032304764,0.0,0.0,0.0,1.8315174579620361,0.23362980782985687,5.123100280761719,0.13585205376148224,recon_dom_01_10
1978,,,,,,,,,,1.767414927482605,0.7512653470039368,12.06747817993164,2.639354944229126,0.09071622043848038,0.0,0.0,0.0,6.425430774688721,0.22891022264957428,10.301755905151367,0.1469724178314209,recon_dom_01_10
1979,,,,,,,,,,1.9517306089401245,1.637321949005127,5.431571006774902,3.6433682441711426,0.06776737421751022,0.0,0.0,0.0,2.4640092849731445,0.2263365238904953,5.183404922485352,0.1438850611448288,recon_dom_01_10
1980,,,,,,,,,,2.2194581031799316,0.4024544358253479,48.71564483642578,3.1090688705444336,0.21133321523666382,0.0,0.0,0.0,28.97837257385254,0.23607462644577026,37.28701400756836,0.134901225566864,recon_dom_01_10
1981,,,,,,,,,,1.583448886871338,2.112208127975464,4.3444952964782715,3.7391018867492676,0.06244443356990814,5.272467660688562e-06,0.0,0.0,1.813551425933838,0.2321404665708542,4.3629841804504395,0.14010107517242432,recon_dom_01_10
1982,,,,,,,,,,2.236689567565918,0.4389083683490753,36.115386962890625,3.0367517471313477,0.17045606672763824,0.0,0.0,0.0,21.177690505981445,0.23902007937431335,28.096342086791992,0.13341489434242249,recon_dom_01_10
1983,,,,,,,,,,1.5123238563537598,4.528855800628662,2.672523021697998,6.067904949188232,0.05646442621946335,0.0,0.0,0.0,0.8130887746810913,0.2291368991136551,3.0800092220306396,0.14193671941757202,recon_dom_01_10
1984,,,,,,,,,,2.736335277557373,0.6260918378829956,14.489809036254883,3.5073251724243164,0.1265585720539093,0.0,0.0,0.0,7.352294445037842,0.2372884452342987,12.93521785736084,0.13384345173835754,recon_dom_01_10
1985,,,,,,,,,,2.2845396995544434,2.1875011920928955,5.171976089477539,4.523760795593262,0.08083057403564453,0.0,0.0,0.0,1.9913253784179688,0.23212191462516785,5.478898048400879,0.1383647471666336,recon_dom_01_10
1986,,,,0.0,0.0,0.0,100.0,50.0,100.0,1.870081901550293,0.5278651714324951,22.10122299194336,2.6189591884613037,0.1100388914346695,0.0,0.0,0.0,12.701606750488281,0.23039421439170837,17.62339210510254,0.14687322080135345,recon_dom_01_10
1987,,,,,,,,,,2.1157567501068115,0.3014211356639862,50.0,2.91717791557312,0.6930068135261536,0.0,0.0,0.0,141.05113220214844,0.2384326010942459,155.82899475097656,0.13389232754707336,recon_dom_01_10
1988,,,,,,,,,,2.5575897693634033,1.1466482877731323,7.030667304992676,3.7745447158813477,0.09379685670137405,0.0,0.0,0.0,3.085627317428589,0.23346063494682312,6.877931594848633,0.13743671774864197,recon_dom_01_10
1989,,,,,,,,,,1.740668535232544,0.349593847990036,42.01898193359375,2.5104522705078125,0.1895395815372467,0.0,0.0,0.0,25.067094802856445,0.23067906498908997,31.933881759643555,0.14184829592704773,recon_dom_01_10
1990,,,,,,,,,,3.0810296535491943,0.5159122347831726,14.553513526916504,3.7424769401550293,0.11905349791049957,0.0,0.0,0.0,7.366514205932617,0.2371576428413391,13.109055519104004,0.13489438593387604,recon_dom_01_10
1991,,,,,,,,,,2.1594619750976562,1.9888575077056885,5.673274993896484,4.205052375793457,0.08551734685897827,0.0,0.0,0.0,2.4319844245910645,0.23532328009605408,5.553064823150635,0.13638773560523987,recon_dom_01_10
1992,,,,,,,,,,1.4665369987487793,5.727885723114014,1.996645450592041,7.214389324188232,0.05296507850289345,0.0,0.0,0.0,0.5172236561775208,0.22946161031723022,2.3542394638061523,0.14530476927757263,recon_dom_01_10
1993,,,,,,,,,,3.060779094696045,0.25019019842147827,50.0,3.810969352722168,0.2573133707046509,0.0,0.0,0.0,31.271087646484375,0.24266107380390167,41.92979431152344,0.13102245330810547,recon_dom_01_10
1994,,,,,,,,,,1.879359483718872,1.4309386014938354,5.104634761810303,3.361344337463379,0.06467796862125397,0.0,0.0,0.0,2.2149176597595215,0.23493021726608276,5.057550430297852,0.14059646427631378,recon_dom_01_10
1995,,,,,,,,,,3.16636323928833,0.2727366089820862,43.463253021240234,3.873732328414917,0.19934234023094177,0.0,0.0,0.0,25.217554092407227,0.24093422293663025,34.423255920410156,0.1326538622379303,recon_dom_01_10
1996,,,,0.0,0.0,0.0,100.0,50.0,50.0,2.784787178039551,0.37117135524749756,25.275663375854492,3.40871524810791,0.17070117592811584,0.0,0.0,0.0,13.785852432250977,0.24027904868125916,21.198097229003906,0.13227131962776184,recon_dom_01_10
1997,,,,,,,,,,1.7934739589691162,1.1062239408493042,6.077106475830078,2.9604690074920654,0.05982090160250664,0.0,0.0,0.0,2.9139516353607178,0.23106400668621063,5.652987003326416,0.14450526237487793,recon_dom_01_10
1998,,,,,,,,,,1.6419575214385986,2.135301351547241,5.343282222747803,3.8306918144226074,0.07355335354804993,0.0,0.0,0.0,2.284133195877075,0.23277762532234192,5.3085246086120605,0.13842564821243286,recon_dom_01_10
1999,,,,,,,,,,1.5925750732421875,0.2647217810153961,50.0,2.357296943664551,0.5797010660171509,0.0,0.0,0.0,106.8227767944336,0.23697221279144287,120.12792205810547,0.13685211539268494,recon_dom_01_10
2000,,,,,,,,,,1.6180753707885742,2.851858377456665,2.455970048904419,4.49449348449707,0.05259283632040024,0.0,0.0,0.0,0.8149369955062866,0.2303372323513031,2.681821823120117,0.14124152064323425,recon_dom_01_10
2001,,,,,,,,,,1.0174760818481445,6.671380043029785,0.9767761826515198,7.6986236572265625,0.05103939399123192,0.0,0.0,0.0,0.13533778488636017,0.21644499897956848,1.0982980728149414,0.15447911620140076,recon_dom_01_10
2002,,,,,,,,,,1.8292629718780518,0.8570189476013184,9.228532791137695,2.778567314147949,0.07260726392269135,0.0,0.0,0.0,4.722304821014404,0.23475053906440735,8.211274147033691,0.1407901644706726,recon_dom_01_10
2003,,,,,,,,,,2.4978113174438477,0.2519552707672119,50.0,3.2497665882110596,0.6220983266830444,0.0,0.0,0.0,126.02819061279297,0.23806962370872498,140.94358825683594,0.13369476795196533,recon_dom_01_10
2004,,,,,,,,,,1.5423681735992432,4.6123809814453125,1.7287781238555908,6.172037124633789,0.05521170049905777,0.0,0.0,0.0,0.4113731384277344,0.2322746217250824,2.0084407329559326,0.13898566365242004,recon_dom_01_10
2005,,,,,,,,,,2.651292324066162,0.4613907039165497,38.83732223510742,3.50105619430542,0.18196046352386475,0.0,0.0,0.0,22.525915145874023,0.2385258972644806,30.728626251220703,0.1343984603881836,recon_dom_01_10
2006,,,,0.0,0.0,0.0,100.0,50.0,100.0,1.9075019359588623,0.9845746159553528,8.288320541381836,2.9749598503112793,0.09561924636363983,0.0,0.0,0.0,4.050421237945557,0.23322665691375732,7.444967269897461,0.13997134566307068,recon_dom_01_10
2007,,,,,,,,,,2.458022117614746,0.3447619080543518,50.0,3.302783966064453,0.2951487898826599,0.0,0.0,0.0,48.38187026977539,0.2398146092891693,58.995361328125,0.13304518163204193,recon_dom_01_10
2008,,,,,,,,,,2.828296422958374,0.5869832634925842,11.486371994018555,3.5301434993743896,0.12641243636608124,0.0,0.0,0.0,5.449335098266602,0.23617219924926758,10.735824584960938,0.13444799184799194,recon_dom_01_10
2009,,,,,,,,,,2.3514347076416016,0.5308464169502258,15.116212844848633,3.0334432125091553,0.10423499345779419,0.0,0.0,0.0,8.26854133605957,0.23716497421264648,12.578287124633789,0.13636323809623718,recon_dom_01_10
2010,,,,,,,,,,1.840815782546997,0.26163139939308167,50.0,2.602447271347046,1.1979341506958008,0.0,0.0,0.0,251.15924072265625,0.23510324954986572,270.85711669921875,0.1352376639842987,recon_dom_01_10
2011,,,,,,,,,,3.0646939277648926,0.32122957706451416,28.146690368652344,3.6673903465270996,0.1796051561832428,0.0,0.0,0.0,15.378019332885742,0.2405150830745697,23.66692352294922,0.13131532073020935,recon_dom_01_10
2012,,,,,,,,,,2.09232497215271,0.7389122843742371,10.915117263793945,2.9403884410858154,0.11779490113258362,0.0,0.0,0.0,5.4805216789245605,0.2333998680114746,9.617040634155273,0.13761571049690247,recon_dom_01_10
2013,,,,,,,,,,2.180478572845459,1.739113450050354,5.31108283996582,3.972702741622925,0.07278259098529816,0.0,0.0,0.0,2.2391881942749023,0.23649831116199493,5.340982437133789,0.1384068876504898,recon_dom_01_10
2014,,,,,,,,,,2.758878469467163,0.19566687941551208,50.0,3.454545259475708,0.8736686110496521,0.0,0.0,0.0,188.59205627441406,0.2417178750038147,209.06626892089844,0.1319476068019867,recon_dom_01_10
2015,,,,,,,,,,2.0927670001983643,0.8053647875785828,50.0,3.398131847381592,1.79091215133667,0.0,0.0,0.0,365.1080322265625,0.2344309687614441,386.8321228027344,0.13545365631580353,recon_dom_01_10
2016,,,,0.0,0.0,0.0,50.0,100.0,100.0,1.8473365306854248,0.30212149024009705,50.0,2.6494579315185547,0.27203238010406494,1.7638685676502064e-05,0.0,0.0,48.93937301635742,0.23094436526298523,58.18849182128906,0.14290770888328552,recon_dom_01_10
2017,,,,,,,,,,1.8052939176559448,0.3657182455062866,39.87410354614258,2.5697531700134277,0.1808769553899765,0.0,0.0,0.0,23.564407348632812,0.23408235609531403,30.73592758178711,0.13939619064331055,recon_dom_01_10
2018,,,,,,,,,,1.9174816608428955,1.274872064590454,8.703313827514648,3.2793867588043213,0.09117679297924042,0.0,0.0,0.0,4.311308860778809,0.22947731614112854,7.797926425933838,0.1421024203300476,recon_dom_01_10
2019,,,,,,,,,,1.7447268962860107,0.28406646847724915,50.0,2.5287933349609375,0.29781246185302734,8.086697198450565e-05,0.0,0.0,56.42875289916992,0.23664459586143494,66.39515686035156,0.1376199722290039,recon_dom_01_10
2020,,,,,,,,,,2.9113364219665527,0.3126465380191803,50.0,3.7239830493927,0.25045180320739746,0.0,0.0,0.0,34.65937423706055,0.24116134643554688,45.31626510620117,0.13228297233581543,recon_dom_01_10
2021,,,,,,,,,,1.9140560626983643,1.4968253374099731,4.543492317199707,3.4563162326812744,0.06991642713546753,0.0,0.0,0.0,1.9243972301483154,0.23505449295043945,4.464338302612305,0.13838417828083038,recon_dom_01_10
2022,,,,,,,,,,1.9782360792160034,0.5659778118133545,18.588022232055664,2.7300941944122314,0.12335177510976791,0.0,0.0,0.0,10.380207061767578,0.2321363389492035,15.10780143737793,0.13940879702568054,recon_dom_01_10
2023,,,,,,,,,,2.0288498401641846,3.1622602939605713,3.8187146186828613,5.229297161102295,0.07628953456878662,0.0,0.0,0.0,1.3418223857879639,0.22998926043510437,4.116602420806885,0.14144453406333923,recon_dom_01_10
2024,,,,,,,,,,2.423305034637451,1.4329299926757812,5.595690727233887,3.912191867828369,0.09348747134208679,0.0,0.0,0.0,2.2791669368743896,0.236018568277359,5.623984336853027,0.1349237561225891,recon_dom_01_10
2025,,,,,,,,,,1.731205701828003,0.9465526342391968,9.2734956741333,2.770493268966675,0.08103355765342712,0.0,0.0,0.0,4.7793049812316895,0.22741319239139557,8.102739334106445,0.14910989999771118,recon_dom_01_10
2026,,,,0.0,0.0,0.0,100.0,100.0,100.0,0.930056095123291,8.134696006774902,1.6809148788452148,9.081561088562012,0.03876374289393425,0.0,0.0,0.0,0.41980212926864624,0.23548781871795654,2.059293270111084,0.14098572731018066,recon_dom_01_10
2027,,,,,,,,,,2.7053945064544678,0.2562835216522217,50.0,3.4616780281066895,1.305039882659912,0.0,0.0,0.0,286.23150634765625,0.24208775162696838,297.93597412109375,0.13107219338417053,recon_dom_01_10
2028,,,,,,,,,,1.9351718425750732,1.0058987140655518,9.242222785949707,3.0334928035736084,0.10064172744750977,0.00014337978791445494,0.0,0.0,4.496717929840088,0.22712759673595428,8.409989356994629,0.14445677399635315,recon_dom_01_10
2029,,,,,,,,,,0.9577085375785828,7.900417804718018,1.0146548748016357,8.86827278137207,0.025239475071430206,0.0,0.0,0.0,0.23011235892772675,0.2265418916940689,1.2409238815307617,0.1522897481918335,recon_dom_01_10
2030,,,,,,,,,,3.084144115447998,0.2975538671016693,36.17945098876953,3.743492603302002,0.19623734056949615,0.0,0.0,0.0,20.518531799316406,0.23779064416885376,29.285160064697266,0.1337292194366455,recon_dom_01_10
2031,,,,,,,,,,2.432492733001709,0.3778064250946045,44.159549713134766,3.25189471244812,0.2052152007818222,0.0,0.0,0.0,26.147958755493164,0.23401053249835968,33.89700698852539,0.13610514998435974,recon_dom_01_10
2032,,,,,,,,,,2.051060676574707,0.23056024312973022,50.0,2.781620979309082,0.5827437043190002,0.0,0.0,0.0,109.32482147216797,0.23060095310211182,122.19835662841797,0.13936282694339752,recon_dom_01_10
2033,,,,,,,,,,2.5051276683807373,1.0149149894714355,12.969941139221191,3.6497421264648438,0.10920575261116028,0.0,0.0,0.0,6.572533130645752,0.23707202076911926,11.628259658813477,0.13542278110980988,recon_dom_01_10
2034,,,,,,,,,,1.2256256341934204,4.988093852996826,1.8004603385925293,6.231724262237549,0.03827621787786484,0.009152728132903576,0.0,0.0,0.5528801083564758,0.22942118346691132,2.019244432449341,0.14482048153877258,recon_dom_01_10
2035,,,,,,,,,,2.819395065307617,0.33721765875816345,32.648067474365234,3.483093500137329,0.20220759510993958,0.0,0.0,0.0,18.155437469482422,0.23960737884044647,26.88890838623047,0.13176226615905762,recon_dom_01_10
2036,,,,0.0,0.0,0.0,100.0,100.0,100.0,3.2037558555603027,0.29203301668167114,26.559572219848633,3.7613844871520996,0.16404956579208374,0.0,0.0,0.0,14.611464500427246,0.2389822006225586,22.181236267089844,0.13341864943504333,recon_dom_01_10
2037,,,,,,,,,,2.2912373542785645,0.6177263259887695,13.708329200744629,3.0460469722747803,0.1159714087843895,0.0,0.0,0.0,7.268335819244385,0.23393473029136658,11.645684242248535,0.1389973759651184,recon_dom_01_10
2038,,,,,,,,,,2.8391149044036865,0.20213072001934052,50.0,3.541245698928833,0.4308384656906128,0.0,0.0,0.0,73.59170532226562,0.2430461198091507,87.39413452148438,0.13069018721580505,recon_dom_01_10
2039,,,,,,,,,,2.8590188026428223,0.28189611434936523,50.0,3.6409149169921875,0.2721804678440094,0.0,0.0,0.0,40.256187438964844,0.24058346450328827,51.13701248168945,0.13275451958179474,recon_dom_01_10
2040,,,,,,,,,,1.214353084564209,4.840653896331787,2.1452009677886963,6.076458930969238,0.05608959496021271,0.0,0.0,0.0,0.6077443957328796,0.2270129919052124,2.4399125576019287,0.1435101479291916,recon_dom_01_10
2041,,,,,,,,,,2.8460731506347656,0.488513708114624,27.643095016479492,3.6110177040100098,0.16579103469848633,0.0,0.0,0.0,15.452698707580566,0.2392289936542511,22.648353576660156,0.1334105134010315,recon_dom_01_10
2042,,,,,,,,,,1.6108477115631104,0.26434293389320374,50.0,2.3751907348632812,0.43165457248687744,0.0,0.0,0.0,83.46609497070312,0.2302284836769104,95.88347625732422,0.14643578231334686,recon_dom_01_10
2043,,,,,,,,,,2.8707711696624756,0.3436294496059418,36.30145263671875,3.5774152278900146,0.20380860567092896,0.0,0.0,0.0,20.719280242919922,0.24139368534088135,29.051631927490234,0.13174451887607574,recon_dom_01_10
2044,,,,,,,,,,2.3854637145996094,0.9133878350257874,11.365249633789062,3.412503957748413,0.11486054211854935,0.0,0.0,0.0,5.695934295654297,0.23521748185157776,10.115728378295898,0.13626375794410706,recon_dom_01_10
2045,,,,,,,,,,2.402700424194336,0.9766369462013245,16.08979034423828,3.5402352809906006,0.13883884251117706,0.0,0.0,0.0,8.269290924072266,0.23868945240974426,14.177974700927734,0.13450133800506592,recon_dom_01_10
2046,,,,0.5,50.0,50.0,100.0,100.0,100.0,0.6067755222320557,9.908740997314453,0.8576433658599854,10.524092674255371,0.05615276098251343,0.0,0.0,0.0,0.1547624170780182,0.22912032902240753,0.7691245079040527,0.1464284062385559,recon_dom_01_10
2047,,,,,,,,,,1.5441917181015015,1.7633503675460815,6.096870422363281,3.3685107231140137,0.07124877721071243,0.024238279089331627,0.0,0.0,2.8870792388916016,0.2314353883266449,5.584370136260986,0.13980476558208466,recon_dom_01_10
2048,,,,,,,,,,3.023064136505127,0.3285839557647705,50.0,3.8516480922698975,0.2617585361003876,0.0,0.0,0.0,39.34828186035156,0.2413581758737564,50.84076690673828,0.1322435438632965,recon_dom_01_10
2049,,,,,,,,,,1.7744247913360596,0.311151921749115,50.0,2.5855767726898193,0.33529606461524963,0.0,0.0,0.0,65.12837982177734,0.2242615520954132,75.5676040649414,0.14899398386478424,recon_dom_01_10
2050,,,,,,,,,,2.5955729484558105,0.3639969527721405,50.0,3.4595699310302734,0.2606750726699829,0.0,0.0,0.0,36.045108795166016,0.2405180037021637,46.04523468017578,0.1317339390516281,recon_dom_01_10
2051,,,,,,,,,,1.5028572082519531,3.9643547534942627,3.002741813659668,5.497239589691162,0.04934222251176834,3.622445365181193e-05,0.0,0.0,1.1321481466293335,0.22970347106456757,3.1728012561798096,0.14475277066230774,recon_dom_01_10
2052,,,,,,,,,,0.7149887084960938,10.176288604736328,0.892422080039978,10.900201797485352,0.03601212799549103,8.831040759105235e-05,0.0,0.0,0.12452556937932968,0.21585887670516968,1.1012922525405884,0.1551554799079895,recon_dom_01_10
2053,,,,,,,,,,2.6557812690734863,0.26536938548088074,50.0,3.4211506843566895,0.44171687960624695,0.0,0.0,0.0,86.35208892822266,0.23755091428756714,100.12399291992188,0.1341743767261505,recon_dom_01_10
2054,,,,,,,,,,1.1715104579925537,6.067503929138184,2.392303466796875,7.262937545776367,0.06440193951129913,0.0,0.0,0.0,0.6513451337814331,0.2338452786207199,2.7638587951660156,0.13634547591209412,recon_dom_01_10
2055,,,,,,,,,,0.6900724172592163,8.490865707397461,0.9534764289855957,9.190472602844238,0.04400261119008064,0.0,0.0,0.0,0.13917945325374603,0.22992151975631714,1.1137795448303223,0.14402008056640625,recon_dom_01_10
2056,,,,0.0,0.0,50.0,100.0,100.0,100.0,0.5856024026870728,12.545639991760254,0.72809898853302,13.13852310180664,0.031044388189911842,6.771880725864321e-05,0.0,0.0,0.08823198080062866,0.2314968705177307,0.8942200541496277,0.14317694306373596,recon_dom_01_10
2057,,,,,,,,,,1.6599715948104858,1.456895351409912,6.232174396514893,3.1791887283325195,0.06650728732347488,0.0,0.0,0.0,2.9846866130828857,0.22143055498600006,5.754331111907959,0.15642163157463074,recon_dom_01_10
2058,,,,,,,,,,2.4167065620422363,1.465413212776184,10.76159381866455,3.9897356033325195,0.09842362999916077,0.0,0.0,0.0,5.083091735839844,0.23735100030899048,10.298006057739258,0.1364564597606659,recon_dom_01_10
2059,,,,,,,,,,2.7707877159118652,0.2663499414920807,50.0,3.537137746810913,0.45599621534347534,0.0,0.0,0.0,79.84117126464844,0.24295014142990112,95.081298828125,0.1306971311569214,recon_dom_01_10
2060,,,,,,,,,,2.8408522605895996,0.23177394270896912,50.0,3.5726261138916016,0.463767409324646,0.0,0.0,0.0,84.20466613769531,0.24131393432617188,99.5156478881836,0.13193410634994507,recon_dom_01_10
2061,,,,,,,,,,2.248624086380005,1.2316234111785889,10.986316680908203,3.5901107788085938,0.0851789340376854,0.0,0.0,0.0,5.584707260131836,0.23829421401023865,9.876644134521484,0.1356337070465088,recon_dom_01_10
2062,,,,,,,,,,2.30405855178833,1.6833957433700562,7.816372871398926,4.06561803817749,0.10158896446228027,0.0,0.0,0.0,3.508073091506958,0.23493435978889465,7.526436805725098,0.13643348217010498,recon_dom_01_10
2063,,,,,,,,,,1.5089057683944702,0.2531428337097168,50.0,2.2620487213134766,0.5999056100845337,0.0,0.0,0.0,127.43472290039062,0.2237832099199295,139.8638458251953,0.1544857621192932,recon_dom_01_10
2064,,,,,,,,,,2.7171902656555176,0.2679557502269745,50.0,3.4851460456848145,0.46364691853523254,0.0,0.0,0.0,76.8795394897461,0.243535578250885,93.43608093261719,0.13012108206748962,recon_dom_01_10
2065,,,,,,,,,,1.5488502979278564,1.7158461809158325,5.097592353820801,3.3156723976135254,0.06394204497337341,0.0,0.0,0.0,2.354795455932617,0.2269156575202942,4.771188259124756,0.14800730347633362,recon_dom_01_10
2066,,,,0.0,0.0,0.0,100.0,100.0,50.0,2.692821502685547,0.601441502571106,17.535097122192383,3.469614028930664,0.13194307684898376,0.0,0.0,0.0,9.172674179077148,0.23951132595539093,15.330907821655273,0.13303110003471375,recon_dom_01_10
2067,,,,,,,,,,2.9982733726501465,0.2772873640060425,50.0,3.7755608558654785,0.3034220337867737,0.0,0.0,0.0,43.01292419433594,0.24206408858299255,54.91313934326172,0.13170090317726135,recon_dom_01_10
2068,,,,,,,,,,1.696098804473877,0.43005865812301636,30.03607749938965,2.426518201828003,0.13028201460838318,0.0,0.0,0.0,17.6824951171875,0.23398523032665253,23.328725814819336,0.14410606026649475,recon_dom_01_10
2069,,,,,,,,,,0.7894331812858582,11.056614875793457,0.6923091411590576,11.852971076965332,0.027085278183221817,1.1986362835614273e-07,0.0,0.0,0.0841100811958313,0.22853581607341766,0.8704146146774292,0.14711657166481018,recon_dom_01_10
2070,,,,,,,,,,2.749594211578369,0.2455584853887558,50.0,3.495152711868286,0.7123386263847351,0.0,0.0,0.0,149.09019470214844,0.24250687658786774,166.1512451171875,0.13171711564064026,recon_dom_01_10
2071,,,,,,,,,,2.69882869720459,0.3456130921840668,50.0,3.5444416999816895,0.2253665328025818,0.0,0.0,0.0,30.358654022216797,0.23893800377845764,40.26593780517578,0.13318465650081635,recon_dom_01_10
2072,,,,,,,,,,2.068026065826416,0.4788486063480377,35.8175163269043,2.9050498008728027,0.16801339387893677,0.0,0.0,0.0,21.053668975830078,0.23979386687278748,27.772747039794922,0.13430345058441162,recon_dom_01_10
2073,,,,,,,,,,1.6875154972076416,0.6969749927520752,23.34326171875,2.6179230213165283,0.12091848999261856,0.0,0.0,0.0,13.157512664794922,0.2365153729915619,19.087160110473633,0.1392604410648346,recon_dom_01_10
2074,,,,,,,,,,1.5908406972885132,2.8614444732666016,2.511568069458008,4.477400779724121,0.07690125703811646,0.0,0.0,0.0,0.792220413684845,0.23122043907642365,2.5954551696777344,0.13991738855838776,recon_dom_01_10
2075,,,,,,,,,,2.2392830848693848,1.8672854900360107,5.855771064758301,4.165126323699951,0.09667420387268066,0.0,0.0,0.0,2.334996461868286,0.23670119047164917,6.000565528869629,0.1345091462135315,recon_dom_01_10
2076,,,,0.0,0.0,0.0,100.0,50.0,50.0,1.8492753505706787,0.746068000793457,11.806873321533203,2.713412046432495,0.08482122421264648,0.0,0.0,0.0,6.274607181549072,0.227556049823761,10.141241073608398,0.14784395694732666,recon_dom_01_10
2077,,,,,,,,,,2.6745872497558594,0.35809212923049927,50.0,3.532679319381714,1.3379164934158325,0.0,0.0,0.0,292.80029296875,0.23879247903823853,312.18109130859375,0.13479173183441162,recon_dom_01_10
2078,,,,,,,,,,2.10339617729187,0.8373457789421082,9.714544296264648,3.0378873348236084,0.0956384539604187,0.0,0.0,0.0,4.9072346687316895,0.23167981207370758,8.583974838256836,0.13962006568908691,recon_dom_01_10
2079,,,,,,,,,,2.096435546875,0.31123635172843933,50.0,2.9076719284057617,0.3016178607940674,0.0,0.0,0.0,49.66379928588867,0.23511922359466553,59.604637145996094,0.1358424425125122,recon_dom_01_10
2080,,,,,,,,,,1.1407461166381836,6.36501407623291,1.389945387840271,7.519659519195557,0.052489250898361206,0.0,0.0,0.0,0.2683310806751251,0.2334853857755661,1.6439497470855713,0.13844585418701172,recon_dom_01_10
2081,,,,,,,,,,1.790799617767334,0.39639708399772644,37.58906936645508,2.5630874633789062,0.1550152599811554,0.007301716133952141,0.0,0.0,22.54810333251953,0.2303890585899353,28.44156837463379,0.147668719291687,recon_dom_01_10
2082,,,,,,,,,,2.308413505554199,0.27151885628700256,50.0,3.079932451248169,0.42079028487205505,0.0,0.0,0.0,76.2468032836914,0.23531118035316467,87.84529876708984,0.13904371857643127,recon_dom_01_10
2083,,,,,,,,,,1.7876918315887451,1.7663109302520752,3.6449005603790283,3.590451717376709,0.062746562063694,0.0,0.0,0.0,1.382991909980774,0.2347099781036377,3.8212978839874268,0.14056000113487244,recon_dom_01_10
2084,,,,,,,,,,1.7806415557861328,0.27078482508659363,50.0,2.551426410675049,0.37376973032951355,0.0,0.0,0.0,68.28582763671875,0.234358549118042,78.51182556152344,0.13924136757850647,recon_dom_01_10
2085,,,,,,,,,,2.3143973350524902,0.4007296860218048,38.22032928466797,3.097330331802368,0.18190206587314606,0.0,0.0,0.0,22.552764892578125,0.23562753200531006,29.441741943359375,0.1361648440361023,recon_dom_01_10
2086,,,,0.0,0.0,0.0,100.0,50.0,50.0,1.9722568988800049,0.3258706033229828,50.0,2.7981274127960205,0.3262035846710205,0.0,0.0,0.0,60.314247131347656,0.2393113672733307,70.70011901855469,0.13552549481391907,recon_dom_01_10
2087,,,,,,,,,,1.5617601871490479,3.9138219356536865,2.9434258937835693,5.505016326904297,0.07015757262706757,0.0,0.0,0.0,0.9793673157691956,0.23093688488006592,3.15240216255188,0.13975763320922852,recon_dom_01_10
2088,,,,,,,,,,0.6654573082923889,11.7313232421875,0.5767085552215576,12.402547836303711,0.023312974721193314,0.0,0.0,0.0,0.07842312753200531,0.2231413722038269,0.6878184676170349,0.15497174859046936,recon_dom_01_10
2089,,,,,,,,,,2.665999174118042,1.1564264297485352,5.898588180541992,3.881411552429199,0.08284111320972443,0.0,0.0,0.0,2.4453604221343994,0.2349262833595276,6.0037384033203125,0.13660484552383423,recon_dom_01_10
2090,,,,,,,,,,1.106363296508789,6.777921676635742,1.0488442182540894,7.894773483276367,0.03192717954516411,0.011946002021431923,0.0,0.0,0.22213780879974365,0.22588732838630676,1.2351298332214355,0.14970874786376953,recon_dom_01_10
2091,,,,,,,,,,2.729114055633545,0.4107930064201355,23.202661514282227,3.371933698654175,0.16323474049568176,0.0,0.0,0.0,12.742676734924316,0.23742803931236267,19.213363647460938,0.13387304544448853,recon_dom_01_10
2092,,,,,,,,,,2.4836854934692383,1.4572477340698242,7.800565242767334,4.018939018249512,0.08481885492801666,0.0,0.0,0.0,3.605543375015259,0.23526915907859802,7.467311859130859,0.13744798302650452,recon_dom_01_10
2093,,,,,,,,,,1.9214003086090088,0.8174271583557129,15.097314834594727,2.889800548553467,0.09160228818655014,0.0,0.0,0.0,8.35300064086914,0.2339179515838623,12.497198104858398,0.14311422407627106,recon_dom_01_10
2094,,,,,,,,,,3.104490041732788,0.5163143277168274,14.933525085449219,3.770139694213867,0.11411874741315842,0.0,0.0,0.0,7.61641788482666,0.23766198754310608,13.418561935424805,0.13466708362102509,recon_dom_01_10
2095,,,,,,,,,,2.8724379539489746,0.3302253186702728,24.826581954956055,3.4509291648864746,0.16764454543590546,0.0,0.0,0.0,13.649693489074707,0.24031242728233337,20.602825164794922,0.1322178840637207,recon_dom_01_10
2096,,,,0.0,0.0,0.0,100.0,50.0,100.0,1.6585798263549805,4.885663986206055,2.2696828842163086,6.566940784454346,0.04724306985735893,0.0,0.0,0.0,0.6529110074043274,0.23249664902687073,2.6864876747131348,0.1406295895576477,recon_dom_01_10
2097,,,,,,,,,,2.4840619564056396,0.33835506439208984,40.47555923461914,3.227172613143921,0.18475082516670227,0.0,0.0,0.0,24.048553466796875,0.23337553441524506,30.932079315185547,0.13874587416648865,recon_dom_01_10
2098,,,,,,,,,,1.988672137260437,2.0312986373901367,4.103947162628174,4.061010360717773,0.08781969547271729,0.0,0.0,0.0,1.5147860050201416,0.23105648159980774,4.226136207580566,0.1388874351978302,recon_dom_01_10
2099,,,,,,,,,,2.6063733100891113,0.28131332993507385,50.0,3.3876867294311523,0.25369906425476074,0.0,0.0,0.0,41.549278259277344,0.23820346593856812,50.71319580078125,0.13536450266838074,recon_dom_01_10
2100,,,,,,,,,,1.693408727645874,3.2510294914245605,2.7895588874816895,4.972333908081055,0.07821211963891983,0.0,0.0,0.0,0.8276528120040894,0.23252466320991516,3.0676615238189697,0.1376236081123352,recon_dom_01_10
2101,,,,,,,,,,2.076596260070801,0.7121694684028625,13.12999439239502,2.9200656414031982,0.10315074026584625,0.0,0.0,0.0,6.8038225173950195,0.23306705057621002,11.546590805053711,0.1381557583808899,recon_dom_01_10
2102,,,,,,,,,,1.9459989070892334,1.3121684789657593,6.194096088409424,3.320108413696289,0.06261444836854935,0.0,0.0,0.0,2.9138195514678955,0.23488450050354004,5.859492301940918,0.13969454169273376,recon_dom_01_10
2103,,,,,,,,,,2.7592835426330566,0.7922082543373108,10.91318130493164,3.660623550415039,0.1098761111497879,0.0,0.0,0.0,5.323346138000488,0.23824256658554077,10.006427764892578,0.13415884971618652,recon_dom_01_10
2104,,,,,,,,,,2.675001621246338,0.2591298520565033,50.0,3.434131383895874,0.3834567964076996,0.0,0.0,0.0,66.24295043945312,0.23889711499214172,78.55281829833984,0.13366836309432983,recon_dom_01_10
2105,,,,,,,,,,2.7402262687683105,0.7255591154098511,11.708284378051758,3.5828683376312256,0.1274857521057129,0.0,0.0,0.0,5.696388244628906,0.2373359650373459,10.67469596862793,0.13384994864463806,recon_dom_01_10
2106,,,,0.0,0.0,0.0,100.0,100.0,50.0,2.1107983589172363,0.3707219362258911,35.3021240234375,2.8345415592193604,0.1896456629037857,0.0,0.0,0.0,20.5408992767334,0.2366301566362381,27.551677703857422,0.13494054973125458,recon_dom_01_10
2107,,,,,,,,,,2.7462565898895264,0.20849449932575226,50.0,3.4547510147094727,1.0007848739624023,0.0,0.0,0.0,218.91653442382812,0.2395440936088562,237.10914611816406,0.1335170865058899,recon_dom_01_10
2108,,,,,,,,,,2.761533260345459,0.9150222539901733,7.823783874511719,3.754793405532837,0.1000911146402359,0.0,0.0,0.0,3.5492501258850098,0.23528960347175598,7.4739789962768555,0.13559696078300476,recon_dom_01_10
2109,,,,,,,,,,2.711663007736206,0.219221830368042,50.0,3.430884838104248,0.36129552125930786,0.0,0.0,0.0,54.13308334350586,0.24145926535129547,65.93741607666016,0.1313277781009674,recon_dom_01_10
2110,,,,,,,,,,1.0270438194274902,7.70897102355957,0.6949399709701538,8.742963790893555,0.028552332893013954,0.0,0.0,0.0,0.08356639742851257,0.22455544769763947,0.8621698021888733,0.15071500837802887,recon_dom_01_10
2111,,,,,,,,,,2.8292102813720703,0.3396907448768616,22.501523971557617,3.393916368484497,0.13669632375240326,0.0,0.0,0.0,12.43803882598877,0.23801234364509583,18.685667037963867,0.1336982250213623,recon_dom_01_10
2112,,,,,,,,,,1.8630170822143555,0.593941330909729,15.088753700256348,2.6078460216522217,0.0929359570145607,0.0,0.0,0.0,8.361291885375977,0.23319274187088013,12.450372695922852,0.14276236295700073,recon_dom_01_10
2113,,,,,,,,,,1.3580074310302734,3.9494454860687256,2.188084602355957,5.329333782196045,0.05170853063464165,0.0,0.0,0.0,0.6366879343986511,0.233921617269516,2.511115550994873,0.13904014229774475,recon_dom_01_10
2114,,,,,,,,,,1.859912633895874,3.2988994121551514,2.581437587738037,5.184626579284668,0.05347780883312225,0.0,0.0,0.0,0.8087669610977173,0.23212900757789612,2.936333417892456,0.1390165388584137,recon_dom_01_10
2115,,,,,,,,,,1.559997797012329,4.917013168334961,1.3262877464294434,6.490273952484131,0.04902288690209389,0.0,0.0,0.0,0.2564438581466675,0.22791698575019836,1.5750974416732788,0.14389096200466156,recon_dom_01_10
2116,,,,0.0,0.0,0.0,100.0,100.0,100.0,1.8853774070739746,1.225292444229126,6.948856830596924,3.1801583766937256,0.0778052881360054,1.6142787444550777e-06,0.0,0.0,3.2516305446624756,0.23459988832473755,6.541945934295654,0.1376543641090393,recon_dom_01_10
2117,,,,,,,,,,1.1371926069259644,4.283456325531006,1.9068635702133179,5.439717769622803,0.05886181816458702,0.010820910334587097,0.0,0.0,0.5604504346847534,0.23132772743701935,2.0075206756591797,0.14389970898628235,recon_dom_01_10
2118,,,,,,,,,,2.793844223022461,0.1796593964099884,50.0,3.473503589630127,0.47343894839286804,0.0,0.0,0.0,89.90857696533203,0.2417449951171875,103.80108642578125,0.13160933554172516,recon_dom_01_10
2119,,,,,,,,,,2.240597724914551,1.152512788772583,6.4235382080078125,3.457345962524414,0.08940181881189346,0.0,0.0,0.0,2.770392417907715,0.2349509298801422,6.338039398193359,0.13621678948402405,recon_dom_01_10
2120,,,,,,,,,,0.9322763681411743,7.925902366638184,1.0442603826522827,8.868620872497559,0.03387723118066788,0.0,0.0,0.0,0.2226514220237732,0.22574248909950256,1.229794979095459,0.1475113034248352,recon_dom_01_10
2121,,,,,,,,,,2.072267532348633,1.0732277631759644,6.280429363250732,3.2082996368408203,0.0761566013097763,0.0,0.0,0.0,2.972346067428589,0.2365066111087799,5.779876708984375,0.13711325824260712,recon_dom_01_10
2122,,,,,,,,,,1.9377530813217163,2.488320827484131,2.3806729316711426,4.449880599975586,0.04674281179904938,0.0,0.0,0.0,0.7306342720985413,0.23038356006145477,2.758145332336426,0.14213642477989197,recon_dom_01_10
2123,,,,,,,,,,1.9073013067245483,0.5714147090911865,13.329192161560059,2.6120078563690186,0.09990717470645905,0.0,0.0,0.0,7.175024032592773,0.22294273972511292,11.233685493469238,0.15495401620864868,recon_dom_01_10
2124,,,,,,,,,,1.7139122486114502,4.097693920135498,1.463644027709961,5.826242446899414,0.07023215293884277,0.0,0.0,0.0,0.25680220127105713,0.22679829597473145,1.6373945474624634,0.14303994178771973,recon_dom_01_10
2125,,,,,,,,,,2.9595084190368652,0.16714118421077728,50.0,3.6266496181488037,0.48057860136032104,0.0,0.0,0.0,89.12272644042969,0.23962631821632385,102.81828308105469,0.1333709955215454,recon_dom_01_10
2126,,,,0.0,0.0,0.0,100.0,100.0,50.0,2.6083312034606934,0.413218230009079,16.957551956176758,3.19112491607666,0.112968809902668,0.0,0.0,0.0,9.353752136230469,0.2234448939561844,14.004680633544922,0.1427169144153595,recon_dom_01_10
2127,,,,,,,,,,1.9948508739471436,1.32047438621521,3.748403787612915,3.352809190750122,0.07834668457508087,0.0,0.0,0.0,1.4694236516952515,0.23378463089466095,3.6999168395996094,0.1390998661518097,recon_dom_01_10
2128,,,,,,,,,,1.527948260307312,2.06996488571167,2.341202974319458,3.6213252544403076,0.05632588639855385,0.0,0.0,0.0,0.7943922877311707,0.22912245988845825,2.4554476737976074,0.14544954895973206,recon_dom_01_10
2129,,,,,,,,,,3.058680295944214,0.5037023425102234,7.655149459838867,3.6389341354370117,0.08310429751873016,0.0,0.0,0.0,3.543588161468506,0.23869846761226654,7.317154884338379,0.13592711091041565,recon_dom_01_10
2130,,,,,,,,,,2.6445019245147705,0.16420045495033264,50.0,3.3087024688720703,0.9139866232872009,0.0,0.0,0.0,201.9430694580078,0.2396218180656433,221.46939086914062,0.13264299929141998,recon_dom_01_10
2131,,,,,,,,,,1.711338758468628,4.804521083831787,1.0824930667877197,6.526684761047363,0.038950931280851364,0.0,0.0,0.0,0.16361775994300842,0.2307162582874298,1.3737270832061768,0.1418544352054596,recon_dom_01_10
2132,,,,,,,,,,2.5737040042877197,0.2119060605764389,50.0,3.2856099605560303,0.2224310338497162,0.0,0.0,0.0,35.368045806884766,0.2386021614074707,43.36648941040039,0.13349580764770508,recon_dom_01_10
2133,,,,,,,,,,2.8335914611816406,0.4495368003845215,15.90078067779541,3.44213604927063,0.10648924857378006,0.0,0.0,0.0,8.60597038269043,0.23602211475372314,13.450345039367676,0.1358998566865921,recon_dom_01_10
2134,,,,,,,,,,2.971146583557129,0.2002149373292923,33.49369812011719,3.506298542022705,0.1858598291873932,0.0,0.0,0.0,19.077373504638672,0.24164998531341553,26.899429321289062,0.1314716339111328,recon_dom_01_10
2135,,,,,,,,,,2.869420051574707,0.6981789469718933,10.084723472595215,3.6684463024139404,0.08811147511005402,0.0,0.0,0.0,4.986861705780029,0.23662948608398438,9.240053176879883,0.13614988327026367,recon_dom_01_10
2136,,,,0.0,0.0,0.0,100.0,100.0,100.0,3.02620267868042,0.7332191467285156,4.783673286437988,3.8072586059570312,0.08067502826452255,0.0,0.0,0.0,1.8837940692901611,0.23460617661476135,4.918613433837891,0.13736826181411743,recon_dom_01_10
2137,,,,,,,,,,2.4780044555664062,0.18949559330940247,50.0,3.1675000190734863,0.5336043238639832,0.0,0.0,0.0,105.6798324584961,0.23776836693286896,118.42535400390625,0.13511836528778076,recon_dom_01_10
2138,,,,,,,,,,2.9865779876708984,0.301543653011322,15.359366416931152,3.4417152404785156,0.1330857127904892,0.0,0.0,0.0,8.032096862792969,0.2359878420829773,13.249446868896484,0.13519304990768433,recon_dom_01_10
2139,,,,,,,,,,1.5230460166931152,4.370502471923828,0.895064651966095,5.902499198913574,0.03631868585944176,0.0,0.0,0.0,0.12520623207092285,0.21620438992977142,1.1025311946868896,0.1537897288799286,recon_dom_01_10
2140,,,,,,,,,,2.301187753677368,2.3154795169830322,2.0223517417907715,4.636890888214111,0.0719640925526619,0.0,0.0,0.0,0.4688510596752167,0.22676268219947815,2.3134679794311523,0.14269737899303436,recon_dom_01_10
2141,,,,,,,,,,3.0865097045898438,0.1783769726753235,50.0,3.7648866176605225,0.2679973542690277,0.0,0.0,0.0,39.77912521362305,0.24194470047950745,50.66041946411133,0.13203781843185425,recon_dom_01_10
2142,,,,,,,,,,1.8427441120147705,2.829610824584961,1.6737571954727173,4.689092636108398,0.04369187355041504,0.0,0.0,0.0,0.414345383644104,0.2291714996099472,2.0075323581695557,0.1426909863948822,recon_dom_01_10
2143,,,,,,,,,,2.0940017700195312,2.0238444805145264,2.2742483615875244,4.140588760375977,0.08633024990558624,0.0,0.0,0.0,0.6003788113594055,0.2357109636068344,2.409914970397949,0.1368977427482605,recon_dom_01_10
2144,,,,,,,,,,2.9059853553771973,0.5607174038887024,7.651242256164551,3.543215274810791,0.10441821813583374,0.0,0.0,0.0,3.4577279090881348,0.2376207858324051,7.268393039703369,0.13464419543743134,recon_dom_01_10
2145,,,,,,,,,,2.756296157836914,0.1722666323184967,50.0,3.428562879562378,0.834338903427124,0.0,0.0,0.0,170.68484497070312,0.2425687611103058,192.02215576171875,0.1312490999698639,recon_dom_01_10
2146,,,,0.0,0.0,0.0,100.0,50.0,100.0,2.768383502960205,0.6799872517585754,10.701662063598633,3.555387258529663,0.12553702294826508,0.0,0.0,0.0,5.215052604675293,0.2361934632062912,9.643513679504395,0.13548237085342407,recon_dom_01_10
2147,,,,,,,,,,2.0321173667907715,0.9677359461784363,6.105966567993164,3.0609130859375,0.0578850694000721,0.0,0.0,0.0,2.95661997795105,0.22634880244731903,5.644518852233887,0.15027107298374176,recon_dom_01_10
2148,,,,,,,,,,0.9815154075622559,8.532925605773926,0.5966761708259583,9.520407676696777,0.026142433285713196,0.0,0.0,0.0,0.07723255455493927,0.219585582613945,0.7017135620117188,0.1591610312461853,recon_dom_01_10
2149,,,,,,,,,,2.945063352584839,0.2822045087814331,42.02616500854492,3.6475296020507812,0.19429388642311096,0.0,0.0,0.0,24.721586227416992,0.23896315693855286,32.591793060302734,0.13314446806907654,recon_dom_01_10
2150,,,,,,,,,,2.1918652057647705,1.8344361782073975,2.4816927909851074,4.05111837387085,0.04515471309423447,0.0,0.0,0.0,0.877623438835144,0.22840946912765503,2.6817398071289062,0.1458473801612854,recon_dom_01_10
2151,,,,,,,,,,2.2530152797698975,0.5801356434822083,10.925925254821777,2.9424102306365967,0.09630027413368225,2.44329512497643e-05,0.0,0.0,5.678454875946045,0.23138165473937988,9.45738697052002,0.14113186299800873,recon_dom_01_10
2152,,,,,,,,,,2.861502170562744,0.20754015445709229,50.0,3.569042205810547,0.9804977178573608,0.0,0.0,0.0,205.56820678710938,0.24159084260463715,227.45144653320312,0.1316101849079132,recon_dom_01_10
2153,,,,,,,,,,1.4632209539413452,4.559452056884766,0.9569841027259827,6.032242774963379,0.05227047950029373,0.0,0.0,0.0,0.12681320309638977,0.23021578788757324,1.0629347562789917,0.14329543709754944,recon_dom_01_10
2154,,,,,,,,,,2.3232741355895996,2.0009968280792236,1.720118522644043,4.341472148895264,0.06757994741201401,0.0,0.0,0.0,0.35203123092651367,0.23533865809440613,1.9859824180603027,0.13662482798099518,recon_dom_01_10
2155,,,,,,,,,,1.9651230573654175,0.550137996673584,10.890280723571777,2.624163866043091,0.09045387804508209,0.0,0.0,0.0,5.771708965301514,0.22814303636550903,9.257380485534668,0.14798294007778168,recon_dom_01_10
2156,,,,0.0,0.0,0.0,100.0,100.0,50.0,1.9420742988586426,2.933575391769409,1.4174678325653076,4.889824390411377,0.05825833976268768,0.0,0.0,0.0,0.2736470699310303,0.22694969177246094,1.6307618618011475,0.14453063905239105,recon_dom_01_10
2157,,,,,,,,,,2.5278947353363037,0.2657626271247864,50.0,3.2936573028564453,0.2893964350223541,0.0,0.0,0.0,49.67743682861328,0.23477813601493835,59.539405822753906,0.13594359159469604,recon_dom_01_10
2158,,,,,,,,,,2.650334119796753,1.5996497869491577,3.1816787719726562,4.281800746917725,0.056296221911907196,0.0,0.0,0.0,1.0669324398040771,0.23552677035331726,3.591768741607666,0.13828253746032715,recon_dom_01_10
2159,,,,,,,,,,3.2925682067871094,0.30299070477485657,22.73523712158203,3.822911262512207,0.1369667649269104,0.0,0.0,0.0,12.430593490600586,0.23820166289806366,19.16497802734375,0.13499413430690765,recon_dom_01_10
2160,,,,,,,,,,2.8825693130493164,0.21865996718406677,50.0,3.601229190826416,0.99595707654953,0.0,0.0,0.0,217.27896118164062,0.2382572591304779,238.40890502929688,0.13283398747444153,recon_dom_01_10
2161,,,,,,,,,,10.0,100.0,50.0,110.5,1.0472798347473145,0.0,0.0,0.0,231.913818359375,0.22776362299919128,247.52696228027344,0.14741027355194092,recon_dom_01_10
2162,,,,,,,,,,1.933415412902832,0.24534852802753448,50.0,2.6787638664245605,0.8532116413116455,0.0,0.0,0.0,180.92019653320312,0.2324661761522293,196.09886169433594,0.1406674087047577,recon_dom_01_10
2163,,,,,,,,,,3.0098156929016113,0.34544891119003296,20.18832778930664,3.557147979736328,0.1325380951166153,0.0,0.0,0.0,11.006991386413574,0.24047359824180603,16.962604522705078,0.13297204673290253,recon_dom_01_10
2164,,,,,,,,,,3.206254005432129,0.38700902462005615,10.95840835571289,3.7028470039367676,0.13031615316867828,0.0,0.0,0.0,5.193084239959717,0.23919902741909027,10.152963638305664,0.13341030478477478,recon_dom_01_10
2165,,,,,,,,,,2.9327383041381836,0.4864875376224518,9.950304985046387,3.5187289714813232,0.09952668845653534,0.0,0.0,0.0,4.975884437561035,0.2342938333749771,8.879338264465332,0.13688474893569946,recon_dom_01_10
2166,,,,0.0,0.0,0.0,100.0,50.0,100.0,2.9934306144714355,0.2523411512374878,50.0,3.745771884918213,0.26260676980018616,0.0,0.0,0.0,38.84764862060547,0.24282892048358917,49.92393493652344,0.13193275034427643,recon_dom_01_10
2167,,,,,,,,,,2.921562671661377,0.3083971440792084,47.55225372314453,3.705482244491577,0.21825802326202393,0.0,0.0,0.0,28.188127517700195,0.23927748203277588,36.4712028503418,0.13309428095817566,recon_dom_01_10
2168,,,,,,,,,,2.1977486610412598,0.4683939516544342,18.390016555786133,2.8500428199768066,0.10513300448656082,0.0,0.0,0.0,10.319439888000488,0.2314310073852539,15.014549255371094,0.14493811130523682,recon_dom_01_10
2169,,,,,,,,,,1.7526791095733643,0.554188072681427,50.0,2.8068671226501465,1.5984954833984375,0.0,0.0,0.0,335.2204895019531,0.23600643873214722,353.9574279785156,0.13791584968566895,recon_dom_01_10
2170,,,,,,,,,,2.830854892730713,0.2740015387535095,50.0,3.604856491088867,1.2140321731567383,0.0,0.0,0.0,254.4461212158203,0.2386729121208191,275.68280029296875,0.1338070034980774,recon_dom_01_10
2171,,,,,,,,,,1.4045014381408691,6.294403553009033,0.8842670917510986,7.707747459411621,0.029898114502429962,4.5099750423105434e-05,0.0,0.0,0.13663895428180695,0.2334516942501068,1.1211634874343872,0.14165560901165009,recon_dom_01_10
2172,,,,,,,,,,3.129479169845581,0.37958985567092896,32.21351623535156,3.8312041759490967,0.1689024567604065,0.0,0.0,0.0,18.098346710205078,0.23882794380187988,26.46661949157715,0.13464096188545227,recon_dom_01_10
2173,,,,,,,,,,1.8051503896713257,0.4795064330101013,21.88156509399414,2.5034725666046143,0.12137677520513535,0.0,0.0,0.0,12.468184471130371,0.22865864634513855,17.537717819213867,0.14772015810012817,recon_dom_01_10
2174,,,,,,,,,,3.0588483810424805,0.5066356658935547,19.255414962768555,3.758038282394409,0.142348051071167,0.0,0.0,0.0,10.136804580688477,0.2405623495578766,16.739089965820312,0.1326843500137329,recon_dom_01_10
2175,,,,,,,,,,1.5688971281051636,3.4529225826263428,1.8014373779296875,5.039834022521973,0.04387400671839714,0.00895624328404665,0.0,0.0,0.5519188046455383,0.21715731918811798,1.9668618440628052,0.16045686602592468,recon_dom_01_10
2176,,,,0.0,0.0,0.0,100.0,50.0,100.0,2.555194139480591,0.3125828802585602,50.0,3.367777109146118,0.5947797298431396,0.0,0.0,0.0,121.46949005126953,0.2396564781665802,136.48208618164062,0.13331946730613708,recon_dom_01_10
2177,,,,,,,,,,1.8951176404953003,0.3250201642513275,50.0,2.72013783454895,0.4368903934955597,0.0,0.0,0.0,79.32618713378906,0.23891323804855347,90.172119140625,0.13443797826766968,recon_dom_01_10
2178,,,,,,,,,,2.082897663116455,0.36794695258140564,50.0,2.9508445262908936,0.34039297699928284,0.0,0.0,0.0,62.67522430419922,0.23815816640853882,72.1876220703125,0.13484057784080505,recon_dom_01_10
2179,,,,,,,,,,2.7366034984588623,0.7275598645210266,13.692437171936035,3.601087808609009,0.1185958981513977,0.0,0.0,0.0,6.937110900878906,0.23854988813400269,12.25013256072998,0.13425487279891968,recon_dom_01_10
2180,,,,,,,,,,2.259222984313965,1.228124737739563,6.637021064758301,3.553717851638794,0.09878946840763092,0.0,0.0,0.0,3.0400478839874268,0.23266126215457916,6.131735324859619,0.13891388475894928,recon_dom_01_10
2181,,,,,,,,,,1.6936578750610352,0.4120021462440491,50.0,2.6056599617004395,0.28502920269966125,0.0,0.0,0.0,47.29973602294922,0.2350877970457077,56.68262481689453,0.13942284882068634,recon_dom_01_10
2182,,,,,,,,,,0.9260084629058838,7.001135349273682,0.9937982559204102,7.937081813812256,0.05556190758943558,0.0,0.0,0.0,0.1299012452363968,0.22972150146961212,1.097522258758545,0.14354208111763,recon_dom_01_10
2183,,,,,,,,,,1.8951234817504883,0.37396490573883057,50.0,2.7690882682800293,0.325223833322525,0.0,0.0,0.0,58.99979782104492,0.237372487783432,69.85767364501953,0.13602903485298157,recon_dom_01_10
2184,,,,,,,,,,1.8199329376220703,0.645657479763031,20.31036949157715,2.668694019317627,0.14298421144485474,0.0,0.0,0.0,11.19861125946045,0.23209065198898315,16.7194881439209,0.13882791996002197,recon_dom_01_10
2185,,,,,,,,,,2.86588191986084,0.4268432557582855,38.66105651855469,3.679335832595825,0.20392054319381714,0.0,0.0,0.0,21.961973190307617,0.239095538854599,31.284603118896484,0.13267236948013306,recon_dom_01_10
2186,,,,0.0,0.0,0.0,100.0,50.0,100.0,1.495629072189331,5.081678867340088,2.3403806686401367,6.600711822509766,0.05767349153757095,0.0,0.0,0.0,0.6467241644859314,0.23061728477478027,2.736143112182617,0.14155954122543335,recon_dom_01_10
2187,,,,,,,,,,2.643929958343506,0.4749223291873932,34.685115814208984,3.4657034873962402,0.1957547515630722,0.0,0.0,0.0,19.78378677368164,0.24075105786323547,27.770641326904297,0.13159391283988953,recon_dom_01_10
2188,,,,,,,,,,2.8682022094726562,0.5669148564338684,19.664243698120117,3.6317594051361084,0.14604339003562927,0.0,0.0,0.0,10.52479362487793,0.2387867569923401,16.744049072265625,0.13330405950546265,recon_dom_01_10
2189,,,,,,,,,,1.845434546470642,1.0267930030822754,16.726224899291992,3.03948974609375,0.11921518296003342,0.0,0.0,0.0,9.049851417541504,0.23777979612350464,14.085941314697266,0.13547396659851074,recon_dom_01_10
2190,,,,,,,,,,1.6199970245361328,1.9766042232513428,5.587362766265869,3.652474880218506,0.08652341365814209,0.0,0.0,0.0,2.437622308731079,0.2328382134437561,5.3600568771362305,0.13811415433883667,recon_dom_01_10
2191,,,,,,,,,,1.3181395530700684,2.926635980606079,2.953449249267578,4.274310111999512,0.06460344046354294,0.0,0.0,0.0,1.1008034944534302,0.23232269287109375,2.9844188690185547,0.1418662965297699,recon_dom_01_10
2192,,,,,,,,,,1.710235834121704,3.7334842681884766,3.650731325149536,5.480227470397949,0.08749653398990631,0.0,0.0,0.0,1.22243332862854,0.23253408074378967,3.907712936401367,0.13705602288246155,recon_dom_01_10
2193,,,,,,,,,,2.5436959266662598,0.5890933871269226,27.639463424682617,3.409183979034424,0.17378997802734375,0.0,0.0,0.0,15.38878345489502,0.23979729413986206,22.689029693603516,0.1323617398738861,recon_dom_01_10
2194,,,,,,,,,,2.0135834217071533,1.0707919597625732,12.486114501953125,3.2092366218566895,0.08767388761043549,0.0,0.0,0.0,6.658855438232422,0.23608428239822388,10.703081130981445,0.13740192353725433,recon_dom_01_10
2195,,,,,,,,,,1.8588895797729492,0.48042014241218567,50.0,2.8393096923828125,0.2353413999080658,0.0,0.0,0.0,34.268760681152344,0.2401580512523651,43.003971099853516,0.1331033557653427,recon_dom_01_10
2196,,,,0.0,0.0,0.0,100.0,50.0,100.0,1.7925686836242676,0.39934611320495605,45.10837936401367,2.642998695373535,0.19278088212013245,0.0,0.0,0.0,27.14078140258789,0.22515922784805298,33.9328727722168,0.14741066098213196,recon_dom_01_10
2197,,,,,,,,,,3.1179070472717285,0.4765338897705078,27.952669143676758,3.8739676475524902,0.1592235565185547,0.0,0.0,0.0,15.404184341430664,0.2386297881603241,23.43018341064453,0.13412588834762573,recon_dom_01_10
2198,,,,,,,,,,1.5093369483947754,0.3143916726112366,50.0,2.323728561401367,0.40795040130615234,0.0,0.0,0.0,76.12688446044922,0.23654547333717346,87.00880432128906,0.1369093805551529,recon_dom_01_10
2199,,,,,,,,,,2.6572842597961426,0.41275152564048767,45.79458999633789,3.527981758117676,0.21199315786361694,0.0,0.0,0.0,26.98775291442871,0.23946461081504822,35.41929626464844,0.13275960087776184,recon_dom_01_10
2200,,,,,,,,,,1.3373830318450928,4.3680100440979,1.8954131603240967,5.724347114562988,0.053065814077854156,0.0,0.0,0.0,0.5119533538818359,0.23084403574466705,2.1618099212646484,0.14141274988651276,recon_dom_01_10
2201,,,,,,,,,,1.106313943862915,4.727471351623535,2.11833119392395,5.854968547821045,0.06437744945287704,0.0,0.0,0.0,0.5674052834510803,0.2326401025056839,2.383855104446411,0.13847029209136963,recon_dom_01_10
2202,,,,,,,,,,1.3501601219177246,1.2808263301849365,5.032556533813477,2.681312084197998,0.060561031103134155,0.0,0.0,0.0,2.3342976570129395,0.21295401453971863,4.7162981033325195,0.1600869745016098,recon_dom_01_10
2203,,,,,,,,,,2.682206630706787,0.9052432179450989,14.694965362548828,3.7343995571136475,0.12430517375469208,0.0,0.0,0.0,7.539215087890625,0.23894450068473816,12.99398422241211,0.1333792805671692,recon_dom_01_10
2204,,,,,,,,,,1.8478831052780151,0.5868133306503296,30.446802139282227,2.739164352416992,0.14677967131137848,0.0,0.0,0.0,17.682254791259766,0.23736360669136047,23.986766815185547,0.1352904736995697,recon_dom_01_10
2205,,,,,,,,,,0.9133313894271851,6.474057197570801,1.3556370735168457,7.40094518661499,0.04485711455345154,0.0,0.0,0.0,0.2669840455055237,0.2283448874950409,1.6544109582901,0.14327573776245117,recon_dom_01_10
2206,,,,0.0,0.0,0.0,100.0,100.0,100.0,1.422629714012146,2.880960464477539,2.919504404067993,4.332785129547119,0.05537441745400429,0.01025453768670559,0.0,0.0,1.1082539558410645,0.22575253248214722,2.973315715789795,0.1489071547985077,recon_dom_01_10
2207,,,,,,,,,,2.8219716548919678,0.73859703540802,17.034452438354492,3.7309131622314453,0.1309458613395691,0.0,0.0,0.0,8.867477416992188,0.23804695904254913,14.94985580444336,0.13513529300689697,recon_dom_01_10
2208,,,,,,,,,,0.9631990194320679,6.159214973449707,1.5086071491241455,7.137500286102295,0.03965846449136734,0.0,0.0,0.0,0.37745875120162964,0.22611859440803528,1.790454387664795,0.15016889572143555,recon_dom_01_10
2209,,,,,,,,,,2.9975080490112305,0.30801594257354736,50.0,3.8055238723754883,0.2553808093070984,0.0,0.0,0.0,41.835384368896484,0.24028456211090088,52.22441101074219,0.13375729322433472,recon_dom_01_10
2210,,,,,,,,,,2.741647720336914,0.3507057726383209,47.3224983215332,3.5655784606933594,0.2324575036764145,0.0,0.0,0.0,27.937583923339844,0.23920783400535583,36.37079620361328,0.13305944204330444,recon_dom_01_10
2211,,,,,,,,,,1.8261833190917969,0.5517489910125732,27.487714767456055,2.6528093814849854,0.13294623792171478,5.318883722793544e-06,0.0,0.0,15.803088188171387,0.21900174021720886,21.96583366394043,0.15072382986545563,recon_dom_01_10
2212,,,,,,,,,,2.7918472290039062,0.2836402952671051,50.0,3.5754876136779785,0.33174651861190796,0.0,0.0,0.0,48.34130096435547,0.24172894656658173,61.28113555908203,0.131399005651474,recon_dom_01_10
2213,,,,,,,,,,2.897256851196289,0.5556864142417908,19.713573455810547,3.6500790119171143,0.13483752310276031,0.0,0.0,0.0,10.702427864074707,0.23862779140472412,16.599267959594727,0.13462576270103455,recon_dom_01_10
2214,,,,,,,,,,2.5495657920837402,0.3076288402080536,50.0,3.357194662094116,0.2501853108406067,0.0,0.0,0.0,39.62588882446289,0.2383234202861786,48.946563720703125,0.13368673622608185,recon_dom_01_10
2215,,,,,,,,,,2.2228469848632812,0.556473433971405,20.537097930908203,2.9846913814544678,0.12209329009056091,0.0,0.0,0.0,11.401000022888184,0.2352888435125351,16.97682762145996,0.13689538836479187,recon_dom_01_10
2216,,,,0.0,0.0,0.0,100.0,100.0,50.0,1.9286808967590332,0.7057744264602661,15.204201698303223,2.7864973545074463,0.11427473276853561,0.0,0.0,0.0,8.281769752502441,0.2363376021385193,12.627578735351562,0.1363527476787567,recon_dom_01_10
2217,,,,,,,,,,0.9834808111190796,4.522578239440918,2.318859338760376,5.529247760772705,0.037473421543836594,0.0,0.0,0.0,0.8669140338897705,0.23071593046188354,2.453831434249878,0.1459086835384369,recon_dom_01_10
2218,,,,,,,,,,2.2201223373413086,1.763935923576355,6.43489933013916,4.048407077789307,0.08019779622554779,0.0,0.0,0.0,2.85343599319458,0.2362094521522522,6.286423683166504,0.1364140808582306,recon_dom_01_10
2219,,,,,,,,,,2.2330234050750732,0.48777061700820923,39.704345703125,3.117837429046631,0.17580685019493103,0.0,0.0,0.0,23.347867965698242,0.23190617561340332,30.88079071044922,0.13858020305633545,recon_dom_01_10
2220,,,,,,,,,,2.3785829544067383,1.348215937614441,11.043299674987793,3.8372318744659424,0.11849494278430939,0.0,0.0,0.0,5.338218688964844,0.2376917600631714,10.150670051574707,0.13500866293907166,recon_dom_01_10
2221,,,,,,,,,,2.8392443656921387,0.8603718876838684,10.835729598999023,3.807973623275757,0.10203993320465088,0.0,0.0,0.0,5.302918434143066,0.2359057366847992,9.970694541931152,0.1367417871952057,recon_dom_01_10
2222,,,,,,,,,,1.7049877643585205,1.1037514209747314,10.945691108703613,2.918196201324463,0.10544931888580322,0.0,0.0,0.0,5.601524829864502,0.2299124002456665,9.559678077697754,0.14089876413345337,recon_dom_01_10
2223,,,,,,,,,,2.375061511993408,0.27717381715774536,50.0,3.152235269546509,0.3286714255809784,0.0,0.0,0.0,57.561283111572266,0.2373678982257843,67.44894409179688,0.13472741842269897,recon_dom_01_10
2224,,,,,,,,,,0.9569820165634155,6.803132057189941,1.6618659496307373,7.776732921600342,0.07496926188468933,0.0,0.0,0.0,0.37363675236701965,0.2338876724243164,1.7521774768829346,0.13905394077301025,recon_dom_01_10
2225,,,,,,,,,,1.921694040298462,0.5231852531433105,25.6671199798584,2.7015504837036133,0.1257283091545105,0.00016805302584543824,0.0,0.0,14.7146635055542,0.23768137395381927,20.57248306274414,0.1363641619682312,recon_dom_01_10
2226,,,,0.0,0.0,0.0,100.0,50.0,100.0,1.7542576789855957,0.9612587690353394,14.853069305419922,2.864047050476074,0.10979336500167847,0.0,0.0,0.0,8.033195495605469,0.23517799377441406,12.46696662902832,0.1390695571899414,recon_dom_01_10
2227,,,,,,,,,,1.702473521232605,2.5570828914642334,2.7151904106140137,4.286708354949951,0.057987846434116364,0.0,0.0,0.0,0.8569774031639099,0.23098969459533691,3.062558174133301,0.1389579176902771,recon_dom_01_10
2228,,,,,,,,,,2.8605833053588867,0.28861644864082336,50.0,3.6491997241973877,0.26102060079574585,0.0,0.0,0.0,35.586158752441406,0.238401398062706,45.999359130859375,0.1330687552690506,recon_dom_01_10
2229,,,,,,,,,,2.7155377864837646,0.383910208940506,38.87630081176758,3.488210916519165,0.2087547481060028,0.0,0.0,0.0,22.494670867919922,0.23967953026294708,30.60126304626465,0.13256734609603882,recon_dom_01_10
2230,,,,,,,,,,2.710488796234131,0.2436227649450302,50.0,3.4541115760803223,1.2746734619140625,0.0,0.0,0.0,262.07135009765625,0.24147528409957886,287.15252685546875,0.1313575655221939,recon_dom_01_10
2231,,,,,,,,,,2.7664132118225098,0.6771228313446045,16.609664916992188,3.609632730484009,0.11911240220069885,0.0,0.0,0.0,8.699236869812012,0.23578941822052002,14.555620193481445,0.13476452231407166,recon_dom_01_10
2232,,,,,,,,,,2.071272134780884,2.366669178009033,5.000059604644775,4.487941741943359,0.07646850496530533,0.0,0.0,0.0,2.0153093338012695,0.2343306690454483,5.130056381225586,0.13946282863616943,recon_dom_01_10
2233,,,,,,,,,,1.5260858535766602,3.477247714996338,2.7035298347473145,5.030368804931641,0.07131677120923996,0.0,0.0,0.0,0.8589394092559814,0.23272621631622314,2.9017271995544434,0.13870370388031006,recon_dom_01_10
2234,,,,,,,,,,1.8562893867492676,2.6642045974731445,3.14066481590271,4.551900863647461,0.0637587457895279,0.0,0.0,0.0,1.0265852212905884,0.23377951979637146,3.5164878368377686,0.13663789629936218,recon_dom_01_10
2235,,,,,,,,,,2.907665729522705,0.22829173505306244,50.0,3.6359574794769287,0.36415544152259827,0.0,0.0,0.0,61.42281723022461,0.23859697580337524,73.21110534667969,0.13349850475788116,recon_dom_01_10
2236,,,,0.0,0.0,50.0,100.0,50.0,100.0,1.4966115951538086,0.3346470892429352,45.73459243774414,2.288604497909546,0.20296610891819,0.0,0.0,0.0,27.356386184692383,0.2358916699886322,34.6513671875,0.14108902215957642,recon_dom_01_10
2237,,,,,,,,,,2.0245285034179688,2.4161479473114014,4.585622787475586,4.486532688140869,0.0864776223897934,0.0,0.0,0.0,1.8323142528533936,0.22705888748168945,4.5679931640625,0.14217840135097504,recon_dom_01_10
2238,,,,,,,,,,1.7871074676513672,2.6115338802337646,3.545229434967041,4.434093475341797,0.09494830667972565,0.0,0.0,0.0,1.2144235372543335,0.2284247726202011,3.638545036315918,0.13949671387672424,recon_dom_01_10
2239,,,,,,,,,,0.4966921806335449,11.466516494750977,0.5983263254165649,11.969191551208496,0.025711789727211,0.0,0.0,0.0,0.07894308865070343,0.22594396770000458,0.7060925364494324,0.15183603763580322,recon_dom_01_10
2240,,,,,,,,,,1.9367868900299072,0.6046079397201538,32.20160675048828,2.8634109497070312,0.17039582133293152,0.0,0.0,0.0,18.6370849609375,0.23630262911319733,25.350788116455078,0.1351597160100937,recon_dom_01_10
2241,,,,,,,,,,2.7825162410736084,0.2518163323402405,44.04078674316406,3.474740505218506,0.23667463660240173,0.0,0.0,0.0,25.520221710205078,0.24093341827392578,34.599971771240234,0.13115888833999634,recon_dom_01_10
2242,,,,,,,,,,2.327538013458252,0.5282355546951294,21.08967399597168,3.0666704177856445,0.14580830931663513,0.0,0.0,0.0,11.634394645690918,0.23852743208408356,17.37807273864746,0.13349705934524536,recon_dom_01_10
2243,,,,,,,,,,2.3168609142303467,1.3137142658233643,6.623563766479492,3.696810722351074,0.07204903662204742,0.0,0.0,0.0,3.077755928039551,0.22618405520915985,6.297363758087158,0.14262576401233673,recon_dom_01_10
2244,,,,,,,,,,1.483479380607605,0.2413901537656784,50.0,2.2248694896698,1.143967866897583,3.177875987603329e-05,0.0,0.0,239.69439697265625,0.2370060384273529,257.3683166503906,0.13651511073112488,recon_dom_01_10
2245,,,,,,,,,,2.7646918296813965,0.21773454546928406,50.0,3.482426404953003,0.7951653003692627,0.0,0.0,0.0,163.45175170898438,0.24016991257667542,182.30398559570312,0.1332213580608368,recon_dom_01_10
2246,,,,0.0,0.0,0.0,100.0,50.0,100.0,2.0530354976654053,1.6488332748413086,5.609976768493652,3.7579684257507324,0.08289722353219986,0.0,0.0,0.0,2.364264726638794,0.22691327333450317,5.588772773742676,0.1414813995361328,recon_dom_01_10
2247,,,,,,,,,,2.7172486782073975,0.5621565580368042,18.15964126586914,3.4610016345977783,0.13001567125320435,0.0,0.0,0.0,9.556800842285156,0.2374911606311798,15.831026077270508,0.13499805331230164,recon_dom_01_10
2248,,,,,,,,,,1.0167382955551147,7.599191665649414,0.8898424506187439,8.624828338623047,0.0352955088019371,0.0,0.0,0.0,0.12373107671737671,0.23064634203910828,1.1045136451721191,0.1431245058774948,recon_dom_01_10
2249,,,,,,,,,,1.164308786392212,6.670542240142822,1.4742754697799683,7.849593639373779,0.042604003101587296,0.0,0.0,0.0,0.34062281250953674,0.22737814486026764,1.7669020891189575,0.14443792402744293,recon_dom_01_10
2250,,,,,,,,,,2.9532527923583984,0.3035811185836792,50.0,3.756834030151367,0.2520274817943573,0.0,0.0,0.0,36.51251983642578,0.24140244722366333,47.01931381225586,0.1322779655456543,recon_dom_01_10
2251,,,,,,,,,,2.8268465995788574,0.2385968565940857,50.0,3.565443515777588,0.3685756027698517,0.0,0.0,0.0,56.38458251953125,0.24190670251846313,69.73506164550781,0.13051459193229675,recon_dom_01_10
2252,,,,,,,,,,2.0890116691589355,1.0414377450942993,9.645734786987305,3.2269067764282227,0.09961368888616562,0.0,0.0,0.0,4.663722038269043,0.23484906554222107,8.89382553100586,0.13546273112297058,recon_dom_01_10
2253,,,,,,,,,,1.6637400388717651,2.2393457889556885,4.394903182983398,3.9470348358154297,0.0725707858800888,6.562244379892945e-05,0.0,0.0,1.83634614944458,0.2336217164993286,4.316961288452148,0.13794675469398499,recon_dom_01_10
2254,,,,,,,,,,2.0898804664611816,0.4106825590133667,27.731409072875977,2.77787709236145,0.12838932871818542,0.0,0.0,0.0,16.068185806274414,0.2368401288986206,21.96745491027832,0.1386616826057434,recon_dom_01_10
2255,,,,,,,,,,2.4769861698150635,0.8236828446388245,11.99300479888916,3.4205989837646484,0.0989515483379364,0.0,0.0,0.0,6.212346076965332,0.2352888286113739,10.49714183807373,0.13801592588424683,recon_dom_01_10
2256,,,,0.0,0.0,0.0,100.0,100.0,50.0,1.194352388381958,4.966681480407715,1.0671381950378418,6.17170524597168,0.031635064631700516,0.0,0.0,0.0,0.18867230415344238,0.22633987665176392,1.3653316497802734,0.14990746974945068,recon_dom_01_10
2257,,,,,,,,,,2.0912508964538574,1.2517927885055542,8.43704891204834,3.4274141788482666,0.09283897280693054,0.0,0.0,0.0,3.9657559394836426,0.23715534806251526,7.9395880699157715,0.1358829140663147,recon_dom_01_10
2258,,,,,,,,,,2.3399572372436523,0.27849477529525757,50.0,3.1184520721435547,0.3054652214050293,0.0,0.0,0.0,49.84012985229492,0.24011366069316864,60.580318450927734,0.1330716609954834,recon_dom_01_10
2259,,,,,,,,,,0.9159035682678223,7.976431846618652,0.791511058807373,8.900250434875488,0.02962767519056797,0.00798207987099886,0.0,0.0,0.12274067103862762,0.2244689166545868,0.9501790404319763,0.15113523602485657,recon_dom_01_10
2260,,,,,,,,,,2.846856117248535,0.18541112542152405,50.0,3.5322673320770264,0.5943563580513,0.0,0.0,0.0,111.32333374023438,0.2427176982164383,129.2646026611328,0.13085594773292542,recon_dom_01_10
2261,,,,,,,,,,1.6100196838378906,2.339857816696167,3.083436965942383,3.9807119369506836,0.07028692960739136,0.0,0.0,0.0,1.1180671453475952,0.23197372257709503,3.1536035537719727,0.13936245441436768,recon_dom_01_10
2262,,,,,,,,,,1.5362522602081299,4.110465049743652,1.2966382503509521,5.659683704376221,0.04362816363573074,0.0,0.0,0.0,0.25115278363227844,0.22489333152770996,1.5808677673339844,0.14421431720256805,recon_dom_01_10
2263,,,,,,,,,,1.915740966796875,0.21714022755622864,50.0,2.6328811645507812,0.5179150104522705,0.0,0.0,0.0,108.19346618652344,0.2357880175113678,120.11430358886719,0.1370772123336792,recon_dom_01_10
2264,,,,,,,,,,1.3905296325683594,2.826206922531128,1.757031798362732,4.234306812286377,0.04469600319862366,0.0,0.0,0.0,0.579727053642273,0.22928555309772491,1.8326971530914307,0.14547720551490784,recon_dom_01_10
2265,,,,,,,,,,1.1881896257400513,5.525099754333496,1.427107572555542,6.727560520172119,0.05664126202464104,0.0,0.0,0.0,0.2691223919391632,0.2348249852657318,1.675002098083496,0.1379537433385849,recon_dom_01_10
2266,,,,0.0,0.0,0.0,100.0,50.0,100.0,2.3264365196228027,0.3813198506832123,22.202905654907227,2.9297854900360107,0.13900794088840485,0.0,0.0,0.0,12.637636184692383,0.23585331439971924,17.665754318237305,0.13766399025917053,recon_dom_01_10
2267,,,,,,,,,,1.1569311618804932,6.517559051513672,0.7811834216117859,7.682301998138428,0.02996540069580078,0.007769993040710688,0.0,0.0,0.12418349087238312,0.22510036826133728,0.9235353469848633,0.15125253796577454,recon_dom_01_10
2268,,,,,,,,,,2.838315725326538,0.9201658964157104,8.37481689453125,3.8422298431396484,0.09258706867694855,0.0,0.0,0.0,3.901810646057129,0.23607391119003296,7.945590972900391,0.13668292760849,recon_dom_01_10
2269,,,,,,,,,,1.4195579290390015,3.8343982696533203,1.4870312213897705,5.268826484680176,0.0509430468082428,0.0,0.0,0.0,0.3484956622123718,0.2303909957408905,1.693042516708374,0.1425996720790863,recon_dom_01_10
2270,,,,,,,,,,3.0030856132507324,0.2996099293231964,31.072887420654297,3.613424301147461,0.17823673784732819,0.0,0.0,0.0,17.49208641052246,0.23918691277503967,25.30497169494629,0.13210594654083252,recon_dom_01_10
2271,,,,,,,,,,2.5137643814086914,0.5029783248901367,13.785405158996582,3.1545968055725098,0.10508407652378082,0.0,0.0,0.0,7.430603504180908,0.23656511306762695,11.584019660949707,0.13715678453445435,recon_dom_01_10
2272,,,,,,,,,,1.7612812519073486,2.745553731918335,2.2723639011383057,4.5295586585998535,0.0864887684583664,0.0,0.0,0.0,0.6047056913375854,0.2295571267604828,2.396280288696289,0.1411847174167633,recon_dom_01_10
2273,,,,,,,,,,2.028397560119629,0.7991955280303955,6.900158405303955,2.896594762802124,0.0645870491862297,0.0,0.0,0.0,3.3678650856018066,0.22796086966991425,6.343466281890869,0.14828918874263763,recon_dom_01_10
2274,,,,,,,,,,2.4897892475128174,0.4568133056163788,13.133143424987793,3.0779340267181396,0.11224785447120667,0.0,0.0,0.0,6.861774921417236,0.23721186816692352,11.345808982849121,0.1350269615650177,recon_dom_01_10
2275,,,,,,,,,,1.479090929031372,4.276914119720459,1.574432611465454,5.771749496459961,0.06896640360355377,0.0,0.0,0.0,0.3212049603462219,0.2235942780971527,1.743178129196167,0.14447173476219177,recon_dom_01_10
2276,,,,0.0,0.0,0.0,100.0,50.0,100.0,3.2198710441589355,0.2478630244731903,37.88143539428711,3.846548318862915,0.1915433555841446,0.0,0.0,0.0,21.580284118652344,0.2399882972240448,30.612295150756836,0.1328444927930832,recon_dom_01_10
2277,,,,,,,,,,2.359468460083008,0.6290754675865173,10.424410820007324,3.092787981033325,0.0856093019247055,4.821218908546143e-07,0.0,0.0,5.389618873596191,0.2345079779624939,9.138945579528809,0.13820183277130127,recon_dom_01_10
2278,,,,,,,,,,3.0219388008117676,0.5854041576385498,9.275801658630371,3.700100898742676,0.09275095164775848,0.0,0.0,0.0,4.400164604187012,0.23909926414489746,8.749065399169922,0.1343943178653717,recon_dom_01_10
2279,,,,,,,,,,1.753280520439148,2.7159535884857178,1.6125353574752808,4.4853596687316895,0.048629432916641235,0.0,0.0,0.0,0.3511037826538086,0.23155206441879272,1.962425708770752,0.13916274905204773,recon_dom_01_10
2280,,,,,,,,,,2.4272303581237793,0.3477541208267212,24.05426025390625,3.0155270099639893,0.14694401621818542,0.0,0.0,0.0,13.660362243652344,0.23162749409675598,19.24410629272461,0.13963305950164795,recon_dom_01_10
2281,,,,,,,,,,1.7213963270187378,2.925610065460205,1.7732830047607422,4.66473913192749,0.03516359254717827,0.0,0.0,0.0,0.5664421916007996,0.22939306497573853,1.986501693725586,0.14832715690135956,recon_dom_01_10
2282,,,,,,,,,,1.3205517530441284,5.650768756866455,1.173337697982788,6.983053684234619,0.03841521590948105,0.0,0.0,0.0,0.23462237417697906,0.2242649793624878,1.4191755056381226,0.14624977111816406,recon_dom_01_10
2283,,,,,,,,,,2.979973554611206,0.5123315453529358,14.500906944274902,3.6373140811920166,0.10172010213136673,0.0,0.0,0.0,7.620257377624512,0.2375107705593109,12.669281005859375,0.1365843415260315,recon_dom_01_10
2284,,,,,,,,,,2.830228805541992,0.30543988943099976,38.741886138916016,3.523087501525879,0.18362957239151,0.0,0.0,0.0,22.73342514038086,0.23594537377357483,30.106151580810547,0.13646239042282104,recon_dom_01_10
2285,,,,,,,,,,2.3866827487945557,0.8162460923194885,6.136688232421875,3.264295816421509,0.088925801217556,0.0,0.0,0.0,2.672703742980957,0.23452550172805786,5.964444637298584,0.13680727779865265,recon_dom_01_10
2286,,,,0.0,0.0,0.0,50.0,100.0,50.0,1.8259985446929932,0.23127923905849457,50.0,2.5572776794433594,0.27579230070114136,0.0,0.0,0.0,49.21737289428711,0.23495949804782867,57.925270080566406,0.1412276327610016,recon_dom_01_10
2287,,,,,,,,,,3.1731104850769043,0.24435308575630188,45.90303421020508,3.8764939308166504,0.21624192595481873,0.0,0.0,0.0,26.701539993286133,0.2403949648141861,36.165985107421875,0.13252580165863037,recon_dom_01_10
2288,,,,,,,,,,1.9585344791412354,0.3799428343772888,21.677978515625,2.5552570819854736,0.11206290870904922,0.0,0.0,0.0,12.436707496643066,0.23272648453712463,17.287019729614258,0.14174845814704895,recon_dom_01_10
2289,,,,,,,,,,3.138123035430908,0.3932819068431854,14.003779411315918,3.671442747116089,0.11589609831571579,0.0,0.0,0.0,7.021670818328857,0.2361622154712677,12.731017112731934,0.13502934575080872,recon_dom_01_10
2290,,,,,,,,,,2.832106590270996,0.49611902236938477,8.50572395324707,3.413282871246338,0.10831557214260101,0.0,0.0,0.0,3.9028701782226562,0.23567873239517212,8.048483848571777,0.13466060161590576,recon_dom_01_10
2291,,,,,,,,,,2.082252264022827,1.6249006986618042,2.9937100410461426,3.7370901107788086,0.05722690746188164,0.0,0.0,0.0,0.9593523740768433,0.2312414050102234,3.422312021255493,0.13942882418632507,recon_dom_01_10
2292,,,,,,,,,,1.395988941192627,4.133967876434326,1.377261757850647,5.543729305267334,0.04651043191552162,0.0,0.0,0.0,0.33763760328292847,0.2282363474369049,1.538881778717041,0.1480746865272522,recon_dom_01_10
2293,,,,,,,,,,2.055270195007324,2.654132604598999,2.6255154609680176,4.735658168792725,0.05875066667795181,0.0,0.0,0.0,0.7589004635810852,0.2332857996225357,3.0716171264648438,0.1372450292110443,recon_dom_01_10
2294,,,,,,,,,,2.940488815307617,0.29488033056259155,29.985322952270508,3.535222291946411,0.1612778604030609,0.0,0.0,0.0,17.385160446166992,0.2352524846792221,23.5130672454834,0.13712409138679504,recon_dom_01_10
2295,,,,,,,,,,2.743393659591675,0.46623334288597107,14.815505981445312,3.3577821254730225,0.12005703896284103,0.0,0.0,0.0,7.8132781982421875,0.2374928593635559,12.729464530944824,0.134616419672966,recon_dom_01_10
2296,,,,0.0,0.0,0.0,100.0,50.0,100.0,2.8043341636657715,0.4985964894294739,16.738876342773438,3.4703195095062256,0.12217970192432404,0.0,0.0,0.0,8.890215873718262,0.23698781430721283,14.401121139526367,0.13503766059875488,recon_dom_01_10
2297,,,,,,,,,,2.0973596572875977,0.33248475193977356,50.0,2.929844379425049,0.19077588617801666,0.0,0.0,0.0,31.014371871948242,0.22971443831920624,37.93656921386719,0.1439826786518097,recon_dom_01_10
2298,,,,,,,,,,1.479920744895935,4.862711429595947,1.468376636505127,6.357316017150879,0.061767399311065674,0.0,0.0,0.0,0.2695702314376831,0.23064473271369934,1.705470323562622,0.14169830083847046,recon_dom_01_10
2299,,,,,,,,,,2.140655279159546,1.2357136011123657,6.496016979217529,3.441329002380371,0.08259767293930054,0.0,0.0,0.0,2.9986557960510254,0.2300269603729248,6.094448566436768,0.1414586454629898,recon_dom_01_10
2300,,,,,,,,,,2.5628304481506348,0.8088623881340027,6.782596588134766,3.439518690109253,0.08059811592102051,0.0,0.0,0.0,3.0215814113616943,0.23030461370944977,6.641860008239746,0.14063847064971924,recon_dom_01_10
2301,,,,,,,,,,2.3381242752075195,1.8111141920089722,2.8142752647399902,4.1773810386657715,0.08173054456710815,0.0,0.0,0.0,0.8278462886810303,0.23111195862293243,3.08151912689209,0.1390548050403595,recon_dom_01_10
2302,,,,,,,,,,3.035409688949585,0.22272595763206482,50.0,3.7581355571746826,0.28588733077049255,0.0,0.0,0.0,46.924522399902344,0.23582789301872253,56.76144027709961,0.13554129004478455,recon_dom_01_10
2303,,,,,,,,,,0.8505964279174805,7.911294937133789,0.7177422046661377,8.769068717956543,0.029864303767681122,0.0,0.0,0.0,0.09404605627059937,0.22512149810791016,0.8737772703170776,0.14973828196525574,recon_dom_01_10
2304,,,,,,,,,,2.2470033168792725,2.6991140842437744,3.4384982585906982,4.980502605438232,0.07111117243766785,0.0,0.0,0.0,1.203838586807251,0.2311127483844757,3.6839568614959717,0.14014039933681488,recon_dom_01_10
2305,,,,,,,,,,2.153961181640625,1.4158613681793213,4.472047805786133,3.6145429611206055,0.06203455477952957,0.0,0.0,0.0,1.950319528579712,0.22692325711250305,4.347879886627197,0.14923202991485596,recon_dom_01_10
2306,,,,0.0,0.0,0.0,50.0,50.0,50.0,2.166109800338745,0.6045147776603699,13.377440452575684,2.9043989181518555,0.10122663527727127,0.0,0.0,0.0,7.0040740966796875,0.23445656895637512,11.660116195678711,0.13729585707187653,recon_dom_01_10
2307,,,,,,,,,,2.22161865234375,0.9797981977462769,6.479001522064209,3.266206979751587,0.08467677235603333,0.0,0.0,0.0,2.9975979328155518,0.22778090834617615,6.0419158935546875,0.14283673465251923,recon_dom_01_10
2308,,,,,,,,,,2.8061904907226562,0.19062413275241852,50.0,3.496814727783203,0.5050387382507324,0.0,0.0,0.0,92.17291259765625,0.2423684000968933,109.98389434814453,0.130563884973526,recon_dom_01_10
2309,,,,,,,,,,2.907496213912964,0.21940314769744873,50.0,3.626899242401123,0.29474499821662903,0.0,0.0,0.0,51.395484924316406,0.23925641179084778,62.190032958984375,0.13382837176322937,recon_dom_01_10
2310,,,,,,,,,,2.619565010070801,1.0695151090621948,6.446651458740234,3.753546714782715,0.09501303732395172,0.0,0.0,0.0,2.7427327632904053,0.23686116933822632,6.383307456970215,0.13513799011707306,recon_dom_01_10
2311,,,,,,,,,,2.569051504135132,1.6367945671081543,4.876667022705078,4.254612922668457,0.07066664844751358,0.0,0.0,0.0,1.9897165298461914,0.23339608311653137,4.99273157119751,0.13912060856819153,recon_dom_01_10
2312,,,,,,,,,,2.8444650173187256,0.22387555241584778,50.0,3.568340539932251,0.27571338415145874,0.0,0.0,0.0,42.677398681640625,0.23960661888122559,52.44953536987305,0.1322094053030014,recon_dom_01_10
2313,,,,,,,,,,1.809971570968628,1.6231920719146729,3.7413406372070312,3.4705770015716553,0.07329578697681427,0.0,0.0,0.0,1.4850245714187622,0.22821976244449615,3.7053792476654053,0.1432548612356186,recon_dom_01_10
2314,,,,,,,,,,2.760488510131836,0.19612321257591248,50.0,3.4566116333007812,0.8010334968566895,0.0,0.0,0.0,163.45811462402344,0.24199190735816956,182.87339782714844,0.13105526566505432,recon_dom_01_10
2315,,,,,,,,,,3.109509229660034,0.24841636419296265,50.0,3.8579256534576416,0.23080751299858093,0.0,0.0,0.0,32.366859436035156,0.2415025234222412,42.6970329284668,0.13272123038768768,recon_dom_01_10
2316,,,,0.0,0.0,0.0,100.0,50.0,50.0,3.0913543701171875,0.28872472047805786,50.0,3.8800790309906006,0.2547900676727295,0.0,0.0,0.0,33.00899887084961,0.24174219369888306,43.919498443603516,0.13143078982830048,recon_dom_01_10
2317,,,,,,,,,,2.095675468444824,2.2691941261291504,2.3977627754211426,4.388847351074219,0.07881195843219757,0.0,0.0,0.0,0.6322811245918274,0.23178008198738098,2.6688485145568848,0.13819441199302673,recon_dom_01_10
2318,,,,,,,,,,2.835355520248413,0.19536642730236053,50.0,3.53072190284729,0.8162875175476074,0.0,0.0,0.0,162.62564086914062,0.24305632710456848,182.69395446777344,0.1308044195175171,recon_dom_01_10
2319,,,,,,,,,,3.145876884460449,0.266318678855896,49.64286804199219,3.9086241722106934,0.22356638312339783,0.0,0.0,0.0,29.415861129760742,0.23861035704612732,38.14381408691406,0.13404417037963867,recon_dom_01_10
2320,,,,,,,,,,1.8520708084106445,3.2559170722961426,2.038583517074585,5.128373622894287,0.053725406527519226,0.0,0.0,0.0,0.5379077792167664,0.23032714426517487,2.3898651599884033,0.14083269238471985,recon_dom_01_10
2321,,,,,,,,,,1.575061559677124,4.39144229888916,1.6009540557861328,5.982513427734375,0.041209086775779724,0.0,0.0,0.0,0.3794010281562805,0.23119068145751953,1.955954670906067,0.1441117823123932,recon_dom_01_10
2322,,,,,,,,,,2.046476364135742,0.4184740483760834,30.118663787841797,2.76613712310791,0.16453661024570465,0.0,0.0,0.0,17.41261863708496,0.23883791267871857,23.692110061645508,0.13425877690315247,recon_dom_01_10
2323,,,,,,,,,,2.7517945766448975,0.7127665877342224,10.611968994140625,3.570680856704712,0.09886232763528824,0.0,0.0,0.0,5.205221652984619,0.23796960711479187,9.750389099121094,0.13444170355796814,recon_dom_01_10
2324,,,,,,,,,,1.6030234098434448,4.06450891494751,1.5723851919174194,5.683256149291992,0.05655659735202789,0.0,0.0,0.0,0.37976813316345215,0.22703921794891357,1.744981288909912,0.14639517664909363,recon_dom_01_10
2325,,,,,,,,,,1.9493893384933472,3.1576991081237793,2.364013671875,5.130728721618652,0.051024556159973145,0.0,0.0,0.0,0.7160277962684631,0.23127481341362,2.711108684539795,0.14181140065193176,recon_dom_01_10
2326,,,,0.0,0.0,0.0,100.0,100.0,50.0,1.6033761501312256,0.2481393665075302,50.0,2.351515531539917,1.287353277206421,0.0,0.0,0.0,291.5134582519531,0.23309504985809326,308.5809020996094,0.14214757084846497,recon_dom_01_10
2327,,,,,,,,,,1.2383267879486084,3.732736110687256,1.4531254768371582,4.985594272613525,0.050505757331848145,0.0,0.0,0.0,0.3558397889137268,0.22869697213172913,1.6149275302886963,0.14423590898513794,recon_dom_01_10
2328,,,,,,,,,,2.180751323699951,0.41250330209732056,35.61665725708008,2.9494211673736572,0.1661120057106018,0.0,0.0,0.0,20.85928726196289,0.23576556146144867,27.779272079467773,0.13595008850097656,recon_dom_01_10
2329,,,,,,,,,,1.474249243736267,3.106687545776367,1.8169206380844116,4.5991058349609375,0.047727592289447784,0.009173037484288216,0.0,0.0,0.5385534763336182,0.23329313099384308,1.9862209558486938,0.14116452634334564,recon_dom_01_10
2330,,,,,,,,,,1.8510726690292358,4.1516618728637695,1.3201348781585693,6.015935897827148,0.04372087121009827,0.0,0.0,0.0,0.25174644589424133,0.2245446741580963,1.6256999969482422,0.14479579031467438,recon_dom_01_10
2331,,,,,,,,,,2.7851967811584473,0.2521932125091553,50.0,3.5373899936676025,0.3736896216869354,0.0,0.0,0.0,63.33442687988281,0.24159860610961914,74.90969848632812,0.1323843002319336,recon_dom_01_10
2332,,,,,,,,,,1.7197993993759155,0.30113744735717773,50.0,2.520936965942383,0.3959924280643463,0.0,0.0,0.0,76.35353088378906,0.22923918068408966,86.22737884521484,0.1435367316007614,recon_dom_01_10
2333,,,,,,,,,,2.6604576110839844,0.6575206518173218,14.332778930664062,3.461306095123291,0.1047489196062088,0.0,0.0,0.0,7.654545783996582,0.23410236835479736,12.234701156616211,0.13728687167167664,recon_dom_01_10
2334,,,,,,,,,,2.807555675506592,0.266758531332016,50.0,3.5743141174316406,0.44620317220687866,0.0,0.0,0.0,85.90443420410156,0.24150174856185913,99.71951293945312,0.13226905465126038,recon_dom_01_10
2335,,,,,,,,,,2.989872694015503,0.8197968602180481,8.655118942260742,3.8962206840515137,0.09694494307041168,0.0,0.0,0.0,4.10631799697876,0.23537251353263855,8.05339241027832,0.13843807578086853,recon_dom_01_10
2336,,,,0.0,0.0,50.0,100.0,100.0,100.0,1.6990370750427246,1.6788861751556396,3.365478754043579,3.4115779399871826,0.051460567861795425,0.0,0.0,0.0,1.3495515584945679,0.22801533341407776,3.44217848777771,0.14733782410621643,recon_dom_01_10
2337,,,,,,,,,,2.38499116897583,1.6799492835998535,3.697596549987793,4.101916313171387,0.07396207004785538,0.0,0.0,0.0,1.3231966495513916,0.23725619912147522,3.9347171783447266,0.13505291938781738,recon_dom_01_10
2338,,,,,,,,,,2.847677707672119,0.5900888442993164,9.74950885772705,3.535261631011963,0.11541144549846649,0.0,0.0,0.0,4.512388229370117,0.23622938990592957,9.245941162109375,0.13470220565795898,recon_dom_01_10
2339,,,,,,,,,,2.3763015270233154,1.136857271194458,6.5108842849731445,3.5782675743103027,0.08407075703144073,0.0,0.0,0.0,3.0137805938720703,0.22849902510643005,6.079033851623535,0.1438324749469757,recon_dom_01_10
2340,,,,,,,,,,2.042714834213257,0.2727406919002533,50.0,2.815455436706543,0.3081599771976471,0.0,0.0,0.0,52.570796966552734,0.23754818737506866,61.499229431152344,0.13570243120193481,recon_dom_01_10
2341,,,,,,,,,,1.068428635597229,5.785281181335449,0.8980907201766968,6.8626909255981445,0.04811461642384529,0.0,0.0,0.0,0.13095122575759888,0.22759507596492767,0.9782715439796448,0.1467110812664032,recon_dom_01_10
2342,,,,,,,,,,2.065056324005127,0.44899803400039673,18.463455200195312,2.6986889839172363,0.12263768911361694,0.0,0.0,0.0,10.20746898651123,0.23697665333747864,15.21104621887207,0.13575100898742676,recon_dom_01_10
2343,,,,,,,,,,2.8804519176483154,0.26722022891044617,50.0,3.647672176361084,0.4748596251010895,0.0,0.0,0.0,90.29713439941406,0.2424163520336151,105.9389877319336,0.13183072209358215,recon_dom_01_10
2344,,,,,,,,,,2.192006826400757,1.3942335844039917,3.5150415897369385,3.6213908195495605,0.08719487488269806,0.0,0.0,0.0,1.2321069240570068,0.2328459620475769,3.619816303253174,0.13767796754837036,recon_dom_01_10
2345,,,,,,,,,,2.3470373153686523,1.9736742973327637,2.377082347869873,4.344482421875,0.04794955253601074,0.0,0.0,0.0,0.7347903847694397,0.22644546627998352,2.730428695678711,0.14685148000717163,recon_dom_01_10
2346,,,,0.0,0.0,0.0,100.0,50.0,100.0,2.1528539657592773,0.3012401759624481,50.0,2.954094171524048,0.3135509490966797,0.0,0.0,0.0,52.28453826904297,0.2369055449962616,61.030792236328125,0.1357089877128601,recon_dom_01_10
2347,,,,,,,,,,2.0804107189178467,1.3494536876678467,3.7353122234344482,3.467217445373535,0.06479065120220184,0.0,0.0,0.0,1.3999388217926025,0.23323126137256622,3.9482696056365967,0.13962297141551971,recon_dom_01_10
2348,,,,,,,,,,2.0914297103881836,0.7266663312911987,7.2414984703063965,2.8905110359191895,0.0914870947599411,0.0,0.0,0.0,3.482236862182617,0.23598912358283997,6.528775691986084,0.13838699460029602,recon_dom_01_10
2349,,,,,,,,,,2.4887664318084717,0.26414933800697327,50.0,3.252915859222412,0.3139060437679291,0.0,0.0,0.0,52.257511138916016,0.23797383904457092,61.89955139160156,0.13423752784729004,recon_dom_01_10
2350,,,,,,,,,,2.7887325286865234,0.20879344642162323,50.0,3.497525930404663,1.0221117734909058,0.0,0.0,0.0,201.06991577148438,0.24074025452136993,221.9409942626953,0.1321612000465393,recon_dom_01_10
2351,,,,,,,,,,2.4660956859588623,0.7666378617286682,6.329226493835449,3.2960257530212402,0.06105225533246994,0.0,0.0,0.0,3.018050193786621,0.23457542061805725,5.936993598937988,0.1396021544933319,recon_dom_01_10
2352,,,,,,,,,,2.9656312465667725,0.5026949644088745,13.58555793762207,3.6041817665100098,0.10920904576778412,0.0,0.0,0.0,7.028096675872803,0.23575031757354736,11.948586463928223,0.13548719882965088,recon_dom_01_10
2353,,,,,,,,,,1.8076448440551758,2.780496120452881,1.640605092048645,4.604547023773193,0.05544567108154297,0.0,0.0,0.0,0.3548116981983185,0.23073051869869232,1.9429950714111328,0.13994531333446503,recon_dom_01_10
2354,,,,,,,,,,2.6425867080688477,0.3552091717720032,31.017581939697266,3.307971715927124,0.17347458004951477,0.0,0.0,0.0,17.727128982543945,0.23420265316963196,24.77202033996582,0.1364891529083252,recon_dom_01_10
2355,,,,,,,,,,3.094276189804077,0.30096039175987244,30.659196853637695,3.7018284797668457,0.18417546153068542,0.0,0.0,0.0,16.999786376953125,0.23924189805984497,25.40264892578125,0.13284075260162354,recon_dom_01_10
2356,,,,0.0,0.0,0.0,100.0,100.0,100.0,2.1251325607299805,0.29998040199279785,50.0,2.9251129627227783,0.22197416424751282,0.0,0.0,0.0,30.527807235717773,0.23815950751304626,38.477943420410156,0.1352664828300476,recon_dom_01_10
2357,,,,,,,,,,1.7896265983581543,0.38359126448631287,30.08440399169922,2.474061965942383,0.14312563836574554,0.0,0.0,0.0,17.66628646850586,0.23329535126686096,23.329858779907227,0.14230266213417053,recon_dom_01_10
2358,,,,,,,,,,2.0716042518615723,3.149592161178589,1.7235051393508911,5.238431453704834,0.05802537500858307,0.0,0.0,0.0,0.41014790534973145,0.23139870166778564,1.9719622135162354,0.14109382033348083,recon_dom_01_10
2359,,,,,,,,,,1.2835036516189575,3.725116491317749,2.004791736602783,5.02866792678833,0.06230369582772255,3.2688934879843146e-05,0.0,0.0,0.5658101439476013,0.23243045806884766,2.1800990104675293,0.14137953519821167,recon_dom_01_10
2360,,,,,,,,,,1.7934889793395996,0.251750111579895,50.0,2.545238971710205,0.45014017820358276,0.00019134694593958557,0.0,0.0,85.2061538696289,0.24155917763710022,97.2723159790039,0.13247083127498627,recon_dom_01_10
2361,,,,,,,,,,2.108747959136963,0.511069118976593,24.103622436523438,2.8608531951904297,0.13157492876052856,0.0,0.0,0.0,13.844635963439941,0.23103396594524384,19.127891540527344,0.14063644409179688,recon_dom_01_10
2362,,,,,,,,,,2.880840301513672,0.5860375165939331,17.440134048461914,3.6412792205810547,0.14034628868103027,0.0,0.0,0.0,8.961345672607422,0.2394809126853943,15.479728698730469,0.13243351876735687,recon_dom_01_10
2363,,,,,,,,,,2.3790154457092285,0.3845537006855011,39.812076568603516,3.1616899967193604,0.1743883192539215,0.0,0.0,0.0,23.408876419067383,0.23148101568222046,30.987802505493164,0.14213842153549194,recon_dom_01_10
2364,,,,,,,,,,1.6063287258148193,0.22630764544010162,50.0,2.3326363563537598,0.5678985118865967,0.0,0.0,0.0,116.08905792236328,0.2387692779302597,130.8606719970703,0.13733217120170593,recon_dom_01_10
2365,,,,,,,,,,1.9024910926818848,1.2300150394439697,6.029219627380371,3.192798376083374,0.06142393499612808,0.0,0.0,0.0,2.841787338256836,0.22888539731502533,5.685325622558594,0.14761283993721008,recon_dom_01_10
2366,,,,0.0,0.0,0.0,100.0,50.0,100.0,2.927016258239746,0.4907868206501007,18.419353485107422,3.601996660232544,0.12910287082195282,0.0,0.0,0.0,9.774223327636719,0.23705242574214935,15.924689292907715,0.13566255569458008,recon_dom_01_10
2367,,,,,,,,,,1.8269003629684448,1.0411930084228516,7.165952682495117,2.9397528171539307,0.07649321109056473,0.0,0.0,0.0,3.5200655460357666,0.22807422280311584,6.451540946960449,0.14843234419822693,recon_dom_01_10
2368,,,,,,,,,,2.716672420501709,0.5524450540542603,21.046581268310547,3.479583263397217,0.14971841871738434,0.0,0.0,0.0,11.394853591918945,0.23832428455352783,17.731956481933594,0.13322876393795013,recon_dom_01_10
2369,,,,,,,,,,2.0082573890686035,1.0608316659927368,10.893035888671875,3.1780195236206055,0.09255790710449219,0.0,0.0,0.0,5.562077522277832,0.23520833253860474,9.661819458007812,0.13738499581813812,recon_dom_01_10
2370,,,,,,,,,,2.714702606201172,0.5826403498649597,15.1681547164917,3.4490244388580322,0.1271992176771164,0.0,0.0,0.0,7.774652004241943,0.2394472062587738,13.440397262573242,0.13364149630069733,recon_dom_01_10
2371,,,,,,,,,,2.1818857192993164,0.24739988148212433,50.0,2.9292855262756348,0.4278929531574249,0.0,0.0,0.0,82.70732879638672,0.2372518926858902,94.94146728515625,0.1369018852710724,recon_dom_01_10
2372,,,,,,,,,,2.6446738243103027,0.2504465579986572,50.0,3.39512038230896,0.9093663692474365,0.0,0.0,0.0,190.8814697265625,0.23791223764419556,211.10572814941406,0.13369330763816833,recon_dom_01_10
2373,,,,,,,,,,3.072438955307007,0.31342142820358276,33.63728713989258,3.722233295440674,0.1749059557914734,0.0,0.0,0.0,19.194435119628906,0.23773962259292603,27.06242561340332,0.1333436816930771,recon_dom_01_10
2374,,,,,,,,,,2.508796215057373,0.26561054587364197,50.0,3.274406671524048,0.3269965648651123,0.0,0.0,0.0,55.93283462524414,0.24024823307991028,67.25861358642578,0.13389354944229126,recon_dom_01_10
2375,,,,,,,,,,1.7953355312347412,0.233677476644516,50.0,2.52901291847229,0.5939777493476868,0.0,0.0,0.0,122.45222473144531,0.23730245232582092,134.96163940429688,0.13727286458015442,recon_dom_01_10
2376,,,,0.0,0.0,0.0,50.0,50.0,0.0,2.74172306060791,0.610335648059845,20.162168502807617,3.553680419921875,0.12445975095033646,0.0,0.0,0.0,10.875839233398438,0.23724588751792908,17.25347328186035,0.13570794463157654,recon_dom_01_10
2377,,,,,,,,,,1.8003510236740112,0.2573673725128174,50.0,2.557718276977539,0.35066431760787964,0.0,0.0,0.0,66.5037841796875,0.23151586949825287,78.14501190185547,0.14025992155075073,recon_dom_01_10
2378,,,,,,,,,,2.948343276977539,0.28300315141677856,50.0,3.731346368789673,0.24579335749149323,0.0,0.0,0.0,35.00626754760742,0.23962515592575073,45.672096252441406,0.13265904784202576,recon_dom_01_10
2379,,,,,,,,,,2.712458372116089,0.43574100732803345,37.13253402709961,3.5195248126983643,0.20153456926345825,0.0,0.0,0.0,21.251501083374023,0.23983949422836304,29.67238998413086,0.13180750608444214,recon_dom_01_10
2380,,,,,,,,,,1.0591340065002441,6.871147155761719,1.220894455909729,7.942490100860596,0.05737096816301346,0.00022267375607043505,0.0,0.0,0.22085098922252655,0.2215718924999237,1.351504921913147,0.150562584400177,recon_dom_01_10
2381,,,,,,,,,,2.8154866695404053,0.43169301748275757,35.74319076538086,3.60461163520813,0.18585142493247986,0.0,0.0,0.0,20.51220703125,0.23902767896652222,28.52886390686035,0.13392949104309082,recon_dom_01_10
2382,,,,,,,,,,2.437096118927002,0.2136872112751007,50.0,3.1507833003997803,0.5533472299575806,0.0,0.0,0.0,109.21990203857422,0.23820073902606964,122.91592407226562,0.13348673284053802,recon_dom_01_10
2383,,,,,,,,,,1.4747042655944824,2.1681442260742188,8.239649772644043,3.7252449989318848,0.0829235389828682,2.9487321171473013e-06,0.0,0.0,4.042001247406006,0.2328699380159378,7.491429328918457,0.14026424288749695,recon_dom_01_10
2384,,,,,,,,,,1.6967065334320068,1.2363027334213257,10.592900276184082,3.038938283920288,0.08043370395898819,0.0,0.0,0.0,5.459470272064209,0.232066810131073,9.387688636779785,0.14209924638271332,recon_dom_01_10
2385,,,,,,,,,,0.502433180809021,12.995033264160156,0.6983088254928589,13.504449844360352,0.0313299186527729,1.1137432920804713e-05,0.0,0.0,0.08307832479476929,0.22925859689712524,0.842332124710083,0.14477846026420593,recon_dom_01_10
2386,,,,0.0,0.0,0.0,100.0,100.0,100.0,1.7089643478393555,2.2368457317352295,8.41575813293457,4.029967784881592,0.0894026905298233,0.0,0.0,0.0,3.991398572921753,0.23605495691299438,7.880340576171875,0.135705828666687,recon_dom_01_10
2387,,,,,,,,,,2.606508731842041,0.7195215225219727,27.809017181396484,3.6041204929351807,0.17033182084560394,0.0,0.0,0.0,15.712651252746582,0.23711736500263214,22.415061950683594,0.1346507966518402,recon_dom_01_10
2388,,,,,,,,,,1.2297933101654053,3.6694858074188232,2.7843410968780518,4.927122592926025,0.04817166551947594,0.010186425410211086,0.0,0.0,1.021203637123108,0.2323540598154068,2.9493627548217773,0.14175981283187866,recon_dom_01_10
2389,,,,,,,,,,1.2297760248184204,4.765461444854736,2.919827699661255,6.024435520172119,0.04812409728765488,0.0,0.0,0.0,1.0415043830871582,0.23204946517944336,3.20078706741333,0.1410427689552307,recon_dom_01_10
2390,,,,,,,,,,2.45458984375,0.43204307556152344,39.12997055053711,3.277932643890381,0.19814257323741913,0.0,0.0,0.0,22.868253707885742,0.23290659487247467,30.468273162841797,0.13578888773918152,recon_dom_01_10
2391,,,,,,,,,,1.5937604904174805,2.5326902866363525,4.703763008117676,4.173488616943359,0.09270919859409332,0.0,0.0,0.0,1.9287618398666382,0.23082831501960754,4.548716068267822,0.14014515280723572,recon_dom_01_10
2392,,,,,,,,,,2.674008846282959,0.5272653102874756,36.94289779663086,3.5707030296325684,0.20179709792137146,0.0,0.0,0.0,21.00188446044922,0.24238508939743042,29.789306640625,0.1313684731721878,recon_dom_01_10
2393,,,,,,,,,,2.328634738922119,0.919410765171051,13.988956451416016,3.387935161590576,0.11819848418235779,0.0,0.0,0.0,7.241844654083252,0.23882848024368286,12.237727165222168,0.1337282955646515,recon_dom_01_10
2394,,,,,,,,,,1.7200582027435303,0.9812601804733276,15.796426773071289,2.8592827320098877,0.1255473494529724,0.0,0.0,0.0,8.505287170410156,0.23592625558376312,13.252326011657715,0.1364818513393402,recon_dom_01_10
2395,,,,,,,,,,2.569321632385254,0.1961691975593567,50.0,3.265490770339966,1.2025129795074463,0.0,0.0,0.0,254.19351196289062,0.24419516324996948,278.2131652832031,0.12993989884853363,recon_dom_01_10
2396,,,,0.0,0.0,0.0,100.0,0.0,100.0,2.829096555709839,0.6402759552001953,25.85834503173828,3.7279560565948486,0.16265282034873962,0.0,0.0,0.0,14.049992561340332,0.23980355262756348,21.915733337402344,0.13242575526237488,recon_dom_01_10
2397,,,,,,,,,,0.7650749683380127,9.467180252075195,1.152836561203003,10.243783950805664,0.03953183442354202,0.0,0.0,0.0,0.2247614860534668,0.2334478497505188,1.386218786239624,0.1396169364452362,recon_dom_01_10
2398,,,,,,,,,,2.87165904045105,0.7526618838310242,12.98746109008789,3.75419545173645,0.11415474116802216,0.0,0.0,0.0,6.569470405578613,0.23486919701099396,11.620293617248535,0.13582994043827057,recon_dom_01_10
2399,,,,,,,,,,1.3676433563232422,3.691434621810913,2.561460494995117,5.084692478179932,0.061564382165670395,0.0,0.0,0.0,0.7706335783004761,0.23440271615982056,2.8917360305786133,0.1369660198688507,recon_dom_01_10
2400,,,,,,,,,,2.160734176635742,1.449247121810913,7.697754383087158,3.6869587898254395,0.07769549638032913,0.0,0.0,0.0,3.69303035736084,0.23017175495624542,7.158181190490723,0.14138543605804443,recon_dom_01_10
2401,,,,,,,,,,1.8575282096862793,0.8073253035545349,10.738682746887207,2.772240400314331,0.09380775690078735,0.0,0.0,0.0,5.572888374328613,0.2374037653207779,9.318696975708008,0.13666856288909912,recon_dom_01_10
2402,,,,,,,,,,2.4291038513183594,1.1246672868728638,10.137993812561035,3.655151128768921,0.09102751314640045,0.0,0.0,0.0,4.996257305145264,0.23543378710746765,9.298583984375,0.13763229548931122,recon_dom_01_10
2403,,,,,,,,,,1.604471206665039,1.8145588636398315,3.66552996635437,3.4556853771209717,0.059057801961898804,0.0,0.0,0.0,1.486095666885376,0.23078371584415436,3.6938016414642334,0.14165790379047394,recon_dom_01_10
2404,,,,,,,,,,3.2034144401550293,0.35830727219581604,27.972412109375,3.8414459228515625,0.15289977192878723,0.0,0.0,0.0,15.726819038391113,0.2385575920343399,22.88730812072754,0.1358383297920227,recon_dom_01_10
2405,,,,,,,,,,2.6248199939727783,0.3848970830440521,41.83803176879883,3.4280974864959717,0.1807873547077179,0.0,0.0,0.0,24.664997100830078,0.23862016201019287,32.46335983276367,0.13559187948703766,recon_dom_01_10
2406,,,,0.0,0.0,0.0,100.0,100.0,100.0,1.8145956993103027,0.4981534779071808,18.483705520629883,2.497586250305176,0.12812450528144836,0.0,0.0,0.0,10.249457359313965,0.2329494059085846,15.1126708984375,0.13995690643787384,recon_dom_01_10
2407,,,,,,,,,,2.789414882659912,0.8846794366836548,12.637837409973145,3.8004727363586426,0.09731622040271759,0.0,0.0,0.0,6.510650157928467,0.23914793133735657,11.206598281860352,0.13392414152622223,recon_dom_01_10
2408,,,,,,,,,,1.6478595733642578,1.9285497665405273,3.585418224334717,3.6122634410858154,0.055506303906440735,0.0,0.0,0.0,1.4895071983337402,0.22669118642807007,3.5615222454071045,0.14949241280555725,recon_dom_01_10
2409,,,,,,,,,,2.1399314403533936,1.2358520030975342,6.478883266448975,3.4405722618103027,0.07668467611074448,0.0,0.0,0.0,3.051004409790039,0.23391541838645935,6.014275550842285,0.13926047086715698,recon_dom_01_10
2410,,,,,,,,,,1.7043160200119019,0.25021567940711975,50.0,2.454531669616699,0.24152778089046478,0.0,0.0,0.0,40.50324630737305,0.23538872599601746,48.71329879760742,0.14160124957561493,recon_dom_01_10
2411,,,,,,,,,,2.1660237312316895,0.47172242403030396,16.552701950073242,2.8032732009887695,0.10141611099243164,0.0,0.0,0.0,9.091777801513672,0.22717654705047607,13.833267211914062,0.14493995904922485,recon_dom_01_10
2412,,,,,,,,,,3.203388214111328,0.34858471155166626,17.144487380981445,3.7234177589416504,0.11819341033697128,0.0,0.0,0.0,9.084216117858887,0.2376600205898285,14.864179611206055,0.13448849320411682,recon_dom_01_10
2413,,,,,,,,,,2.9818406105041504,0.23539873957633972,50.0,3.7172393798828125,0.30501288175582886,0.0,0.0,0.0,38.170814514160156,0.24189676344394684,49.90667724609375,0.13076622784137726,recon_dom_01_10
2414,,,,,,,,,,2.164472818374634,2.13301420211792,2.392942428588867,4.32141637802124,0.07806605100631714,0.0,0.0,0.0,0.6408992409706116,0.23581531643867493,2.649179458618164,0.13541662693023682,recon_dom_01_10
2415,,,,,,,,,,1.6304177045822144,2.6093826293945312,1.9615174531936646,4.259415626525879,0.061210960149765015,0.0,0.0,0.0,0.548736572265625,0.22973410785198212,2.139267683029175,0.14118850231170654,recon_dom_01_10
2416,,,,0.0,0.0,0.0,100.0,50.0,100.0,2.804729461669922,0.640975832939148,8.52273941040039,3.530932664871216,0.09956061840057373,0.0,0.0,0.0,3.976128578186035,0.2375563383102417,8.02308177947998,0.13511455059051514,recon_dom_01_10
2417,,,,,,,,,,2.686444044113159,0.7197297811508179,8.41563606262207,3.490330219268799,0.09197977185249329,0.0,0.0,0.0,3.9467430114746094,0.23268234729766846,7.94412899017334,0.13661935925483704,recon_dom_01_10
2418,,,,,,,,,,2.559497356414795,0.2583061158657074,50.0,3.317803382873535,0.23425239324569702,0.0,0.0,0.0,34.700660705566406,0.23542723059654236,42.7774772644043,0.13671016693115234,recon_dom_01_10
2419,,,,,,,,,,2.8743255138397217,0.19499103724956512,50.0,3.5693166255950928,0.36261820793151855,0.0,0.0,0.0,61.67593765258789,0.23882120847702026,73.6385498046875,0.13426509499549866,recon_dom_01_10
2420,,,,,,,,,,3.0708281993865967,0.23815926909446716,32.875125885009766,3.6377387046813965,0.19245542585849762,0.0,0.0,0.0,18.51874542236328,0.2407960444688797,26.713624954223633,0.1321088820695877,recon_dom_01_10
2421,,,,,,,,,,2.1386477947235107,0.7661697268486023,9.45800495147705,2.9993975162506104,0.07282110303640366,0.0,0.0,0.0,4.931124687194824,0.23430293798446655,8.25073528289795,0.13976940512657166,recon_dom_01_10
2422,,,,,,,,,,3.008556842803955,0.20919819176197052,46.39870071411133,3.681741952896118,0.21854141354560852,0.0,0.0,0.0,27.094398498535156,0.2404089868068695,36.3486213684082,0.1324392855167389,recon_dom_01_10
2423,,,,,,,,,,2.0568275451660156,0.22161857783794403,50.0,2.7784461975097656,1.3174846172332764,0.0,0.0,0.0,290.3463439941406,0.23506751656532288,310.9214172363281,0.13660818338394165,recon_dom_01_10
2424,,,,,,,,,,1.9531677961349487,0.24382229149341583,50.0,2.6969900131225586,0.36301887035369873,0.0,0.0,0.0,70.16371154785156,0.23821066319942474,81.05834197998047,0.13502274453639984,recon_dom_01_10
2425,,,,,,,,,,2.279362678527832,0.2048964947462082,50.0,2.9842591285705566,0.3440116047859192,0.0,0.0,0.0,65.12104797363281,0.23572787642478943,74.93260955810547,0.13592687249183655,recon_dom_01_10
2426,,,,0.0,0.0,0.0,100.0,100.0,50.0,1.2745096683502197,4.546933650970459,1.2647905349731445,5.8340911865234375,0.06608670204877853,0.0,0.0,0.0,0.20999625325202942,0.22981122136116028,1.3742538690567017,0.14252683520317078,recon_dom_01_10
2427,,,,,,,,,,1.6684551239013672,4.218085289001465,1.5491054058074951,5.902031421661377,0.08711978793144226,0.0,0.0,0.0,0.2563815414905548,0.22948138415813446,1.639974594116211,0.1418953835964203,recon_dom_01_10
2428,,,,,,,,,,2.174818754196167,0.41188281774520874,29.43512535095215,2.8810527324676514,0.16273576021194458,0.0,0.0,0.0,16.658058166503906,0.2354176640510559,23.85227394104004,0.13710744678974152,recon_dom_01_10
2429,,,,,,,,,,1.9947160482406616,1.330788254737854,6.098641395568848,3.386490821838379,0.06992778927087784,0.0002750059647951275,0.0,0.0,2.837392807006836,0.2273295521736145,5.748132705688477,0.14535173773765564,recon_dom_01_10
2430,,,,,,,,,,1.1190552711486816,4.763184070587158,1.5576682090759277,5.897816181182861,0.06983517110347748,0.009998536668717861,0.0,0.0,0.3551250994205475,0.22606322169303894,1.6116446256637573,0.14940178394317627,recon_dom_01_10
2431,,,,,,,,,,1.9076675176620483,2.2462642192840576,4.116220474243164,4.195094108581543,0.07708685845136642,0.0,0.0,0.0,1.5312443971633911,0.2351585328578949,4.324769020080566,0.13641609251499176,recon_dom_01_10
2432,,,,,,,,,,1.8354623317718506,1.2174267768859863,6.4724273681640625,3.1176133155822754,0.09486813098192215,0.0,0.0,0.0,2.932659387588501,0.23305605351924896,6.056466579437256,0.13888724148273468,recon_dom_01_10
2433,,,,,,,,,,1.673219084739685,2.8808677196502686,1.8062255382537842,4.572149276733398,0.04590526968240738,0.0,0.0,0.0,0.5417997241020203,0.22901761531829834,1.994891881942749,0.14551806449890137,recon_dom_01_10
2434,,,,,,,,,,2.0000455379486084,0.6154018640518188,16.826797485351562,2.7837154865264893,0.12545055150985718,0.0,0.0,0.0,9.260986328125,0.23873959481716156,13.802410125732422,0.134800523519516,recon_dom_01_10
2435,,,,,,,,,,2.9962289333343506,0.5360477566719055,13.652856826782227,3.6688053607940674,0.12167106568813324,0.0,0.0,0.0,6.823655128479004,0.23784586787223816,12.367286682128906,0.13418135046958923,recon_dom_01_10
2436,,,,0.0,0.0,0.0,100.0,100.0,50.0,2.7346274852752686,0.7402012348175049,7.747507095336914,3.5523037910461426,0.09258400648832321,0.0,0.0,0.0,3.549459934234619,0.23496197164058685,7.396085739135742,0.1358841061592102,recon_dom_01_10
2437,,,,,,,,,,2.0999577045440674,1.9670771360397339,4.009445667266846,4.107129096984863,0.06413283944129944,0.0,0.0,0.0,1.4985740184783936,0.23029977083206177,4.3066086769104,0.13873088359832764,recon_dom_01_10
2438,,,,,,,,,,2.3856637477874756,1.107712745666504,3.8123035430908203,3.5314996242523193,0.08650536835193634,0.0,0.0,0.0,1.343770980834961,0.23494519293308258,3.99733829498291,0.1384211778640747,recon_dom_01_10
2439,,,,,,,,,,2.935553550720215,0.1997583657503128,50.0,3.6353118419647217,0.5905641317367554,0.0,0.0,0.0,116.07904052734375,0.24270987510681152,132.7911834716797,0.13132891058921814,recon_dom_01_10
2440,,,,,,,,,,2.658461570739746,0.21525216102600098,50.0,3.373713731765747,0.3365262746810913,0.0,0.0,0.0,59.04061508178711,0.23899787664413452,70.5281982421875,0.13279014825820923,recon_dom_01_10
2441,,,,,,,,,,3.1467761993408203,0.28842708468437195,21.63986587524414,3.651602029800415,0.1494165062904358,0.0,0.0,0.0,11.74743366241455,0.23935124278068542,18.21608543395996,0.1337173879146576,recon_dom_01_10
2442,,,,,,,,,,2.3221940994262695,1.8296955823898315,3.793039321899414,4.189820289611816,0.07269585132598877,0.0,0.0,0.0,1.3311967849731445,0.23590224981307983,4.122189521789551,0.13678313791751862,recon_dom_01_10
2443,,,,,,,,,,2.326658010482788,0.2230181246995926,50.0,3.0496761798858643,0.44920456409454346,0.0,0.0,0.0,88.56011962890625,0.23774875700473785,101.01214599609375,0.13429325819015503,recon_dom_01_10
2444,,,,,,,,,,2.9177510738372803,0.18864859640598297,50.0,3.6063997745513916,1.0033398866653442,0.0,0.0,0.0,217.40696716308594,0.2412814199924469,237.34112548828125,0.1320655643939972,recon_dom_01_10
2445,,,,,,,,,,2.9811511039733887,0.19972054660320282,50.0,3.6808717250823975,0.8088362812995911,0.0,0.0,0.0,172.29603576660156,0.24041688442230225,190.14073181152344,0.1322980523109436,recon_dom_01_10
2446,,,,0.0,0.0,0.0,100.0,50.0,50.0,3.2599732875823975,0.37541115283966064,25.6951961517334,3.892336368560791,0.1504766345024109,0.0,0.0,0.0,13.866313934326172,0.2399277687072754,22.078327178955078,0.13343411684036255,recon_dom_01_10
2447,,,,,,,,,,3.137721061706543,0.40958094596862793,15.552278518676758,3.702824831008911,0.13644535839557648,0.0,0.0,0.0,7.8767194747924805,0.23914015293121338,13.912338256835938,0.13248224556446075,recon_dom_01_10
2448,,,,,,,,,,2.851874828338623,0.5908276438713074,13.527832984924316,3.5779807567596436,0.13412058353424072,0.0,0.0,0.0,6.7365641593933105,0.2401617169380188,12.166848182678223,0.13225623965263367,recon_dom_01_10
2449,,,,,,,,,,2.864725112915039,1.1014413833618164,4.952388286590576,4.015690326690674,0.06342162191867828,0.0,0.0,0.0,2.0863587856292725,0.2336944043636322,5.02309513092041,0.14004471898078918,recon_dom_01_10
2450,,,,,,,,,,2.7307193279266357,0.23219417035579681,50.0,3.4629135131835938,0.3698185682296753,0.0,0.0,0.0,62.49889373779297,0.23914635181427002,72.50091552734375,0.13327933847904205,recon_dom_01_10
2451,,,,,,,,,,2.52646803855896,0.7688495516777039,6.51108455657959,3.3604283332824707,0.09028985351324081,0.0,0.0,0.0,2.8378987312316895,0.2321065068244934,6.3694281578063965,0.1381205916404724,recon_dom_01_10
2452,,,,,,,,,,2.6073787212371826,0.6547036170959473,7.963454246520996,3.341716766357422,0.10983734577894211,0.0,0.0,0.0,3.6153011322021484,0.23495320975780487,7.523860454559326,0.1354089379310608,recon_dom_01_10
2453,,,,,,,,,,2.582538604736328,0.20966602861881256,50.0,3.2922046184539795,1.0921906232833862,0.0,0.0,0.0,238.83445739746094,0.2352364957332611,256.06085205078125,0.1347721964120865,recon_dom_01_10
2454,,,,,,,,,,2.8652758598327637,0.32449671626091003,37.03635787963867,3.560136079788208,0.19892287254333496,0.0,0.0,0.0,21.596689224243164,0.2380504459142685,28.815719604492188,0.13389502465724945,recon_dom_01_10
2455,,,,,,,,,,3.031064748764038,0.4847664535045624,14.441079139709473,3.6602420806884766,0.1290915608406067,0.0,0.0,0.0,7.3000993728637695,0.23492330312728882,12.916976928710938,0.1354091763496399,recon_dom_01_10
2456,,,,0.0,0.0,0.0,100.0,100.0,50.0,2.648906707763672,0.2226685732603073,50.0,3.371575355529785,0.7055787444114685,0.0,0.0,0.0,142.87127685546875,0.2386779487133026,158.70877075195312,0.13480451703071594,recon_dom_01_10
2457,,,,,,,,,,3.0934083461761475,0.42090120911598206,25.255279541015625,3.766862392425537,0.1517183482646942,0.0,0.0,0.0,14.06198501586914,0.23609507083892822,20.795211791992188,0.13489305973052979,recon_dom_01_10
2458,,,,,,,,,,2.8413195610046387,0.5811645984649658,12.945228576660156,3.551936388015747,0.13260246813297272,0.0,0.0,0.0,6.456009864807129,0.2370128333568573,11.577983856201172,0.1351287066936493,recon_dom_01_10
2459,,,,,,,,,,1.5115642547607422,3.5803308486938477,1.9316294193267822,5.11121129989624,0.058786969631910324,0.0,0.0,0.0,0.5160864591598511,0.230289027094841,2.168734073638916,0.14212177693843842,recon_dom_01_10
2460,,,,,,,,,,2.532846212387085,0.5721970796585083,19.057729721069336,3.2956206798553467,0.12009322643280029,0.0,0.0,0.0,10.457744598388672,0.23643210530281067,15.924768447875977,0.13491325080394745,recon_dom_01_10
2461,,,,,,,,,,2.1091694831848145,2.194993257522583,2.811694860458374,4.332279682159424,0.06619665771722794,0.0,0.0,0.0,0.8587424159049988,0.2335570603609085,3.169828414916992,0.13699185848236084,recon_dom_01_10
2462,,,,,,,,,,2.9374608993530273,0.26236656308174133,50.0,3.6998274326324463,0.33768656849861145,0.0,0.0,0.0,50.947792053222656,0.24223774671554565,65.49807739257812,0.13091489672660828,recon_dom_01_10
2463,,,,,,,,,,2.0731301307678223,0.3304131329059601,50.0,2.90354323387146,0.2958182990550995,0.0,0.0,0.0,49.54875564575195,0.2374618649482727,58.94417190551758,0.13524535298347473,recon_dom_01_10
2464,,,,,,,,,,1.9550280570983887,0.7673254013061523,15.280465126037598,2.8751580715179443,0.11967438459396362,0.0,0.0,0.0,8.191597938537598,0.23358458280563354,12.906648635864258,0.13813555240631104,recon_dom_01_10
2465,,,,,,,,,,2.7826976776123047,0.2943057417869568,50.0,3.5770034790039062,0.2398785501718521,0.0,0.0,0.0,33.51707458496094,0.24083197116851807,43.03269958496094,0.13227981328964233,recon_dom_01_10
2466,,,,0.0,0.0,0.0,100.0,100.0,100.0,2.6559641361236572,0.462329238653183,31.464712142944336,3.4329404830932617,0.16010276973247528,0.0,0.0,0.0,18.194583892822266,0.2348318099975586,24.864776611328125,0.13740921020507812,recon_dom_01_10
2467,,,,,,,,,,1.5328086614608765,2.608718156814575,2.9392552375793457,4.170919418334961,0.05394649878144264,0.0,0.0,0.0,1.023463249206543,0.22774973511695862,3.217510223388672,0.1452942192554474,recon_dom_01_10
2468,,,,,,,,,,1.552600383758545,0.2870834171772003,50.0,2.339683771133423,0.35489609837532043,0.0,0.0,0.0,73.093505859375,0.23541507124900818,82.86333465576172,0.14181417226791382,recon_dom_01_10
2469,,,,,,,,,,2.800161361694336,0.27341195940971375,50.0,3.573573350906372,0.3868999481201172,0.0,0.0,0.0,65.52111053466797,0.24217993021011353,79.27104187011719,0.13183632493019104,recon_dom_01_10
2470,,,,,,,,,,2.297795057296753,1.571529746055603,6.224884986877441,3.9315736293792725,0.0978035032749176,0.0,0.0,0.0,2.5854763984680176,0.23474575579166412,6.22658634185791,0.136231929063797,recon_dom_01_10
2471,,,,,,,,,,1.0594650506973267,4.542126178741455,1.6924608945846558,5.618515968322754,0.04159102588891983,0.0,0.0,0.0,0.5377358198165894,0.22804594039916992,1.8186588287353516,0.1463594287633896,recon_dom_01_10
2472,,,,,,,,,,2.699751615524292,0.45838049054145813,35.42329025268555,3.5123651027679443,0.18524503707885742,0.0,0.0,0.0,20.367694854736328,0.23916706442832947,28.18419647216797,0.1335609257221222,recon_dom_01_10
2473,,,,,,,,,,1.4504592418670654,2.2573494911193848,4.349090576171875,3.7512996196746826,0.0703609436750412,0.0,0.0,0.0,1.7714519500732422,0.22555674612522125,4.377652645111084,0.14451810717582703,recon_dom_01_10
2474,,,,,,,,,,0.8339018225669861,8.997712135314941,1.0136204957962036,9.841750144958496,0.059366513043642044,0.0,0.0,0.0,0.13357818126678467,0.22629068791866302,1.0919759273529053,0.14592769742012024,recon_dom_01_10
2475,,,,,,,,,,1.3990542888641357,4.792100429534912,2.0514941215515137,6.211669445037842,0.07033701986074448,0.0,0.0,0.0,0.5067297220230103,0.23146513104438782,2.31179141998291,0.14036893844604492,recon_dom_01_10
2476,,,,0.0,0.0,0.0,100.0,100.0,100.0,1.68944251537323,1.98310124874115,6.460407733917236,3.737147808074951,0.07216537743806839,0.0,0.0,0.0,3.001063823699951,0.23062440752983093,6.122649669647217,0.14129994809627533,recon_dom_01_10
2477,,,,,,,,,,1.6814920902252197,2.0458505153656006,4.436723232269287,3.77170991897583,0.05588578060269356,0.0,0.0,0.0,1.943097710609436,0.22953473031520844,4.353681564331055,0.1440238654613495,recon_dom_01_10
2478,,,,,,,,,,1.1884890794754028,4.564322471618652,1.6474425792694092,5.769286155700684,0.05568571388721466,0.0,0.0,0.0,0.34695595502853394,0.23177258670330048,1.9698190689086914,0.13971303403377533,recon_dom_01_10
2479,,,,,,,,,,2.2493577003479004,1.8079934120178223,7.330234527587891,4.130653381347656,0.0921124666929245,0.0,0.0,0.0,3.148379325866699,0.23797735571861267,7.3680925369262695,0.1344868540763855,recon_dom_01_10
2480,,,,,,,,,,1.983741044998169,2.821256637573242,3.8955631256103516,4.8439531326293945,0.0627688616514206,0.0,0.0,0.0,1.4186897277832031,0.23234334588050842,4.252084732055664,0.13752295076847076,recon_dom_01_10
2481,,,,,,,,,,1.5837348699569702,1.7181206941604614,6.049924850463867,3.3623547554016113,0.06822168827056885,0.0,0.0,0.0,2.7624592781066895,0.23517866432666779,5.8175458908081055,0.14065924286842346,recon_dom_01_10
2482,,,,,,,,,,2.1304116249084473,0.673740565776825,12.227088928222656,2.9264230728149414,0.11314669251441956,0.0,0.0,0.0,6.329946994781494,0.2338143289089203,10.588479042053223,0.13788095116615295,recon_dom_01_10
2483,,,,,,,,,,2.2927098274230957,2.1451499462127686,5.082667827606201,4.488686561584473,0.08410067111253738,0.0,0.0,0.0,2.072608709335327,0.23161911964416504,5.104398727416992,0.141946941614151,recon_dom_01_10
2484,,,,,,,,,,1.9336426258087158,0.39301204681396484,39.34076690673828,2.720062255859375,0.1563836932182312,0.005850700195878744,0.0,0.0,23.525863647460938,0.22325479984283447,29.978721618652344,0.1545056700706482,recon_dom_01_10
2485,,,,,,,,,,2.919325351715088,0.277129590511322,50.0,3.6964550018310547,0.3242211639881134,0.0,0.0,0.0,48.819515228271484,0.24137550592422485,62.272003173828125,0.13129933178424835,recon_dom_01_10
2486,,,,0.0,0.0,0.0,100.0,100.0,50.0,1.8119124174118042,1.2409136295318604,6.165117263793945,3.1144771575927734,0.08125471323728561,0.0,0.0,0.0,2.8762500286102295,0.22574517130851746,5.6900858879089355,0.1497603952884674,recon_dom_01_10
2487,,,,,,,,,,2.1034445762634277,0.3364667296409607,50.0,2.939911365509033,0.239325150847435,0.0,0.0,0.0,34.89389419555664,0.2353059947490692,43.22102737426758,0.1369372457265854,recon_dom_01_10
2488,,,,,,,,,,2.243098258972168,0.8806073665618896,14.413057327270508,3.267836093902588,0.12190356850624084,0.0,0.0,0.0,7.67469596862793,0.23948703706264496,12.183201789855957,0.1329309642314911,recon_dom_01_10
2489,,,,,,,,,,2.567389488220215,0.787934422492981,10.068418502807617,3.456008195877075,0.09599876403808594,0.0,0.0,0.0,4.8751325607299805,0.23878708481788635,9.351846694946289,0.13489791750907898,recon_dom_01_10
2490,,,,,,,,,,2.082559585571289,1.5627121925354004,2.879918098449707,3.6740710735321045,0.07110896706581116,0.0,0.0,0.0,0.9307456612586975,0.22484683990478516,3.113891124725342,0.14197467267513275,recon_dom_01_10
2491,,,,,,,,,,1.6025480031967163,4.676863670349121,1.6015279293060303,6.295426845550537,0.04557759314775467,0.0,0.0,0.0,0.3610168397426605,0.23471960425376892,1.9507118463516235,0.13795223832130432,recon_dom_01_10
2492,,,,,,,,,,2.758479118347168,0.24002106487751007,50.0,3.498500108718872,0.5390509366989136,0.0,0.0,0.0,105.8161392211914,0.24266153573989868,121.51087188720703,0.1313329041004181,recon_dom_01_10
2493,,,,,,,,,,3.0583999156951904,0.298790842294693,43.249122619628906,3.789681911468506,0.2115558385848999,0.0,0.0,0.0,24.766887664794922,0.2419777512550354,34.77422332763672,0.13146597146987915,recon_dom_01_10
2494,,,,,,,,,,2.7810721397399902,0.24535386264324188,50.0,3.526426076889038,0.38374173641204834,0.0,0.0,0.0,68.009033203125,0.2406303882598877,79.75406646728516,0.1316845715045929,recon_dom_01_10
2495,,,,,,,,,,1.9551523923873901,2.895918130874634,1.9547643661499023,4.8706183433532715,0.06240546703338623,0.0,0.0,0.0,0.4732058048248291,0.2347286343574524,2.2647347450256348,0.1369093656539917,recon_dom_01_10
2496,,,,0.0,0.0,0.0,100.0,50.0,100.0,2.7742466926574707,0.3408645987510681,42.978763580322266,3.5448989868164062,0.19380740821361542,0.0,0.0,0.0,25.1884765625,0.2388908863067627,33.568050384521484,0.13332200050354004,recon_dom_01_10
2497,,,,,,,,,,1.7281842231750488,0.21977552771568298,50.0,2.4479596614837646,0.9087210297584534,0.0,0.0,0.0,192.11834716796875,0.2345173954963684,207.94140625,0.13938957452774048,recon_dom_01_10
2498,,,,,,,,,,2.433436393737793,0.2512952387332916,50.0,3.1847317218780518,1.1042560338974,0.0,0.0,0.0,238.9801025390625,0.23933863639831543,255.35733032226562,0.13394930958747864,recon_dom_01_10
2499,,,,,,,,,,2.036050796508789,1.9172707796096802,4.772848129272461,4.001049995422363,0.07401564717292786,0.0,0.0,0.0,2.0026488304138184,0.2345384955406189,4.725616455078125,0.13858774304389954,recon_dom_01_10
2500,,,,,,,,,,2.0226597785949707,1.399620771408081,3.5581631660461426,3.457862138748169,0.08929745852947235,0.0,0.0,0.0,1.2447501420974731,0.23499023914337158,3.65960955619812,0.13622033596038818,recon_dom_01_10
2501,,,,,,,,,,1.9452574253082275,1.8949596881866455,3.6771039962768555,3.876988172531128,0.05308600887656212,0.0,0.0,0.0,1.510917067527771,0.2297564446926117,3.726729393005371,0.14416778087615967,recon_dom_01_10
2502,,,,,,,,,,2.2867727279663086,0.7827867269515991,8.653764724731445,3.156097173690796,0.09525524079799652,0.0,0.0,0.0,4.1551690101623535,0.23615816235542297,7.970101833343506,0.1365201473236084,recon_dom_01_10
2503,,,,,,,,,,3.0163698196411133,0.3929617404937744,22.75213623046875,3.636852979660034,0.1566675454378128,0.0,0.0,0.0,12.270036697387695,0.24042436480522156,19.322860717773438,0.13290266692638397,recon_dom_01_10
2504,,,,,,,,,,3.01800799369812,0.47145015001296997,19.23479461669922,3.6818060874938965,0.11725364625453949,0.0,0.0,0.0,10.394723892211914,0.23941168189048767,16.432716369628906,0.1350248157978058,recon_dom_01_10
2505,,,,,,,,,,2.9734740257263184,0.3694705069065094,35.74225616455078,3.7003672122955322,0.19798296689987183,0.0,0.0,0.0,20.356613159179688,0.24114501476287842,28.716808319091797,0.13207170367240906,recon_dom_01_10
2506,,,,0.0,0.0,0.0,100.0,100.0,100.0,2.7776966094970703,1.041778802871704,7.90988302230835,3.8985743522644043,0.08146174997091293,0.0,0.0,0.0,3.6465935707092285,0.2345891296863556,7.6375226974487305,0.13760143518447876,recon_dom_01_10
2507,,,,,,,,,,2.162722587585449,0.8415108919143677,12.163336753845215,3.1258668899536133,0.09206040948629379,0.0,0.0,0.0,6.324527740478516,0.23512890934944153,10.682621002197266,0.13684523105621338,recon_dom_01_10
2508,,,,,,,,,,2.2475109100341797,1.0077571868896484,9.462730407714844,3.349895477294922,0.0843953937292099,0.0,0.0,0.0,4.7263007164001465,0.2343672513961792,8.554561614990234,0.13734962046146393,recon_dom_01_10
2509,,,,,,,,,,1.8765387535095215,0.3557319641113281,50.0,2.7322707176208496,0.1867198497056961,0.0,0.0,0.0,30.589353561401367,0.23493346571922302,38.29971694946289,0.14225608110427856,recon_dom_01_10
2510,,,,,,,,,,2.615603446960449,0.33865535259246826,50.0,3.454258918762207,0.2242685854434967,0.0,0.0,0.0,36.913414001464844,0.23744529485702515,45.58076477050781,0.1358281821012497,recon_dom_01_10
2511,,,,,,,,,,1.0218970775604248,7.819683074951172,1.054579734802246,8.852126121520996,0.024359190836548805,0.0,0.0,0.0,0.24849660694599152,0.2296590954065323,1.2928471565246582,0.14897701144218445,recon_dom_01_10
2512,,,,,,,,,,2.8844056129455566,0.613918662071228,13.162379264831543,3.629948139190674,0.10305769741535187,0.0,0.0,0.0,6.654621124267578,0.23551517724990845,11.910673141479492,0.13581182062625885,recon_dom_01_10
2513,,,,,,,,,,1.27327299118042,7.133057117462158,0.9390430450439453,8.41572093963623,0.043919797986745834,0.0,0.0,0.0,0.12858088314533234,0.23120608925819397,1.1069538593292236,0.14265677332878113,recon_dom_01_10
2514,,,,,,,,,,2.167224407196045,0.5013833045959473,28.346004486083984,2.9520678520202637,0.1501048058271408,0.0,0.0,0.0,16.511707305908203,0.23808589577674866,22.093111038208008,0.13407614827156067,recon_dom_01_10
2515,,,,,,,,,,2.706073522567749,0.28770706057548523,50.0,3.4937806129455566,0.31558918952941895,0.0,0.0,0.0,55.44207763671875,0.23978623747825623,67.20616912841797,0.13435068726539612,recon_dom_01_10
2516,,,,0.0,0.0,0.0,100.0,100.0,100.0,2.304884672164917,1.7907220125198364,3.188851833343506,4.127495288848877,0.057765960693359375,0.0,0.0,0.0,1.1585601568222046,0.2331194281578064,3.4087233543395996,0.13788330554962158,recon_dom_01_10
2517,,,,,,,,,,2.2035841941833496,1.1913630962371826,7.732953071594238,3.4722769260406494,0.07465561479330063,0.0,0.0,0.0,3.7487308979034424,0.23212432861328125,7.1473870277404785,0.14038117229938507,recon_dom_01_10
2518,,,,,,,,,,2.689667224884033,0.2624310255050659,50.0,3.4520983695983887,0.28279295563697815,0.0,0.0,0.0,46.420345306396484,0.23850882053375244,56.74049377441406,0.1329626441001892,recon_dom_01_10
2519,,,,,,,,,,2.0822086334228516,1.6947346925735474,4.341582775115967,3.820359230041504,0.07280606031417847,0.0,0.0,0.0,1.6357630491256714,0.23254528641700745,4.6097540855407715,0.13657820224761963,recon_dom_01_10
2520,,,,,,,,,,1.2595336437225342,4.356892108917236,1.9169032573699951,5.635594844818115,0.056823596358299255,0.0,0.0,0.0,0.4984548091888428,0.22895598411560059,2.1942837238311768,0.14293184876441956,recon_dom_01_10
2521,,,,,,,,,,3.026862144470215,0.5024237036705017,15.44510269165039,3.683736801147461,0.12972038984298706,0.0,0.0,0.0,8.058303833007812,0.2366730272769928,13.401851654052734,0.1360328495502472,recon_dom_01_10
2522,,,,,,,,,,1.5933771133422852,4.588733673095703,1.2918009757995605,6.195028781890869,0.03986332193017006,0.0,0.0,0.0,0.25939133763313293,0.23209410905838013,1.5917319059371948,0.14017701148986816,recon_dom_01_10
2523,,,,,,,,,,2.761777400970459,0.23005522787570953,50.0,3.491832733154297,0.4208201467990875,0.0,0.0,0.0,74.2317123413086,0.24112924933433533,87.43614959716797,0.13136297464370728,recon_dom_01_10
2524,,,,,,,,,,2.2556049823760986,1.8690969944000244,4.304274559020996,4.1677446365356445,0.08280839025974274,0.0,0.0,0.0,1.6019574403762817,0.23171661794185638,4.5023345947265625,0.1393636167049408,recon_dom_01_10
2525,,,,,,,,,,1.9904825687408447,0.26609182357788086,50.0,2.7565743923187256,0.35826829075813293,0.0,0.0,0.0,64.58771514892578,0.23749738931655884,75.0814437866211,0.13615959882736206,recon_dom_01_10
2526,,,,0.0,0.0,0.0,100.0,50.0,50.0,2.809627056121826,0.22143560647964478,50.0,3.531062602996826,0.7770410776138306,0.0,0.0,0.0,151.87615966796875,0.24362102150917053,170.27468872070312,0.13073992729187012,recon_dom_01_10
2527,,,,,,,,,,2.847428798675537,0.8816195726394653,8.048551559448242,3.8095338344573975,0.10648450255393982,0.0,0.0,0.0,3.5621421337127686,0.2311285436153412,7.834179878234863,0.1378438025712967,recon_dom_01_10
2528,,,,,,,,,,2.712869644165039,0.8721814751625061,11.845193862915039,3.703503131866455,0.11133871227502823,0.0,0.0,0.0,5.9200286865234375,0.2375817894935608,10.662354469299316,0.13536858558654785,recon_dom_01_10
2529,,,,,,,,,,2.1294772624969482,2.474966049194336,2.682933807373047,4.631272792816162,0.051745858043432236,0.0,0.0,0.0,0.9034186601638794,0.22706598043441772,2.967316150665283,0.14421069622039795,recon_dom_01_10
2530,,,,,,,,,,2.7243523597717285,0.24534228444099426,50.0,3.4696946144104004,0.7029556035995483,0.0,0.0,0.0,140.88902282714844,0.24242964386940002,163.73204040527344,0.13085255026817322,recon_dom_01_10
2531,,,,,,,,,,2.9204928874969482,0.24706578254699707,50.0,3.6675586700439453,0.40584367513656616,0.0,0.0,0.0,72.19767761230469,0.24229171872138977,87.41572570800781,0.13108205795288086,recon_dom_01_10
2532,,,,,,,,,,3.0300698280334473,0.32232022285461426,42.470027923583984,3.777090311050415,0.20063722133636475,0.0,0.0,0.0,24.5730037689209,0.242691308259964,33.71277618408203,0.13176625967025757,recon_dom_01_10
2533,,,,,,,,,,1.7478464841842651,1.57720148563385,3.6777842044830322,3.361825704574585,0.06466401368379593,0.0,0.0,0.0,1.4963650703430176,0.23397356271743774,3.641242265701294,0.14080548286437988,recon_dom_01_10
2534,,,,,,,,,,1.943662405014038,1.0552635192871094,6.31581449508667,3.0620839595794678,0.07814493775367737,0.0,0.0,0.0,2.9330124855041504,0.23513439297676086,5.909925937652588,0.13600844144821167,recon_dom_01_10
2535,,,,,,,,,,1.7059502601623535,1.5582104921340942,4.344384670257568,3.3076045513153076,0.0727117583155632,0.0,0.0,0.0,1.7738726139068604,0.2358705699443817,4.339349746704102,0.13691696524620056,recon_dom_01_10
2536,,,,0.0,0.0,0.0,100.0,100.0,50.0,2.7836596965789795,0.5733555555343628,12.442412376403809,3.4814393520355225,0.1195073276758194,0.0,0.0,0.0,6.2524824142456055,0.23468396067619324,11.110702514648438,0.13573500514030457,recon_dom_01_10
2537,,,,,,,,,,2.3030292987823486,0.9628582000732422,5.766732692718506,3.323554754257202,0.08580121397972107,0.0,0.0,0.0,2.4915661811828613,0.23464372754096985,5.6180806159973145,0.13656052947044373,recon_dom_01_10
2538,,,,,,,,,,2.646533250808716,0.30012544989585876,50.0,3.4466586112976074,0.4353805184364319,0.0,0.0,0.0,66.04740905761719,0.24311383068561554,79.4310302734375,0.13041360676288605,recon_dom_01_10
2539,,,,,,,,,,2.4632205963134766,1.2787525653839111,7.061944007873535,3.8125925064086914,0.09426219016313553,0.0,0.0,0.0,3.157848358154297,0.23438900709152222,6.790985584259033,0.13853484392166138,recon_dom_01_10
2540,,,,,,,,,,2.924955129623413,0.3006620705127716,50.0,3.7256171703338623,0.2508843243122101,0.0,0.0,0.0,33.45427322387695,0.2422124594449997,43.53676223754883,0.1316218376159668,recon_dom_01_10
2541,,,,,,,,,,2.893181562423706,0.29678139090538025,50.0,3.689962863922119,0.3041113317012787,0.0,0.0,0.0,47.87150955200195,0.24094292521476746,59.23270797729492,0.13228271901607513,recon_dom_01_10
2542,,,,,,,,,,2.413841485977173,1.0630245208740234,5.481201648712158,3.5316779613494873,0.06762970983982086,0.0,0.0,0.0,2.449857711791992,0.22323757410049438,5.312314987182617,0.1471453756093979,recon_dom_01_10
2543,,,,,,,,,,2.103917121887207,0.2965417802333832,50.0,2.900458812713623,0.3791143596172333,0.0,0.0,0.0,68.10723114013672,0.23890382051467896,78.94817352294922,0.13386154174804688,recon_dom_01_10
2544,,,,,,,,,,2.9174609184265137,0.2988939881324768,50.0,3.7163548469543457,0.34514281153678894,0.0,0.0,0.0,54.93193054199219,0.24213752150535583,67.999267578125,0.1309765875339508,recon_dom_01_10
2545,,,,,,,,,,1.9037599563598633,0.3964519202709198,42.394989013671875,2.7241618633270264,0.17996275424957275,0.0003520703758113086,0.0,0.0,25.4277400970459,0.230224609375,32.059539794921875,0.14293628931045532,recon_dom_01_10
2546,,,,0.0,0.0,0.0,100.0,100.0,100.0,2.053232192993164,1.2680710554122925,4.711472034454346,3.368417978286743,0.09983083605766296,0.0,0.0,0.0,1.9184308052062988,0.2360117882490158,4.513134956359863,0.13718214631080627,recon_dom_01_10
2547,,,,,,,,,,2.857050895690918,0.2946874499320984,50.0,3.651738405227661,0.3063766062259674,0.0,0.0,0.0,49.906585693359375,0.24127185344696045,61.07912063598633,0.13222292065620422,recon_dom_01_10
2548,,,,,,,,,,2.136460065841675,0.597136914730072,22.41333770751953,2.957730293273926,0.13457462191581726,0.0,0.0,0.0,12.625789642333984,0.2378840148448944,18.15464973449707,0.1356182098388672,recon_dom_01_10
2549,,,,,,,,,,2.8610777854919434,0.3407982587814331,44.08376693725586,3.642713785171509,0.20834004878997803,0.0,0.0,0.0,25.893306732177734,0.236585333943367,34.223087310791016,0.135525643825531,recon_dom_01_10
2550,,,,,,,,,,2.2410221099853516,1.3507006168365479,5.293420791625977,3.6446568965911865,0.058308038860559464,0.00023920924286358058,0.0,0.0,2.47318959236145,0.23104730248451233,4.982193946838379,0.14250582456588745,recon_dom_01_10
2551,,,,,,,,,,2.529007911682129,0.6156007647514343,24.213281631469727,3.3867413997650146,0.12420284003019333,0.0,0.0,0.0,13.616094589233398,0.23414836823940277,19.877330780029297,0.14093148708343506,recon_dom_01_10
2552,,,,,,,,,,1.3083521127700806,3.6214094161987305,1.8991689682006836,4.948753356933594,0.05527001991868019,0.0,0.0,0.0,0.5701678395271301,0.22906985878944397,2.029893636703491,0.1479712873697281,recon_dom_01_10
2553,,,,,,,,,,3.0271098613739014,0.5232924222946167,27.427505493164062,3.8246772289276123,0.1562989354133606,0.0,0.0,0.0,15.297752380371094,0.23722311854362488,22.621978759765625,0.13546769320964813,recon_dom_01_10
2554,,,,,,,,,,2.6571853160858154,0.36811262369155884,50.0,3.5252978801727295,0.2247861623764038,0.0,0.0,0.0,33.57668685913086,0.24060839414596558,42.573795318603516,0.13324697315692902,recon_dom_01_10
2555,,,,,,,,,,1.9885730743408203,0.8156866431236267,14.831974983215332,2.9525794982910156,0.09624360501766205,0.0,0.0,0.0,8.012301445007324,0.23379242420196533,12.602094650268555,0.14029288291931152,recon_dom_01_10
2556,,,,0.0,0.0,0.0,100.0,50.0,50.0,1.7116297483444214,3.1445484161376953,2.0703673362731934,4.8768815994262695,0.07118770480155945,0.0,0.0,0.0,0.5004646182060242,0.23438660800457,2.353489875793457,0.13780754804611206,recon_dom_01_10
2557,,,,,,,,,,1.9394745826721191,0.45585256814956665,37.14127731323242,2.766739845275879,0.1699415147304535,0.0,0.0,0.0,22.040843963623047,0.2323615401983261,28.427207946777344,0.13885879516601562,recon_dom_01_10
2558,,,,,,,,,,1.8579028844833374,0.5609495639801025,21.430253982543945,2.63315486907959,0.13990767300128937,0.0,0.0,0.0,11.909355163574219,0.23780760169029236,17.568166732788086,0.1349416971206665,recon_dom_01_10
2559,,,,,,,,,,2.123777389526367,0.4165249466896057,50.0,3.040302276611328,0.21594810485839844,0.0,0.0,0.0,33.171775817871094,0.239629328250885,41.217288970947266,0.1338188350200653,recon_dom_01_10
2560,,,,,,,,,,2.3056719303131104,0.9638053178787231,13.735136032104492,3.4068286418914795,0.12146592885255814,0.0,0.0,0.0,7.0575690269470215,0.2348865270614624,12.066003799438477,0.1374688744544983,recon_dom_01_10
2561,,,,,,,,,,2.1135172843933105,0.26400628685951233,50.0,2.87752366065979,0.7630948424339294,0.0,0.0,0.0,158.7979736328125,0.23647440969944,174.0269012451172,0.13464897871017456,recon_dom_01_10
2562,,,,,,,,,,0.867408275604248,9.368547439575195,0.8694372177124023,10.244649887084961,0.03515487164258957,0.0,0.0,0.0,0.12208534777164459,0.23043745756149292,1.0685752630233765,0.14246147871017456,recon_dom_01_10
2563,,,,,,,,,,2.7907214164733887,0.8277186751365662,12.643777847290039,3.744877815246582,0.10768111050128937,0.0,0.0,0.0,6.32652473449707,0.2361387312412262,11.48337459564209,0.13545727729797363,recon_dom_01_10
2564,,,,,,,,,,0.7219669222831726,9.800209999084473,0.7612636089324951,10.529789924621582,0.030645504593849182,0.0,0.0,0.0,0.11950337886810303,0.2286442518234253,0.9022093415260315,0.1456359475851059,recon_dom_01_10
2565,,,,,,,,,,1.907124400138855,2.000535011291504,4.085310935974121,3.948512554168701,0.08600766956806183,0.0,0.0,0.0,1.5523061752319336,0.23074910044670105,4.132150650024414,0.13816261291503906,recon_dom_01_10
2566,,,,0.0,0.0,0.0,100.0,100.0,0.0,2.9355740547180176,0.616708517074585,20.166702270507812,3.7539496421813965,0.13779032230377197,0.0,0.0,0.0,10.708943367004395,0.2393374890089035,17.46294593811035,0.13400787115097046,recon_dom_01_10
2567,,,,,,,,,,1.2269529104232788,5.247591018676758,1.6091384887695312,6.490635395050049,0.06044761836528778,0.0,0.0,0.0,0.37261661887168884,0.23171678185462952,1.7941370010375977,0.14043542742729187,recon_dom_01_10
2568,,,,,,,,,,0.5826534032821655,11.288415908813477,0.5914563536643982,11.876983642578125,0.02582528069615364,0.0,0.0,0.0,0.07431020587682724,0.22495663166046143,0.7010275721549988,0.1501026153564453,recon_dom_01_10
2569,,,,,,,,,,1.2605369091033936,5.173277378082275,1.6700198650360107,6.450514316558838,0.04659507796168327,0.0,0.0,0.0,0.38858550786972046,0.2280128449201584,2.0228471755981445,0.1423397809267044,recon_dom_01_10
2570,,,,,,,,,,2.489527463912964,0.29633739590644836,50.0,3.28586483001709,0.6495406627655029,0.0,0.0,0.0,130.23056030273438,0.2414160668849945,145.9010772705078,0.13267453014850616,recon_dom_01_10
2571,,,,,,,,,,1.742498755455017,1.4214705228805542,6.682077884674072,3.230790138244629,0.07063397020101547,0.011077857576310635,0.0,0.0,3.084169864654541,0.22808584570884705,6.3920722007751465,0.14816367626190186,recon_dom_01_10
2572,,,,,,,,,,0.7545398473739624,10.375880241394043,0.7906883358955383,11.138326644897461,0.0459110364317894,0.0005315163289196789,0.0,0.0,0.08118389546871185,0.22964024543762207,0.8838061094284058,0.14550676941871643,recon_dom_01_10
2573,,,,,,,,,,2.1249196529388428,1.0683270692825317,8.459184646606445,3.2778384685516357,0.07331572473049164,0.0,0.0,0.0,4.233381748199463,0.2350037842988968,7.643749237060547,0.13848841190338135,recon_dom_01_10
2574,,,,,,,,,,2.513077735900879,0.2490030974149704,50.0,3.2620809078216553,0.40620294213294983,0.0,0.0,0.0,68.4413833618164,0.24005988240242004,80.4759750366211,0.13244089484214783,recon_dom_01_10
2575,,,,,,,,,,2.6823947429656982,0.25529637932777405,50.0,3.4376912117004395,0.3424680233001709,0.0,0.0,0.0,49.92531204223633,0.2428186982870102,62.09199905395508,0.13053034245967865,recon_dom_01_10
2576,,,,0.0,0.0,0.0,100.0,100.0,100.0,1.7711114883422852,2.6863720417022705,2.859327793121338,4.486076831817627,0.06433529406785965,0.0,0.0,0.0,0.8889220952987671,0.23674143850803375,3.2229180335998535,0.13595980405807495,recon_dom_01_10
2577,,,,,,,,,,2.0155375003814697,0.3545970916748047,47.67570877075195,2.8468916416168213,0.20599451661109924,0.0,0.0,0.0,28.576766967773438,0.23630830645561218,36.0632438659668,0.13720011711120605,recon_dom_01_10
2578,,,,,,,,,,2.6716506481170654,0.9230675101280212,6.168509483337402,3.6564033031463623,0.07846735417842865,0.0,0.0,0.0,2.679811477661133,0.2336011677980423,6.118587493896484,0.13706877827644348,recon_dom_01_10
2579,,,,,,,,,,2.680973529815674,0.23913338780403137,50.0,3.420106887817383,0.5048713684082031,0.0,0.0,0.0,88.65462493896484,0.24179929494857788,104.50965881347656,0.1304856389760971,recon_dom_01_10
2580,,,,,,,,,,2.2767083644866943,2.081210136413574,2.7448081970214844,4.385366439819336,0.06885528564453125,0.0,0.0,0.0,0.8424892425537109,0.23389354348182678,3.0418848991394043,0.1371077299118042,recon_dom_01_10
2581,,,,,,,,,,3.012105941772461,0.41072994470596313,24.07411003112793,3.663577079772949,0.14374633133411407,0.0,0.0,0.0,13.345494270324707,0.23699182271957397,19.945293426513672,0.13537496328353882,recon_dom_01_10
2582,,,,,,,,,,1.5804173946380615,1.9994250535964966,3.161400318145752,3.6114563941955566,0.08550426363945007,0.0,0.0,0.0,1.1050314903259277,0.2278786301612854,3.183396577835083,0.14361301064491272,recon_dom_01_10
2583,,,,,,,,,,1.1905790567398071,6.334787845611572,0.9041450619697571,7.5344085693359375,0.03584866225719452,0.0,0.0,0.0,0.13425447046756744,0.23292729258537292,1.106555700302124,0.1407669186592102,recon_dom_01_10
2584,,,,,,,,,,2.631476879119873,0.39000076055526733,39.79658126831055,3.419443368911743,0.17354586720466614,0.0,0.0,0.0,23.529117584228516,0.2332078516483307,30.72478485107422,0.14022982120513916,recon_dom_01_10
2585,,,,,,,,,,2.8635776042938232,0.2295784056186676,50.0,3.593156099319458,0.5864056944847107,0.0,0.0,0.0,112.39129638671875,0.24202987551689148,130.02642822265625,0.13106679916381836,recon_dom_01_10
2586,,,,0.0,0.0,0.0,100.0,50.0,100.0,2.130782127380371,0.8556298017501831,9.658674240112305,3.082998752593994,0.08833721280097961,0.0,0.0,0.0,4.8526201248168945,0.23575957119464874,8.654192924499512,0.1369558870792389,recon_dom_01_10
2587,,,,,,,,,,2.7736194133758545,0.2505347430706024,50.0,3.5241541862487793,0.35586458444595337,0.0,0.0,0.0,66.888427734375,0.23937642574310303,78.2757568359375,0.13502681255340576,recon_dom_01_10
2588,,,,,,,,,,1.6675204038619995,3.098637580871582,1.6870085000991821,4.7830281257629395,0.0593530610203743,0.0,0.0,0.0,0.36599236726760864,0.22461900115013123,1.974206566810608,0.14685624837875366,recon_dom_01_10
2589,,,,,,,,,,1.6595042943954468,2.4028985500335693,2.511770248413086,4.087520599365234,0.055303189903497696,0.0,0.0,0.0,0.7713525891304016,0.2296801507472992,2.8536360263824463,0.1411568820476532,recon_dom_01_10
2590,,,,,,,,,,1.609694242477417,3.1594035625457764,1.1937646865844727,4.781035423278809,0.05015809088945389,0.0,0.0,0.0,0.21026918292045593,0.2262466698884964,1.3909066915512085,0.1462700366973877,recon_dom_01_10
2591,,,,,,,,,,2.8897721767425537,0.2539824843406677,50.0,3.643754720687866,0.30690163373947144,0.0,0.0,0.0,43.95806121826172,0.24124038219451904,56.02944564819336,0.1315523087978363,recon_dom_01_10
2592,,,,,,,,,,2.72391939163208,0.42909061908721924,19.587867736816406,3.348888635635376,0.13054770231246948,0.0,0.0,0.0,10.597039222717285,0.23684629797935486,16.601499557495117,0.1365581899881363,recon_dom_01_10
2593,,,,,,,,,,1.2564367055892944,4.585587501525879,0.9082751274108887,5.851107120513916,0.035260118544101715,0.0,0.0,0.0,0.12986697256565094,0.22706793248653412,1.1294569969177246,0.14672280848026276,recon_dom_01_10
2594,,,,,,,,,,1.8527710437774658,0.24279630184173584,50.0,2.595567226409912,0.631055474281311,0.0,0.0,0.0,136.22279357910156,0.236539825797081,151.00665283203125,0.13788409531116486,recon_dom_01_10
2595,,,,,,,,,,2.8869500160217285,0.329927921295166,27.7705020904541,3.4945828914642334,0.16140124201774597,0.0,0.0,0.0,15.625107765197754,0.23641106486320496,22.602651596069336,0.13420584797859192,recon_dom_01_10
2596,,,,0.0,0.0,0.0,100.0,50.0,50.0,1.7699979543685913,0.28225722908973694,50.0,2.552255153656006,0.29303887486457825,0.0,0.0,0.0,54.18475341796875,0.2324075847864151,64.12712097167969,0.14476889371871948,recon_dom_01_10
2597,,,,,,,,,,1.827409029006958,2.0383903980255127,2.975386619567871,3.8955533504486084,0.047587841749191284,0.0,0.0,0.0,1.1379214525222778,0.2313424050807953,3.1243104934692383,0.14236648380756378,recon_dom_01_10
2598,,,,,,,,,,3.1197638511657715,0.34383925795555115,41.156959533691406,3.8751726150512695,0.19271470606327057,0.0,0.0,0.0,23.76282501220703,0.24060124158859253,32.78635025024414,0.1332581639289856,recon_dom_01_10
2599,,,,,,,,,,3.080909490585327,0.3446217477321625,40.97758102416992,3.8353071212768555,0.1957475244998932,0.0,0.0,0.0,23.851627349853516,0.23900637030601501,32.21980285644531,0.13414984941482544,recon_dom_01_10
2600,,,,,,,,,,2.0542948246002197,2.1572265625,3.560910701751709,4.247130393981934,0.07217468321323395,0.0,0.0,0.0,1.3010908365249634,0.23265041410923004,3.7233498096466064,0.1400655061006546,recon_dom_01_10
2601,,,,,,,,,,2.6589410305023193,0.27249160408973694,50.0,3.4314327239990234,0.40653231739997864,0.0,0.0,0.0,77.38439178466797,0.24035511910915375,88.18949890136719,0.132719486951828,recon_dom_01_10
2602,,,,,,,,,,1.1443848609924316,7.142134189605713,0.8364275693893433,8.294883728027344,0.03503454849123955,0.0,0.0,0.0,0.12876355648040771,0.23200172185897827,0.9895074963569641,0.14537352323532104,recon_dom_01_10
2603,,,,,,,,,,2.3475730419158936,0.34360527992248535,50.0,3.191178321838379,2.1618826389312744,0.0,0.0,0.0,482.5920715332031,0.24080616235733032,517.045654296875,0.13196203112602234,recon_dom_01_10
2604,,,,,,,,,,1.2829291820526123,6.80251932144165,0.7542362213134766,8.09299087524414,0.028348082676529884,0.0055868616327643394,0.0,0.0,0.1220313161611557,0.2276802659034729,0.8951196074485779,0.1454978734254837,recon_dom_01_10
2605,,,,,,,,,,2.1736526489257812,0.3742239475250244,50.0,3.0478765964508057,0.2703281342983246,0.0,0.0,0.0,45.113529205322266,0.23861254751682281,53.994869232177734,0.13347193598747253,recon_dom_01_10
2606,,,,0.0,0.0,0.0,100.0,100.0,100.0,1.8038142919540405,0.27719879150390625,50.0,2.5810132026672363,0.3312259912490845,0.0,0.0,0.0,62.933746337890625,0.23731721937656403,72.11022186279297,0.1375810205936432,recon_dom_01_10
2607,,,,,,,,,,2.209813117980957,0.3438960909843445,50.0,3.0537092685699463,0.3114791810512543,0.0,0.0,0.0,48.13487243652344,0.23963849246501923,57.87510681152344,0.1328432559967041,recon_dom_01_10
2608,,,,,,,,,,2.4068753719329834,0.7625440359115601,11.54849624633789,3.2849044799804688,0.1185564249753952,0.0,0.0,0.0,5.748183250427246,0.2390131652355194,10.340609550476074,0.13323785364627838,recon_dom_01_10
2609,,,,,,,,,,2.0429842472076416,2.1018073558807373,3.1994504928588867,4.176785945892334,0.07123409956693649,0.0,0.0,0.0,1.0698679685592651,0.23345434665679932,3.4726667404174805,0.13733145594596863,recon_dom_01_10
2610,,,,,,,,,,1.7288001775741577,2.899628162384033,2.3604955673217773,4.65203332901001,0.057775337249040604,0.0,0.0,0.0,0.6554975509643555,0.23244784772396088,2.757969856262207,0.13891413807868958,recon_dom_01_10
2611,,,,,,,,,,2.7843384742736816,0.38819730281829834,34.29319381713867,3.515467643737793,0.2020859718322754,0.0,0.0,0.0,19.279394149780273,0.23913097381591797,27.93250274658203,0.13205358386039734,recon_dom_01_10
2612,,,,,,,,,,1.8415215015411377,3.4731431007385254,1.9836280345916748,5.334500789642334,0.03764805197715759,0.0002873428165912628,0.0,0.0,0.6267858147621155,0.22664062678813934,2.2613258361816406,0.1498740017414093,recon_dom_01_10
2613,,,,,,,,,,1.465245008468628,0.2561472952365875,50.0,2.2213923931121826,0.5489274859428406,0.0,0.0,0.0,122.60779571533203,0.2353769838809967,135.44198608398438,0.14133524894714355,recon_dom_01_10
2614,,,,,,,,,,2.358603000640869,1.9567525386810303,2.8118247985839844,4.3434739112854,0.0744144469499588,0.0,0.0,0.0,0.8542850613594055,0.23342089354991913,3.0965375900268555,0.13856756687164307,recon_dom_01_10
2615,,,,,,,,,,2.8068997859954834,0.29457107186317444,50.0,3.601470947265625,0.4379240572452545,0.0,0.0,0.0,81.99825286865234,0.24175605177879333,96.62914276123047,0.13148963451385498,recon_dom_01_10
2616,,,,0.0,0.0,0.0,100.0,100.0,100.0,0.7775818109512329,8.818950653076172,0.5029741525650024,9.6015625,0.018591545522212982,0.0,0.0,0.0,0.10693565756082535,0.2175426483154297,0.5307976007461548,0.1592765748500824,recon_dom_01_10
2617,,,,,,,,,,2.244349956512451,0.8627283573150635,8.64480209350586,3.193526268005371,0.07854802906513214,0.0,0.0,0.0,4.294351100921631,0.23063886165618896,7.841109752655029,0.14091868698596954,recon_dom_01_10
2618,,,,,,,,,,1.9549812078475952,1.7768561840057373,4.438907623291016,3.77622652053833,0.04983265697956085,0.0,0.0,0.0,1.9726402759552002,0.23017333447933197,4.358917713165283,0.14628389477729797,recon_dom_01_10
2619,,,,,,,,,,2.5754668712615967,0.2624056935310364,50.0,3.3378725051879883,0.5416960716247559,0.0,0.0,0.0,106.08062744140625,0.2406228482723236,120.32154083251953,0.13234609365463257,recon_dom_01_10
2620,,,,,,,,,,2.3925647735595703,0.26804807782173157,50.0,3.1606128215789795,0.49176129698753357,0.0,0.0,0.0,98.58290100097656,0.2380310595035553,111.37419128417969,0.13405582308769226,recon_dom_01_10
2621,,,,,,,,,,2.055403470993042,1.2410157918930054,6.557948112487793,3.3619987964630127,0.09363284707069397,0.0,0.0,0.0,2.9999492168426514,0.23548507690429688,6.105220794677734,0.13676512241363525,recon_dom_01_10
2622,,,,,,,,,,2.655623435974121,0.2622849643230438,50.0,3.4179084300994873,0.570705235004425,0.0,0.0,0.0,114.76151275634766,0.23994942009449005,129.1933135986328,0.13480189442634583,recon_dom_01_10
2623,,,,,,,,,,2.2267303466796875,0.2575128674507141,50.0,2.984243154525757,0.6345247030258179,0.0,0.0,0.0,126.62157440185547,0.2389596402645111,139.6746368408203,0.13360972702503204,recon_dom_01_10
2624,,,,,,,,,,1.3187806606292725,2.755230188369751,1.902156114578247,4.093032360076904,0.049737848341464996,0.0,0.0,0.0,0.5779401063919067,0.23849187791347504,2.076066493988037,0.1364447921514511,recon_dom_01_10
2625,,,,,,,,,,2.8085381984710693,0.7861689329147339,10.947538375854492,3.7041826248168945,0.10287518799304962,0.0,0.0,0.0,5.349990367889404,0.23812085390090942,10.09164047241211,0.13539719581604004,recon_dom_01_10
2626,,,,0.0,0.0,0.0,100.0,50.0,100.0,2.4881718158721924,0.22872330248355865,50.0,3.21689510345459,1.5333235263824463,0.0,0.0,0.0,334.3935546875,0.2435908317565918,361.78875732421875,0.1306338608264923,recon_dom_01_10
2627,,,,,,,,,,2.500887870788574,0.45289334654808044,26.82895278930664,3.2220706939697266,0.15001945197582245,0.0,0.0,0.0,15.250530242919922,0.2327052354812622,21.582422256469727,0.13844291865825653,recon_dom_01_10
2628,,,,,,,,,,2.915138006210327,0.2860243320465088,50.0,3.701162338256836,0.2684411108493805,0.0,0.0,0.0,42.02674102783203,0.24141032993793488,52.48720169067383,0.1324601173400879,recon_dom_01_10
2629,,,,,,,,,,1.9192664623260498,1.0499701499938965,8.270397186279297,3.051940679550171,0.07219591736793518,2.613660217321012e-05,0.0,0.0,4.134208679199219,0.23146437108516693,7.4752631187438965,0.1440461426973343,recon_dom_01_10
2630,,,,,,,,,,2.489215850830078,0.4205206632614136,30.99884605407715,3.2197248935699463,0.163239985704422,0.0,0.0,0.0,17.726062774658203,0.2360740303993225,24.8385009765625,0.13727891445159912,recon_dom_01_10
2631,,,,,,,,,,2.3094563484191895,0.7071686387062073,18.978771209716797,3.2064127922058105,0.12101984024047852,0.0,0.0,0.0,10.437981605529785,0.23828186094760895,15.796843528747559,0.13440275192260742,recon_dom_01_10
2632,,,,,,,,,,1.8658289909362793,1.2323144674301147,10.059061050415039,3.1987340450286865,0.10677725076675415,0.0,0.0,0.0,4.995182991027832,0.23797282576560974,8.985522270202637,0.1343275010585785,recon_dom_01_10
2633,,,,,,,,,,2.124403476715088,0.2840259373188019,50.0,2.9084293842315674,0.3757312297821045,0.0,0.0,0.0,73.5773696899414,0.2343493103981018,84.08914184570312,0.136867493391037,recon_dom_01_10
2634,,,,,,,,,,1.7915406227111816,0.2989288866519928,50.0,2.5904695987701416,0.4410034418106079,0.0,0.0,0.0,94.05731964111328,0.2325197458267212,105.9909896850586,0.1410861313343048,recon_dom_01_10
2635,,,,,,,,,,1.8295273780822754,0.9141278862953186,10.588643074035645,2.849541664123535,0.07302878051996231,0.0,0.0,0.0,5.559839725494385,0.23377063870429993,9.252062797546387,0.14250671863555908,recon_dom_01_10
2636,,,,0.0,0.0,50.0,100.0,50.0,100.0,1.864466667175293,1.043631911277771,8.318765640258789,2.991286277770996,0.09426179528236389,0.0,0.0,0.0,4.106668472290039,0.23320287466049194,7.407127380371094,0.13902977108955383,recon_dom_01_10
2637,,,,,,,,,,1.508047103881836,3.0260844230651855,2.185046672821045,4.5559821128845215,0.04523294046521187,0.0,0.0,0.0,0.7059077024459839,0.21830040216445923,2.430809259414673,0.15739548206329346,recon_dom_01_10
2638,,,,,,,,,,2.333324909210205,1.2067005634307861,8.310243606567383,3.6231279373168945,0.08876937627792358,0.0,0.0,0.0,4.020105361938477,0.23521260917186737,7.6181793212890625,0.13680249452590942,recon_dom_01_10
2639,,,,,,,,,,1.94765043258667,0.3258952498435974,50.0,2.773545742034912,0.3058827817440033,0.0,0.0,0.0,51.946434020996094,0.23621580004692078,61.66532516479492,0.13598138093948364,recon_dom_01_10
2640,,,,,,,,,,2.0327987670898438,0.5579925775527954,21.471500396728516,2.8055062294006348,0.1171836256980896,3.411795842112042e-05,0.0,0.0,12.097803115844727,0.22821825742721558,17.500925064086914,0.14459148049354553,recon_dom_01_10
2641,,,,,,,,,,2.598660469055176,1.3346985578536987,5.672440052032471,3.9900834560394287,0.07658536732196808,0.0,0.0,0.0,2.424373149871826,0.2356228530406952,5.655733108520508,0.1371159851551056,recon_dom_01_10
2642,,,,,,,,,,1.7449434995651245,2.4892280101776123,2.9248569011688232,4.263420104980469,0.08674265444278717,0.0,0.0,0.0,0.8623395562171936,0.23105710744857788,3.1836915016174316,0.1385248601436615,recon_dom_01_10
2643,,,,,,,,,,1.7624199390411377,0.9397774338722229,6.883782863616943,2.7710351943969727,0.06912149488925934,0.0,0.0,0.0,3.3084633350372314,0.2304508090019226,6.384600639343262,0.1436624825000763,recon_dom_01_10
2644,,,,,,,,,,2.453658103942871,1.9994274377822876,5.303784370422363,4.5061235427856445,0.06974604725837708,0.0,0.0,0.0,2.177067756652832,0.23403692245483398,5.481517791748047,0.13823360204696655,recon_dom_01_10
2645,,,,,,,,,,1.7752127647399902,0.5028253197669983,19.92871856689453,2.477325201034546,0.1040247306227684,0.0,0.0,0.0,11.401634216308594,0.23429447412490845,15.938496589660645,0.14282597601413727,recon_dom_01_10
2646,,,,0.0,0.0,0.0,100.0,50.0,100.0,2.573240280151367,0.1934788078069687,50.0,3.266719102859497,0.8861961364746094,0.0,0.0,0.0,183.93504333496094,0.24309831857681274,205.87734985351562,0.13017743825912476,recon_dom_01_10
2647,,,,,,,,,,1.9986428022384644,2.6431310176849365,3.6306400299072266,4.678080081939697,0.08026564866304398,0.0,0.0,0.0,1.317103624343872,0.2322612702846527,3.749938726425171,0.14012670516967773,recon_dom_01_10
2648,,,,,,,,,,2.9200234413146973,0.3604675829410553,37.91380310058594,3.6596291065216064,0.18835246562957764,0.0,0.0,0.0,21.867002487182617,0.240120530128479,30.13532257080078,0.13362962007522583,recon_dom_01_10
2649,,,,,,,,,,2.6437597274780273,1.0620445013046265,4.373082160949707,3.749535083770752,0.07700322568416595,0.0,0.0,0.0,1.7095887660980225,0.22861088812351227,4.483309268951416,0.13961413502693176,recon_dom_01_10
2650,,,,,,,,,,2.2466893196105957,0.3011470139026642,50.0,3.0478363037109375,0.23165659606456757,0.0,0.0,0.0,33.97244644165039,0.2373906522989273,42.777923583984375,0.13595536351203918,recon_dom_01_10
2651,,,,,,,,,,1.9326623678207397,2.6125030517578125,2.6948914527893066,4.57211446762085,0.05923236906528473,0.0,0.0,0.0,0.8854082226753235,0.2266332060098648,2.9521868228912354,0.14564499258995056,recon_dom_01_10
2652,,,,,,,,,,2.534152030944824,0.7456567883491516,11.296295166015625,3.3927717208862305,0.11407410353422165,0.0,0.0,0.0,5.786962509155273,0.2309994101524353,9.803893089294434,0.13915732502937317,recon_dom_01_10
2653,,,,,,,,,,2.3365936279296875,0.24944153428077698,50.0,3.0860352516174316,0.7932270169258118,0.0,0.0,0.0,166.6929473876953,0.23373883962631226,181.9137725830078,0.13783222436904907,recon_dom_01_10
2654,,,,,,,,,,2.0570385456085205,0.31493568420410156,40.07427215576172,2.772716999053955,0.19031751155853271,0.0,0.0,0.0,23.915130615234375,0.2386988252401352,30.340391159057617,0.1348758041858673,recon_dom_01_10
2655,,,,,,,,,,2.689639091491699,0.7761260271072388,10.411739349365234,3.569882392883301,0.11137373745441437,0.0,0.0,0.0,5.171300888061523,0.23060114681720734,9.292964935302734,0.14027473330497742,recon_dom_01_10
2656,,,,0.0,0.0,50.0,100.0,100.0,0.0,1.7777994871139526,1.9278137683868408,3.3330602645874023,3.7389438152313232,0.09441152960062027,0.0,0.0,0.0,1.15399169921875,0.2338046133518219,3.339803695678711,0.1372840702533722,recon_dom_01_10
2657,,,,,,,,,,1.8019413948059082,1.838266372680664,3.767583131790161,3.6778836250305176,0.07117253541946411,0.0,0.0,0.0,1.4730499982833862,0.23128993809223175,3.802248477935791,0.14417096972465515,recon_dom_01_10
2658,,,,,,,,,,3.0311946868896484,0.25401678681373596,50.0,3.7852115631103516,0.24721895158290863,0.0,0.0,0.0,33.53289031982422,0.241262286901474,44.395835876464844,0.1320847123861313,recon_dom_01_10
2659,,,,,,,,,,2.4353508949279785,0.26209673285484314,50.0,3.1974475383758545,0.38377755880355835,0.0,0.0,0.0,71.68989562988281,0.24091024696826935,83.7664794921875,0.1337982714176178,recon_dom_01_10
2660,,,,,,,,,,2.6592559814453125,0.2463691234588623,50.0,3.405625104904175,0.30759432911872864,0.0,0.0,0.0,46.19287872314453,0.23546871542930603,55.477272033691406,0.13513702154159546,recon_dom_01_10
2661,,,,,,,,,,1.9057161808013916,1.7104244232177734,3.922855854034424,3.655369281768799,0.07822873443365097,0.0,0.0,0.0,1.5334025621414185,0.23222199082374573,3.9223852157592773,0.13894855976104736,recon_dom_01_10
2662,,,,,,,,,,2.981428623199463,0.38592758774757385,28.849210739135742,3.655848264694214,0.1818278282880783,0.0,0.0,0.0,15.83328628540039,0.2402435541152954,24.13896369934082,0.13277918100357056,recon_dom_01_10
2663,,,,,,,,,,2.6840176582336426,0.3619459569454193,37.16733932495117,3.4176371097564697,0.18442225456237793,0.0,0.0,0.0,21.61016082763672,0.23748710751533508,29.195852279663086,0.13392867147922516,recon_dom_01_10
2664,,,,,,,,,,2.50679349899292,0.6778299808502197,9.774211883544922,3.282365560531616,0.10946464538574219,0.0,0.0,0.0,4.586353302001953,0.23889940977096558,9.206765174865723,0.13262218236923218,recon_dom_01_10
2665,,,,,,,,,,1.1590322256088257,5.423306941986084,1.4105780124664307,6.596445083618164,0.05229674279689789,0.0,0.0,0.0,0.27616503834724426,0.22730796039104462,1.6712971925735474,0.14549805223941803,recon_dom_01_10
2666,,,,0.0,0.0,0.0,100.0,50.0,100.0,1.1001226902008057,6.746220111846924,1.0566256046295166,7.856909275054932,0.03599788248538971,0.03061634674668312,0.0,0.0,0.22348825633525848,0.2234838306903839,1.1714909076690674,0.1443777084350586,recon_dom_01_10
2667,,,,,,,,,,1.5650503635406494,3.655644178390503,2.459376811981201,5.245288372039795,0.08612038940191269,0.0,0.0,0.0,0.6407895088195801,0.23346278071403503,2.701801300048828,0.13738533854484558,recon_dom_01_10
2668,,,,,,,,,,2.552263021469116,1.0443726778030396,7.300417900085449,3.669639825820923,0.09073595702648163,0.0,0.0,0.0,3.23535418510437,0.23697210848331451,7.148321151733398,0.13526147603988647,recon_dom_01_10
2669,,,,,,,,,,2.871406316757202,0.21466593444347382,50.0,3.5860722064971924,0.47943562269210815,0.0,0.0,0.0,84.75621032714844,0.24233731627464294,99.51449584960938,0.13159729540348053,recon_dom_01_10
2670,,,,,,,,,,2.930100917816162,0.33769190311431885,29.380056381225586,3.5615932941436768,0.1695375144481659,0.0,0.0,0.0,16.429283142089844,0.23984527587890625,24.13164520263672,0.1327899992465973,recon_dom_01_10
2671,,,,,,,,,,1.9795048236846924,0.768597424030304,10.95524787902832,2.8576548099517822,0.09086284786462784,0.0,0.0,0.0,5.738757610321045,0.22761668264865875,9.449631690979004,0.14599910378456116,recon_dom_01_10
2672,,,,,,,,,,2.7991790771484375,0.19666840136051178,50.0,3.495847463607788,0.7370254993438721,0.0,0.0,0.0,150.5349884033203,0.24053841829299927,166.23851013183594,0.1326594352722168,recon_dom_01_10
2673,,,,,,,,,,1.8809679746627808,0.3432813584804535,50.0,2.7242493629455566,0.21481189131736755,0.0,0.0,0.0,30.59296226501465,0.22260445356369019,38.046043395996094,0.1490718424320221,recon_dom_01_10
2674,,,,,,,,,,2.4679925441741943,1.816718339920044,6.243342399597168,4.34714412689209,0.07299864292144775,0.0,0.0,0.0,2.7554616928100586,0.23333412408828735,6.171332359313965,0.13887642323970795,recon_dom_01_10
2675,,,,,,,,,,2.730255126953125,0.22618114948272705,50.0,3.4564361572265625,0.9537022113800049,0.0,0.0,0.0,206.59811401367188,0.24062684178352356,225.03370666503906,0.1330476999282837,recon_dom_01_10
2676,,,,0.0,0.0,0.0,100.0,50.0,100.0,1.607743740081787,0.2927275598049164,50.0,2.4004712104797363,0.8681474924087524,0.000245348404860124,0.0,0.0,176.36549377441406,0.232186958193779,195.0515594482422,0.14087337255477905,recon_dom_01_10
2677,,,,,,,,,,1.7637150287628174,0.5814167261123657,18.428247451782227,2.529414176940918,0.10401083528995514,0.0062749069184064865,0.0,0.0,10.336175918579102,0.22341889142990112,15.055922508239746,0.1543750762939453,recon_dom_01_10
2678,,,,,,,,,,1.9479055404663086,3.2645163536071777,2.3176937103271484,5.235599040985107,0.06341685354709625,0.0,0.0,0.0,0.6137866973876953,0.23029962182044983,2.6997694969177246,0.13908067345619202,recon_dom_01_10
2679,,,,,,,,,,1.961676836013794,1.2725465297698975,6.099562644958496,3.2952189445495605,0.06468156725168228,0.0,0.0,0.0,2.947026491165161,0.23593324422836304,5.5833563804626465,0.13856694102287292,recon_dom_01_10
2680,,,,,,,,,,1.7528094053268433,3.683070182800293,2.3179922103881836,5.459059715270996,0.06828631460666656,0.0,0.0,0.0,0.6002209186553955,0.22780349850654602,2.6790170669555664,0.14050905406475067,recon_dom_01_10
2681,,,,,,,,,,1.6528347730636597,3.9092824459075928,1.3555619716644287,5.575672626495361,0.045660339295864105,0.0,0.0,0.0,0.26377469301223755,0.22990912199020386,1.6526926755905151,0.1414828896522522,recon_dom_01_10
2682,,,,,,,,,,0.8558578491210938,8.818657875061035,0.9420056343078613,9.68393611907959,0.046631187200546265,0.0,0.0,0.0,0.13042007386684418,0.2318311631679535,1.0822347402572632,0.14129187166690826,recon_dom_01_10
2683,,,,,,,,,,2.3492929935455322,0.7091453671455383,13.708855628967285,3.1955268383026123,0.09879276901483536,0.0,0.0,0.0,7.373846530914307,0.2346678078174591,11.607425689697266,0.13865455985069275,recon_dom_01_10
2684,,,,,,,,,,1.986732006072998,1.5193707942962646,5.319857597351074,3.5593013763427734,0.07491866499185562,0.0,0.0,0.0,2.2809133529663086,0.22664563357830048,5.255186557769775,0.14093056321144104,recon_dom_01_10
2685,,,,,,,,,,2.964815139770508,0.44715553522109985,22.01552963256836,3.6321258544921875,0.13603642582893372,0.0,0.0,0.0,12.038674354553223,0.23934781551361084,18.518726348876953,0.133743554353714,recon_dom_01_10
2686,,,,0.0,0.0,0.0,100.0,100.0,100.0,1.9182651042938232,1.1099026203155518,7.496492385864258,3.103132724761963,0.08792387694120407,0.0,0.0,0.0,3.56850266456604,0.2355334758758545,6.902230739593506,0.1370125710964203,recon_dom_01_10
2687,,,,,,,,,,1.6156010627746582,0.24152950942516327,50.0,2.357130527496338,1.0635956525802612,0.0,0.0,0.0,218.01010131835938,0.2286422699689865,237.92237854003906,0.14377698302268982,recon_dom_01_10
2688,,,,,,,,,,1.7853726148605347,3.7797470092773438,1.9892797470092773,5.585012435913086,0.05489743873476982,0.0,0.0,0.0,0.5200563669204712,0.23147040605545044,2.3146274089813232,0.14275364577770233,recon_dom_01_10
2689,,,,,,,,,,3.05316424369812,0.4430035352706909,17.266450881958008,3.668832302093506,0.11899931728839874,0.0,0.0,0.0,9.023564338684082,0.23777605593204498,15.221087455749512,0.13567161560058594,recon_dom_01_10
2690,,,,,,,,,,1.743375301361084,0.30994176864624023,31.94075584411621,2.3727245330810547,0.14472448825836182,0.0,0.0,0.0,18.71268653869629,0.23203781247138977,24.933931350708008,0.14279046654701233,recon_dom_01_10
2691,,,,,,,,,,2.779548168182373,0.1856265366077423,50.0,3.465174674987793,0.5779089331626892,0.0,0.0,0.0,105.8892593383789,0.24185658991336823,119.97624206542969,0.13125866651535034,recon_dom_01_10
2692,,,,,,,,,,1.6889829635620117,0.22156739234924316,50.0,2.410550355911255,0.4531554579734802,0.027188871055841446,0.0,0.0,94.93521881103516,0.22462087869644165,107.13492584228516,0.14637012779712677,recon_dom_01_10
2693,,,,,,,,,,2.1359171867370605,0.326504647731781,45.39650344848633,2.916386842727661,0.22466453909873962,0.0,0.0,0.0,27.052738189697266,0.23263302445411682,34.36677932739258,0.13787171244621277,recon_dom_01_10
2694,,,,,,,,,,2.3544936180114746,0.3719193935394287,28.812801361083984,3.014540910720825,0.17559504508972168,0.0,0.0,0.0,16.491498947143555,0.23489077389240265,22.81203269958496,0.13824999332427979,recon_dom_01_10
2695,,,,,,,,,,1.5918846130371094,0.7057549953460693,15.005358695983887,2.447693109512329,0.08959336578845978,0.0,0.0,0.0,8.318302154541016,0.23662713170051575,12.402905464172363,0.13973620533943176,recon_dom_01_10
2696,,,,0.0,0.0,0.0,100.0,50.0,100.0,1.7827314138412476,0.4405100345611572,32.16575241088867,2.5448989868164062,0.16126981377601624,0.0,0.0,0.0,18.706029891967773,0.2317514717578888,25.231998443603516,0.14201487600803375,recon_dom_01_10
2697,,,,,,,,,,2.067742347717285,2.0626380443573,3.2444095611572266,4.162824630737305,0.07869496941566467,0.0,0.0,0.0,1.0477638244628906,0.2310531735420227,3.532383441925049,0.1387406587600708,recon_dom_01_10
2698,,,,,,,,,,1.531705617904663,3.9768569469451904,1.7854015827178955,5.526416778564453,0.06752897053956985,0.0,0.0,0.0,0.4067378640174866,0.23305436968803406,2.0077717304229736,0.13827645778656006,recon_dom_01_10
2699,,,,,,,,,,1.8018025159835815,0.2775001525878906,50.0,2.5793027877807617,0.24879148602485657,0.0,0.0,0.0,45.334686279296875,0.2336755394935608,53.440608978271484,0.14095208048820496,recon_dom_01_10
2700,,,,,,,,,,1.7616736888885498,1.4410712718963623,5.300846576690674,3.255753517150879,0.07202037423849106,2.310102217961685e-06,0.0,0.0,2.392376184463501,0.2296571135520935,5.022157192230225,0.14321476221084595,recon_dom_01_10
2701,,,,,,,,,,2.0427842140197754,0.9768118262290955,9.486319541931152,3.114459276199341,0.08492884039878845,0.0,0.0,0.0,4.764667987823486,0.23213380575180054,8.519716262817383,0.13935822248458862,recon_dom_01_10
2702,,,,,,,,,,1.8887394666671753,0.7195842266082764,12.348252296447754,2.7318062782287598,0.09575699269771576,0.0,0.0,0.0,6.5634307861328125,0.23937998712062836,10.53725528717041,0.13470932841300964,recon_dom_01_10
2703,,,,,,,,,,1.1457096338272095,6.308431625366211,1.079525113105774,7.46493673324585,0.04241340979933739,0.0,0.0,0.0,0.1680995225906372,0.22910502552986145,1.3244256973266602,0.14235198497772217,recon_dom_01_10
2704,,,,,,,,,,2.9420812129974365,0.4471023678779602,13.560718536376953,3.5247907638549805,0.11507033556699753,0.0,0.0,0.0,6.9115681648254395,0.2366710901260376,12.073274612426758,0.13494673371315002,recon_dom_01_10
2705,,,,,,,,,,3.137256622314453,0.24190987646579742,50.0,3.879166603088379,0.23897641897201538,0.0,0.0,0.0,35.42454528808594,0.2412828803062439,46.06891632080078,0.1328771412372589,recon_dom_01_10
2706,,,,0.5,50.0,50.0,100.0,100.0,100.0,1.9406771659851074,1.274877905845642,4.325718402862549,3.258812189102173,0.06584621965885162,0.007404747419059277,0.0,0.0,1.8753058910369873,0.228263258934021,4.152528285980225,0.14686112105846405,recon_dom_01_10
2707,,,,,,,,,,0.7696524858474731,8.395112991333008,0.9685347080230713,9.174450874328613,0.045736998319625854,0.0,0.0,0.0,0.13332679867744446,0.21795201301574707,1.1375643014907837,0.1594552993774414,recon_dom_01_10
2708,,,,,,,,,,2.782219648361206,0.2014545202255249,50.0,3.4836740493774414,0.28073179721832275,0.0,0.0,0.0,40.59880828857422,0.23857203125953674,50.88375473022461,0.1337577998638153,recon_dom_01_10
2709,,,,,,,,,,2.0424251556396484,1.8810423612594604,9.045937538146973,4.013926982879639,0.09137536585330963,0.0,0.0,0.0,4.3333539962768555,0.23549221456050873,8.43675422668457,0.1378055065870285,recon_dom_01_10
2710,,,,,,,,,,2.5907418727874756,0.6304471492767334,13.856788635253906,3.3597569465637207,0.11211564391851425,0.0,0.0,0.0,7.174758434295654,0.23983675241470337,12.168241500854492,0.1334819197654724,recon_dom_01_10
2711,,,,,,,,,,1.463831901550293,3.4273786544799805,2.2042388916015625,4.913252830505371,0.07027025520801544,0.0,0.0,0.0,0.5976598858833313,0.23600903153419495,2.435762882232666,0.13745582103729248,recon_dom_01_10
2712,,,,,,,,,,2.851360321044922,0.40887197852134705,20.02313232421875,3.460463523864746,0.15375100076198578,0.0,0.0,0.0,10.631391525268555,0.23823879659175873,17.171756744384766,0.1328265219926834,recon_dom_01_10
2713,,,,,,,,,,1.8960174322128296,0.3748476207256317,29.916336059570312,2.570028305053711,0.14315617084503174,0.0,0.0,0.0,17.532400131225586,0.23228612542152405,23.26177215576172,0.14039579033851624,recon_dom_01_10
2714,,,,,,,,,,1.675199031829834,0.2132798731327057,50.0,2.388478994369507,1.1817760467529297,0.0,0.0,0.0,260.2503967285156,0.23547101020812988,275.5777282714844,0.13757020235061646,recon_dom_01_10
2715,,,,,,,,,,1.2898201942443848,5.289979934692383,1.7153918743133545,6.596953868865967,0.07192698121070862,0.0,0.0,0.0,0.35483747720718384,0.22825659811496735,1.9278889894485474,0.1414942592382431,recon_dom_01_10
2716,,,,0.0,0.0,0.0,100.0,50.0,100.0,1.833484411239624,2.7009501457214355,2.6528830528259277,4.560963153839111,0.05957191810011864,0.0,0.0,0.0,0.7820651531219482,0.23502683639526367,3.0717315673828125,0.13589617609977722,recon_dom_01_10
2717,,,,,,,,,,1.9812543392181396,3.0951054096221924,3.450423240661621,5.110864162445068,0.05907342582941055,0.0,0.0,0.0,1.2303955554962158,0.2328890860080719,3.7746999263763428,0.14021751284599304,recon_dom_01_10
2718,,,,,,,,,,1.8549317121505737,0.7490118741989136,13.316295623779297,2.7371065616607666,0.10140630602836609,0.0,0.0,0.0,7.176006317138672,0.23260611295700073,11.191818237304688,0.14087966084480286,recon_dom_01_10
2719,,,,,,,,,,2.3698744773864746,0.2585178017616272,50.0,3.128392219543457,0.2874802052974701,0.0,0.0,0.0,46.80875778198242,0.23919552564620972,57.27503204345703,0.13410186767578125,recon_dom_01_10
2720,,,,,,,,,,2.0234932899475098,0.24415653944015503,50.0,2.7676498889923096,0.2674820125102997,0.0,0.0,0.0,44.60926818847656,0.2342633157968521,54.2083854675293,0.1375674605369568,recon_dom_01_10
2721,,,,,,,,,,2.651033401489258,0.43854787945747375,28.964439392089844,3.379225730895996,0.1501539945602417,0.0,0.0,0.0,16.671430587768555,0.23561397194862366,23.009672164916992,0.1384025514125824,recon_dom_01_10
2722,,,,,,,,,,1.1106778383255005,5.4789862632751465,1.1366565227508545,6.6010308265686035,0.037951964884996414,0.0,0.0,0.0,0.20855256915092468,0.22414198517799377,1.4024556875228882,0.14702108502388,recon_dom_01_10
2723,,,,,,,,,,2.4686367511749268,0.8434704542160034,9.596536636352539,3.4080724716186523,0.09559901058673859,0.0,0.0,0.0,4.660090923309326,0.23643748462200165,8.842607498168945,0.13502903282642365,recon_dom_01_10
2724,,,,,,,,,,1.553769826889038,1.6597161293029785,6.048878192901611,3.273974657058716,0.06514585763216019,0.0,0.0,0.0,2.8437116146087646,0.22785255312919617,5.683728218078613,0.14787715673446655,recon_dom_01_10
2725,,,,,,,,,,2.417431116104126,0.7773450016975403,11.218720436096191,3.3069632053375244,0.11580568552017212,0.0,0.0,0.0,5.638244152069092,0.23263168334960938,9.928997039794922,0.13685372471809387,recon_dom_01_10
2726,,,,0.0,0.0,0.0,100.0,100.0,100.0,1.0577690601348877,5.984503269195557,1.4709662199020386,7.056982040405273,0.05651175230741501,0.0,0.0,0.0,0.33556950092315674,0.23080885410308838,1.6314293146133423,0.14042380452156067,recon_dom_01_10
2727,,,,,,,,,,2.6164889335632324,0.21634505689144135,46.66762924194336,3.2995102405548096,0.21383482217788696,0.0,0.0,0.0,27.64485740661621,0.2400907576084137,35.832584381103516,0.13296401500701904,recon_dom_01_10
2728,,,,,,,,,,2.639833450317383,0.3605159819126129,26.945161819458008,3.269801139831543,0.1623283475637436,0.0,0.0,0.0,15.347074508666992,0.23679035902023315,21.498485565185547,0.13525956869125366,recon_dom_01_10
2729,,,,,,,,,,3.087251663208008,0.2230425775051117,50.0,3.8102941513061523,0.2251540869474411,0.0,0.0,0.0,32.44306564331055,0.2368769645690918,41.530975341796875,0.1362135112285614,recon_dom_01_10
2730,,,,,,,,,,3.111996650695801,0.28045937418937683,20.5771541595459,3.5982275009155273,0.14543654024600983,0.0,0.0,0.0,11.03039836883545,0.23948568105697632,17.564701080322266,0.13275720179080963,recon_dom_01_10
2731,,,,,,,,,,1.366570234298706,3.8599746227264404,1.4032349586486816,5.240577220916748,0.05372733622789383,0.0,0.0,0.0,0.27175623178482056,0.23197302222251892,1.651266098022461,0.14011754095554352,recon_dom_01_10
2732,,,,,,,,,,2.430534839630127,1.0800080299377441,4.90433406829834,3.5595862865448,0.06819165498018265,0.0,0.0,0.0,1.9975310564041138,0.23327216506004333,5.057469367980957,0.1378280222415924,recon_dom_01_10
2733,,,,,,,,,,1.8874262571334839,1.0646880865097046,5.372176170349121,3.005836009979248,0.0704374611377716,0.0,0.0,0.0,2.400714635848999,0.23109480738639832,5.163980960845947,0.14174479246139526,recon_dom_01_10
2734,,,,,,,,,,0.9613050818443298,6.084115982055664,1.0071817636489868,7.055492877960205,0.03904910758137703,0.0,0.0,0.0,0.2508428692817688,0.2237844616174698,1.0463162660598755,0.155568927526474,recon_dom_01_10
2735,,,,,,,,,,2.5434393882751465,0.7729802131652832,6.907124996185303,3.385490894317627,0.07935614138841629,0.0,0.0,0.0,3.2059714794158936,0.23374611139297485,6.534512996673584,0.1374189257621765,recon_dom_01_10
2736,,,,0.0,0.0,0.0,100.0,50.0,50.0,1.8479580879211426,0.20286957919597626,50.0,2.550827741622925,0.266611784696579,0.0,0.0,0.0,47.514686584472656,0.23926737904548645,56.5854377746582,0.13694864511489868,recon_dom_01_10
2737,,,,,,,,,,2.3180646896362305,0.8032221794128418,8.93725872039795,3.2106595039367676,0.11838747560977936,0.0,0.0,0.0,4.2728471755981445,0.23533621430397034,8.070660591125488,0.13609901070594788,recon_dom_01_10
2738,,,,,,,,,,1.2047877311706543,5.093667030334473,1.3408074378967285,6.311862945556641,0.07711843401193619,0.0,0.0,0.0,0.2160213738679886,0.2298356592655182,1.4037957191467285,0.14312440156936646,recon_dom_01_10
2739,,,,,,,,,,1.7602016925811768,0.1757763773202896,50.0,2.4359781742095947,0.47887495160102844,0.0,0.0,0.0,90.8710708618164,0.2375326156616211,102.74762725830078,0.13660311698913574,recon_dom_01_10
2740,,,,,,,,,,3.255380392074585,0.24117004871368408,19.39432144165039,3.690493583679199,0.1349630057811737,0.0,0.0,0.0,10.289135932922363,0.23902370035648346,16.7862606048584,0.13337436318397522,recon_dom_01_10
2741,,,,,,,,,,3.155014991760254,0.18649736046791077,43.78856658935547,3.779397964477539,0.2154754400253296,0.0,0.0,0.0,25.25006866455078,0.2423984259366989,34.8475227355957,0.13123618066310883,recon_dom_01_10
2742,,,,,,,,,,3.0552444458007812,0.30125150084495544,17.951799392700195,3.5360138416290283,0.12085869908332825,0.0,0.0,0.0,9.775057792663574,0.23420576751232147,15.070594787597656,0.1372898370027542,recon_dom_01_10
2743,,,,,,,,,,3.1804656982421875,0.3708275854587555,14.965171813964844,3.7009449005126953,0.11573392152786255,0.0,0.0,0.0,7.661147117614746,0.23854881525039673,13.3760347366333,0.13483645021915436,recon_dom_01_10
2744,,,,,,,,,,3.1448469161987305,0.22749264538288116,38.35779571533203,3.755917549133301,0.17802172899246216,0.0,0.0,0.0,22.232454299926758,0.24104566872119904,30.3956241607666,0.1331491768360138,recon_dom_01_10
2745,,,,,,,,,,1.8448998928070068,0.9882112145423889,5.1935343742370605,2.8850464820861816,0.061024002730846405,0.0,0.0,0.0,2.3965718746185303,0.22047674655914307,4.908289432525635,0.15650060772895813,recon_dom_01_10
2746,,,,0.0,0.0,0.0,100.0,100.0,100.0,2.3079614639282227,0.22598682343959808,50.0,3.0339481830596924,0.26962462067604065,0.0,0.0,0.0,47.032806396484375,0.23953741788864136,56.458396911621094,0.13342514634132385,recon_dom_01_10
2747,,,,,,,,,,2.1305322647094727,0.9305457472801208,6.4433465003967285,3.125511407852173,0.0756523609161377,0.0,0.0,0.0,3.0114643573760986,0.23314230144023895,6.032962799072266,0.1382458508014679,recon_dom_01_10
2748,,,,,,,,,,1.8413342237472534,0.8482013940811157,8.187830924987793,2.771414041519165,0.07262230664491653,0.005092854145914316,0.0,0.0,4.12232780456543,0.22911112010478973,7.31941032409668,0.14682388305664062,recon_dom_01_10
2749,,,,,,,,,,2.1760478019714355,0.43628084659576416,24.4270076751709,2.8565986156463623,0.15782500803470612,0.0,0.0,0.0,13.761699676513672,0.23725135624408722,19.67790412902832,0.13506415486335754,recon_dom_01_10
2750,,,,,,,,,,1.9758245944976807,0.34549885988235474,39.5277214050293,2.7166006565093994,0.1635148972272873,2.2072525098337792e-05,0.0,0.0,23.421245574951172,0.23718193173408508,30.50282096862793,0.1375410556793213,recon_dom_01_10
2751,,,,,,,,,,3.1724021434783936,0.23866857588291168,35.55461120605469,3.7666168212890625,0.17655110359191895,0.0,0.0,0.0,20.330642700195312,0.23825299739837646,28.60775375366211,0.13513243198394775,recon_dom_01_10
2752,,,,,,,,,,1.467266321182251,1.757224202156067,3.659742832183838,3.2610878944396973,0.06563441455364227,0.027304083108901978,0.0,0.0,1.4894201755523682,0.2199338972568512,3.5561304092407227,0.14787954092025757,recon_dom_01_10
2753,,,,,,,,,,2.2382616996765137,0.6828365325927734,12.104532241821289,3.0421435832977295,0.11600146442651749,0.0,0.0,0.0,6.11383056640625,0.23817378282546997,10.747153282165527,0.13301298022270203,recon_dom_01_10
2754,,,,,,,,,,2.6891722679138184,0.14707574248313904,50.0,3.3362479209899902,0.7825316786766052,0.0,0.0,0.0,161.47280883789062,0.24376778304576874,181.98626708984375,0.12995311617851257,recon_dom_01_10
2755,,,,,,,,,,2.007439136505127,0.7773140072822571,10.236492156982422,2.887118101119995,0.0921463668346405,0.0,0.0,0.0,5.155025959014893,0.22106176614761353,9.166247367858887,0.1550445556640625,recon_dom_01_10
2756,,,,0.0,0.0,0.0,100.0,100.0,50.0,2.5861384868621826,0.5600324869155884,21.83202362060547,3.3644912242889404,0.1404687762260437,0.0,0.0,0.0,12.069798469543457,0.2410825788974762,18.044979095458984,0.1328141987323761,recon_dom_01_10
2757,,,,,,,,,,2.458698034286499,1.6645426750183105,5.428157806396484,4.1775221824646,0.07747703790664673,0.0,0.0,0.0,2.248762607574463,0.2352961301803589,5.5092363357543945,0.13862040638923645,recon_dom_01_10
2758,,,,,,,,,,1.938583254814148,0.3548900783061981,32.56735610961914,2.6191468238830566,0.1571774184703827,0.0,0.0,0.0,19.178434371948242,0.23789620399475098,25.131088256835938,0.13703474402427673,recon_dom_01_10
2759,,,,,,,,,,2.1704394817352295,0.4498511254787445,22.58948516845703,2.8461854457855225,0.13342911005020142,0.0,0.0,0.0,12.723925590515137,0.23154695332050323,18.32256317138672,0.13977721333503723,recon_dom_01_10
2760,,,,,,,,,,1.7552603483200073,0.2750805616378784,50.0,2.5303409099578857,0.2546623647212982,0.0,0.0,0.0,40.83399963378906,0.23735250532627106,49.34334945678711,0.1357944905757904,recon_dom_01_10
2761,,,,,,,,,,0.9618465900421143,7.372663497924805,1.1544735431671143,8.346055030822754,0.037933725863695145,0.0,0.0,0.0,0.22852849960327148,0.2296638786792755,1.398003101348877,0.14308467507362366,recon_dom_01_10
2762,,,,,,,,,,2.875192403793335,0.18556031584739685,50.0,3.5607526302337646,0.4948762059211731,0.0,0.0,0.0,96.43070220947266,0.23985807597637177,110.92770385742188,0.133420929312706,recon_dom_01_10
2763,,,,,,,,,,2.0406360626220703,2.40653395652771,4.150572776794434,4.488675594329834,0.06354677677154541,0.0,0.0,0.0,1.5978474617004395,0.23008832335472107,4.3958516120910645,0.14056716859340668,recon_dom_01_10
2764,,,,,,,,,,1.7898973226547241,0.6647343635559082,15.162636756896973,2.6062581539154053,0.09603893756866455,0.0,0.0,0.0,8.355149269104004,0.2376910150051117,12.57945728302002,0.1379474699497223,recon_dom_01_10
2765,,,,,,,,,,1.6579880714416504,1.717476487159729,5.1248297691345215,3.42671275138855,0.06708995997905731,0.0,0.0,0.0,2.219170570373535,0.23359906673431396,5.065999507904053,0.13850116729736328,recon_dom_01_10
2766,,,,0.0,0.0,0.0,100.0,50.0,100.0,2.656139373779297,0.15728846192359924,50.0,3.3134279251098633,0.9732745885848999,0.0,0.0,0.0,207.5863037109375,0.24405047297477722,232.61956787109375,0.1300370693206787,recon_dom_01_10
2767,,,,,,,,,,2.580883026123047,0.44055312871932983,26.71442413330078,3.2885804176330566,0.14472077786922455,0.0,0.0,0.0,15.131214141845703,0.23676680028438568,21.644868850708008,0.13495959341526031,recon_dom_01_10
2768,,,,,,,,,,2.8662543296813965,0.2062915861606598,50.0,3.5725460052490234,0.436945378780365,0.0,0.0,0.0,74.61377716064453,0.24334314465522766,89.39900207519531,0.13021604716777802,recon_dom_01_10
2769,,,,,,,,,,1.727192759513855,0.3794243335723877,37.2578125,2.4791951179504395,0.1631637066602707,0.0,0.0,0.0,22.251605987548828,0.22835130989551544,28.30611801147461,0.14492730796337128,recon_dom_01_10
2770,,,,,,,,,,2.5879526138305664,0.37969744205474854,24.945343017578125,3.2171034812927246,0.15099364519119263,0.0,0.0,0.0,14.015298843383789,0.23617640137672424,20.276033401489258,0.13442650437355042,recon_dom_01_10
2771,,,,,,,,,,2.381549835205078,0.29884231090545654,44.737762451171875,3.127769708633423,0.22733163833618164,0.0,0.0,0.0,26.20757484436035,0.2388763278722763,34.71274185180664,0.13272371888160706,recon_dom_01_10
2772,,,,,,,,,,0.5781723260879517,11.104923248291016,0.8876687288284302,11.691972732543945,0.03636401146650314,0.0,0.0,0.0,0.12447479367256165,0.229586660861969,1.0883269309997559,0.14251771569252014,recon_dom_01_10
2773,,,,,,,,,,1.853539228439331,0.2392715960741043,50.0,2.592810869216919,0.6310735940933228,0.0,0.0,0.0,129.27194213867188,0.23583951592445374,144.10256958007812,0.13603977859020233,recon_dom_01_10
2774,,,,,,,,,,1.3176497220993042,3.147836685180664,5.411310195922852,4.519599437713623,0.06704119592905045,5.561467332881875e-06,0.0,0.0,2.4683098793029785,0.23246462643146515,5.141461372375488,0.13811936974525452,recon_dom_01_10
2775,,,,,,,,,,1.4819042682647705,3.446768283843994,3.006113052368164,4.958733558654785,0.0512654073536396,0.0,0.0,0.0,1.1242890357971191,0.2303714156150818,3.1765592098236084,0.14180366694927216,recon_dom_01_10
2776,,,,0.0,0.0,0.0,100.0,100.0,50.0,1.4121431112289429,2.116177558898926,9.750781059265137,3.625828504562378,0.10122783482074738,0.0,0.0,0.0,4.853559494018555,0.2388462871313095,8.70734691619873,0.13525095582008362,recon_dom_01_10
2777,,,,,,,,,,0.7229718565940857,8.54215145111084,1.7248256206512451,9.282371520996094,0.06606437265872955,0.0,0.0,0.0,0.37385624647140503,0.23085159063339233,1.967055082321167,0.14034833014011383,recon_dom_01_10
2778,,,,,,,,,,0.7188930511474609,7.170828819274902,1.401923418045044,7.903740882873535,0.039138682186603546,0.0,0.0,0.0,0.36228591203689575,0.2297457456588745,1.6128268241882324,0.14556118845939636,recon_dom_01_10
2779,,,,,,,,,,2.6575052738189697,0.19807715713977814,50.0,3.3555824756622314,1.208592414855957,0.0,0.0,0.0,248.84320068359375,0.24250420928001404,272.3683776855469,0.131048321723938,recon_dom_01_10
2780,,,,,,,,,,2.619256019592285,0.6635653972625732,17.270265579223633,3.45552396774292,0.12899954617023468,0.0,0.0,0.0,9.053584098815918,0.239485502243042,15.06882381439209,0.13324269652366638,recon_dom_01_10
2781,,,,,,,,,,0.8681411147117615,5.79931116104126,1.9307831525802612,6.686759948730469,0.04996335506439209,0.0,0.0,0.0,0.5623185038566589,0.22989508509635925,2.1630847454071045,0.1411597579717636,recon_dom_01_10
2782,,,,,,,,,,0.7846001982688904,10.467170715332031,1.1384795904159546,11.263155937194824,0.051780469715595245,0.0,0.0,0.0,0.1720210462808609,0.22766980528831482,1.3408254384994507,0.14376527070999146,recon_dom_01_10
2783,,,,,,,,,,2.883660316467285,0.23128893971443176,50.0,3.6149492263793945,0.35192742943763733,0.0,0.0,0.0,62.05945587158203,0.2423221617937088,74.57908630371094,0.1322372555732727,recon_dom_01_10
2784,,,,,,,,,,1.0628869533538818,6.253154754638672,2.4286019802093506,7.340327739715576,0.061501387506723404,0.0004524395626503974,0.0,0.0,0.77137690782547,0.22768524289131165,2.624396800994873,0.1429867446422577,recon_dom_01_10
2785,,,,,,,,,,1.5969061851501465,1.7270549535751343,6.270872592926025,3.386669874191284,0.06606072187423706,0.0,0.0,0.0,2.9936742782592773,0.2323542833328247,5.819055557250977,0.14131547510623932,recon_dom_01_10
2786,,,,0.0,0.0,0.0,50.0,100.0,100.0,2.0671730041503906,0.48474571108818054,30.9622802734375,2.861541509628296,0.1579432636499405,0.0,0.0,0.0,17.952566146850586,0.23782673478126526,24.365436553955078,0.13494384288787842,recon_dom_01_10
2787,,,,,,,,,,2.894763469696045,0.20560990273952484,50.0,3.6003732681274414,0.3256922960281372,0.0,0.0,0.0,54.51505661010742,0.2406844198703766,67.6593017578125,0.1325722336769104,recon_dom_01_10
2788,,,,,,,,,,1.678487777709961,1.0348830223083496,11.648072242736816,2.8298516273498535,0.08818747848272324,0.0,0.0,0.0,5.971120834350586,0.23556970059871674,10.39743709564209,0.13739953935146332,recon_dom_01_10
2789,,,,,,,,,,1.6997183561325073,2.9341673851013184,3.79251766204834,4.671811103820801,0.08590856194496155,0.0,0.0,0.0,1.338651180267334,0.23102569580078125,3.974522829055786,0.1395982801914215,recon_dom_01_10
2790,,,,,,,,,,1.7663949728012085,2.937854766845703,3.7192249298095703,4.7414422035217285,0.07532330602407455,0.0,0.0,0.0,1.3136606216430664,0.2349248230457306,3.98357892036438,0.13665764033794403,recon_dom_01_10
2791,,,,,,,,,,2.6867971420288086,0.19644005596637726,50.0,3.38323712348938,0.6576501131057739,0.0,0.0,0.0,131.9361114501953,0.2431175410747528,151.31053161621094,0.13094817101955414,recon_dom_01_10
2792,,,,,,,,,,1.5499916076660156,0.23537035286426544,50.0,2.2853620052337646,0.7644315958023071,0.0,0.0,0.0,160.97857666015625,0.23357386887073517,177.9260711669922,0.13897663354873657,recon_dom_01_10
2793,,,,,,,,,,2.0101170539855957,2.006073236465454,4.849028587341309,4.064680576324463,0.08639657497406006,0.0,0.0,0.0,1.9047822952270508,0.23456385731697083,4.950285911560059,0.13663829863071442,recon_dom_01_10
2794,,,,,,,,,,2.772388458251953,0.9070232510566711,9.191551208496094,3.771327257156372,0.09674704074859619,0.0,0.0,0.0,4.296518802642822,0.2347630262374878,8.74816608428955,0.13737261295318604,recon_dom_01_10
2795,,,,,,,,,,1.74921452999115,1.0386962890625,10.37903118133545,2.8917012214660645,0.08432025462388992,0.0,0.0,0.0,5.329399585723877,0.2350502908229828,9.181133270263672,0.13958553969860077,recon_dom_01_10
2796,,,,0.0,0.0,0.0,100.0,100.0,50.0,3.068875312805176,0.38200777769088745,25.636539459228516,3.7072484493255615,0.1453796774148941,0.0,0.0,0.0,14.279934883117676,0.23855960369110107,21.184804916381836,0.13445870578289032,recon_dom_01_10
2797,,,,,,,,,,2.970043182373047,0.24241216480731964,50.0,3.7124552726745605,0.26181265711784363,0.0,0.0,0.0,38.61347579956055,0.24142351746559143,50.15000915527344,0.1316792517900467,recon_dom_01_10
2798,,,,,,,,,,2.9260690212249756,0.24691711366176605,50.0,3.6729860305786133,0.417209655046463,0.0,0.0,0.0,75.30944061279297,0.24275720119476318,89.48934173583984,0.1314311921596527,recon_dom_01_10
2799,,,,,,,,,,2.5973315238952637,0.6463595032691956,16.826784133911133,3.411958932876587,0.12323147058486938,0.0,0.0,0.0,8.937783241271973,0.2362278699874878,14.471539497375488,0.13451595604419708,recon_dom_01_10
2800,,,,,,,,,,1.7989799976348877,2.813030242919922,3.2171194553375244,4.644181251525879,0.06780673563480377,0.0,0.0,0.0,1.0558370351791382,0.22958239912986755,3.570441961288452,0.14069423079490662,recon_dom_01_10
2801,,,,,,,,,,2.6718432903289795,0.20809872448444366,50.0,3.379941940307617,1.0232497453689575,0.0,0.0,0.0,217.28988647460938,0.24236205220222473,237.55218505859375,0.13145723938941956,recon_dom_01_10
2802,,,,,,,,,,1.7345770597457886,0.5011827945709229,20.080827713012695,2.436568021774292,0.1129550039768219,0.0,0.0,0.0,11.421699523925781,0.231358140707016,16.11328887939453,0.14572323858737946,recon_dom_01_10
2803,,,,,,,,,,2.705805778503418,0.26117610931396484,50.0,3.466981887817383,0.6836527585983276,0.0,0.0,0.0,138.1342315673828,0.24324941635131836,157.1639404296875,0.13058620691299438,recon_dom_01_10
2804,,,,,,,,,,2.8324432373046875,0.5440207719802856,14.960853576660156,3.5260725021362305,0.1294417679309845,0.0,0.0,0.0,7.582476615905762,0.23397719860076904,13.388370513916016,0.13584092259407043,recon_dom_01_10
2805,,,,,,,,,,2.4239537715911865,0.4826006293296814,26.750041961669922,3.1740548610687256,0.1565926969051361,0.0,0.0,0.0,15.309029579162598,0.23491120338439941,21.241872787475586,0.13621339201927185,recon_dom_01_10
2806,,,,0.0,50.0,0.0,100.0,50.0,100.0,2.047450065612793,0.3327861428260803,50.0,2.8802361488342285,0.31517329812049866,0.0,0.0,0.0,57.36521911621094,0.23693816363811493,67.87886810302734,0.136457160115242,recon_dom_01_10
2807,,,,,,,,,,2.0311200618743896,0.6069232821464539,18.54735565185547,2.823516845703125,0.1163850873708725,0.0,0.0,0.0,10.449527740478516,0.23481425642967224,14.95701789855957,0.13911402225494385,recon_dom_01_10
2808,,,,,,,,,,1.6941497325897217,2.856401205062866,4.015737056732178,4.590708255767822,0.06371583044528961,0.0,0.0,0.0,1.6501373052597046,0.2338193953037262,4.019519805908203,0.13878563046455383,recon_dom_01_10
2809,,,,,,,,,,2.8502116203308105,0.3735226094722748,50.0,3.723734140396118,0.3099350929260254,0.0,0.0,0.0,45.163330078125,0.2430325448513031,57.585731506347656,0.13151177763938904,recon_dom_01_10
2810,,,,,,,,,,2.1325979232788086,1.5606064796447754,5.015444755554199,3.743358850479126,0.09987138211727142,0.0,0.0,0.0,1.9932482242584229,0.23498587310314178,4.971324920654297,0.136783629655838,recon_dom_01_10
2811,,,,,,,,,,2.6126582622528076,0.2819010019302368,50.0,3.394559383392334,0.6202646493911743,0.0,0.0,0.0,121.99053955078125,0.24285772442817688,138.97720336914062,0.13048234581947327,recon_dom_01_10
2812,,,,,,,,,,1.7631022930145264,1.4340629577636719,6.335306167602539,3.2605183124542236,0.08484546840190887,0.0,0.0,0.0,2.960865020751953,0.2352927029132843,5.825650215148926,0.13859117031097412,recon_dom_01_10
2813,,,,,,,,,,3.008145809173584,0.4991268813610077,27.977985382080078,3.787052631378174,0.15648064017295837,0.0,0.0,0.0,15.591474533081055,0.24037161469459534,23.133346557617188,0.13399335741996765,recon_dom_01_10
2814,,,,,,,,,,0.5364220142364502,10.433406829833984,0.7867096066474915,10.97769546508789,0.030082914978265762,0.0,0.0,0.0,0.12610802054405212,0.21706753969192505,0.9450026154518127,0.1597895473241806,recon_dom_01_10
2815,,,,,,,,,,2.6516103744506836,0.5149663090705872,27.96349334716797,3.446211576461792,0.16069115698337555,0.0,0.0,0.0,15.89008617401123,0.2378629744052887,22.465553283691406,0.13389554619789124,recon_dom_01_10
2816,,,,0.5,50.0,50.0,50.0,100.0,50.0,0.5705496668815613,9.799034118652344,0.7737566828727722,10.377321243286133,0.027727000415325165,0.0,0.0,0.0,0.12953156232833862,0.2255118042230606,0.9356914758682251,0.1519320160150528,recon_dom_01_10
2817,,,,,,,,,,1.9747326374053955,1.5708293914794922,6.7622833251953125,3.613184928894043,0.0891418308019638,0.0,0.0,0.0,3.1012744903564453,0.22715994715690613,6.3568220138549805,0.1417272686958313,recon_dom_01_10
2818,,,,,,,,,,2.5332813262939453,0.45310989022254944,33.74934005737305,3.3238847255706787,0.17092858254909515,0.0,0.0,0.0,19.381908416748047,0.24077478051185608,26.950958251953125,0.1323297917842865,recon_dom_01_10
2819,,,,,,,,,,1.4677642583847046,3.992856502532959,2.030233860015869,5.480923175811768,0.0697522759437561,0.0,0.0,0.0,0.5048941373825073,0.2329714149236679,2.278951644897461,0.13805431127548218,recon_dom_01_10
2820,,,,,,,,,,1.7580418586730957,0.6231170892715454,30.44267463684082,2.6855857372283936,0.1561601161956787,0.0,0.0,0.0,17.647432327270508,0.23651288449764252,23.953882217407227,0.138477623462677,recon_dom_01_10
2821,,,,,,,,,,2.1629884243011475,0.5055814981460571,36.447261810302734,3.0330424308776855,0.18645289540290833,0.0,0.0,0.0,21.265531539916992,0.24056604504585266,28.424243927001953,0.1328938603401184,recon_dom_01_10
2822,,,,,,,,,,1.6300685405731201,1.1333928108215332,8.342287063598633,2.846884250640869,0.07435496896505356,0.0,0.0,0.0,4.194289207458496,0.23551969230175018,7.477275848388672,0.1403328776359558,recon_dom_01_10
2823,,,,,,,,,,2.7648849487304688,0.3297189474105835,50.0,3.594604015350342,0.35255923867225647,0.0,0.0,0.0,56.18269348144531,0.2415623515844345,68.95999145507812,0.13089805841445923,recon_dom_01_10
2824,,,,,,,,,,1.5811762809753418,4.549980640411377,2.386244058609009,6.155019283294678,0.05006106197834015,0.0,0.0,0.0,0.7113350033760071,0.2308793067932129,2.77474308013916,0.14144322276115417,recon_dom_01_10
2825,,,,,,,,,,1.9541435241699219,0.6172922849655151,45.649600982666016,3.0279319286346436,0.20292474329471588,0.0,0.0,0.0,26.907209396362305,0.23837748169898987,35.381107330322266,0.13374260067939758,recon_dom_01_10
2826,,,,0.0,0.0,0.0,100.0,100.0,50.0,1.2922897338867188,5.093924045562744,2.418538808822632,6.410398960113525,0.06899698078632355,0.0,0.0,0.0,0.6934616565704346,0.2354009747505188,2.6858630180358887,0.13620615005493164,recon_dom_01_10
2827,,,,,,,,,,1.7072551250457764,0.3633815348148346,50.0,2.570636749267578,0.4695885479450226,0.0,0.0,0.0,95.3347396850586,0.2314704954624176,106.6258316040039,0.1404935121536255,recon_dom_01_10
2828,,,,,,,,,,1.702312707901001,0.7075997591018677,22.132137298583984,2.6312339305877686,0.13701915740966797,0.00033580008312128484,0.0,0.0,12.614747047424316,0.23698674142360687,17.589120864868164,0.13701914250850677,recon_dom_01_10
2829,,,,,,,,,,2.709676504135132,0.9430640339851379,12.750144958496094,3.7802419662475586,0.10607370734214783,0.0,0.0,0.0,6.432555675506592,0.23688340187072754,11.499824523925781,0.1361960917711258,recon_dom_01_10
2830,,,,,,,,,,0.7551957964897156,8.07956314086914,1.1786566972732544,8.846545219421387,0.046999089419841766,0.0,0.0,0.0,0.2106473743915558,0.22799721360206604,1.3910411596298218,0.14693596959114075,recon_dom_01_10
2831,,,,,,,,,,2.855052947998047,0.3523060381412506,50.0,3.7073590755462646,0.2596449851989746,0.0,0.0,0.0,36.398128509521484,0.2406468689441681,46.2916145324707,0.13212460279464722,recon_dom_01_10
2832,,,,,,,,,,2.4353013038635254,0.49486517906188965,26.532238006591797,3.195488929748535,0.1627090573310852,0.0,0.0,0.0,14.930578231811523,0.2387247383594513,21.501806259155273,0.13339945673942566,recon_dom_01_10
2833,,,,,,,,,,1.7980297803878784,0.43626028299331665,50.0,2.73429012298584,0.373047411441803,0.0,0.0,0.0,73.36650085449219,0.2392699420452118,84.94124603271484,0.13516725599765778,recon_dom_01_10
2834,,,,,,,,,,0.8003274202346802,8.50751781463623,1.2259258031845093,9.320104598999023,0.05248156562447548,0.000477327179396525,0.0,0.0,0.21921700239181519,0.228253573179245,1.4132837057113647,0.14356496930122375,recon_dom_01_10
2835,,,,,,,,,,1.6215472221374512,0.3064337372779846,50.0,2.427980899810791,0.6434444785118103,0.0,0.0,0.0,136.08616638183594,0.2357126623392105,151.63238525390625,0.13634216785430908,recon_dom_01_10
2836,,,,0.0,0.0,0.0,100.0,50.0,50.0,2.5922963619232178,0.6301851868629456,22.75990104675293,3.450080633163452,0.1526643931865692,0.0,0.0,0.0,12.538963317871094,0.23862305283546448,18.840885162353516,0.13309994339942932,recon_dom_01_10
2837,,,,,,,,,,2.754410743713379,0.6045968532562256,25.691892623901367,3.615926504135132,0.15235988795757294,0.0,0.0,0.0,14.241427421569824,0.23902112245559692,21.302886962890625,0.1332075595855713,recon_dom_01_10
2838,,,,,,,,,,2.2761566638946533,1.1185749769210815,11.90913200378418,3.5138230323791504,0.10162648558616638,0.0,0.0,0.0,6.152266979217529,0.23677584528923035,10.423178672790527,0.13464760780334473,recon_dom_01_10
2839,,,,,,,,,,1.6459033489227295,1.2241758108139038,9.79234790802002,2.9680025577545166,0.08919310569763184,0.0,0.0,0.0,4.9556097984313965,0.235168918967247,8.70691967010498,0.13796454668045044,recon_dom_01_10
2840,,,,,,,,,,2.149038314819336,1.792175054550171,5.376888751983643,3.9949822425842285,0.09749048948287964,0.0,0.0,0.0,2.164292335510254,0.23385827243328094,5.376421928405762,0.13546746969223022,recon_dom_01_10
2841,,,,,,,,,,1.6862313747406006,0.3849821090698242,50.0,2.571213483810425,0.34958577156066895,0.0,0.0,0.0,64.1746826171875,0.2380204200744629,74.87591552734375,0.13635805249214172,recon_dom_01_10
2842,,,,,,,,,,2.190114974975586,0.6338555812835693,23.72686195373535,3.061239242553711,0.14744877815246582,0.0,0.0,0.0,13.207740783691406,0.23613151907920837,19.489604949951172,0.13460804522037506,recon_dom_01_10
2843,,,,,,,,,,1.6296361684799194,0.5990166664123535,19.71571922302246,2.4258100986480713,0.11056695133447647,0.0,0.0,0.0,11.209083557128906,0.23364971578121185,15.832513809204102,0.14177632331848145,recon_dom_01_10
2844,,,,,,,,,,0.7461904287338257,9.288061141967773,1.2596068382263184,10.046847343444824,0.07510703802108765,0.0,0.0,0.0,0.16795948147773743,0.23033812642097473,1.3577203750610352,0.14218097925186157,recon_dom_01_10
2845,,,,,,,,,,1.4803414344787598,2.527107000350952,5.406226634979248,4.0615105628967285,0.0820520669221878,0.0,0.0,0.0,2.4256510734558105,0.22578513622283936,5.066089630126953,0.1469128280878067,recon_dom_01_10
2846,,,,0.0,0.0,0.0,100.0,100.0,100.0,1.5880165100097656,0.23920312523841858,50.0,2.3272197246551514,0.6294968724250793,0.0,0.0,0.0,133.0352020263672,0.23568443953990936,147.6061553955078,0.13694223761558533,recon_dom_01_10
2847,,,,,,,,,,2.0211780071258545,0.29715269804000854,50.0,2.818330764770508,0.9289740324020386,0.0,0.0,0.0,207.09339904785156,0.24049720168113708,218.4360809326172,0.13422614336013794,recon_dom_01_10
2848,,,,,,,,,,2.0677850246429443,1.363600254058838,8.545868873596191,3.5168440341949463,0.09237196296453476,0.0,0.0,0.0,4.03327751159668,0.23164337873458862,8.027597427368164,0.13769380748271942,recon_dom_01_10
2849,,,,,,,,,,1.8866117000579834,1.3086414337158203,8.724991798400879,3.282503128051758,0.10192777216434479,0.0,0.0,0.0,4.22061824798584,0.23651555180549622,7.915065288543701,0.13550126552581787,recon_dom_01_10
2850,,,,,,,,,,1.6668355464935303,0.5359864234924316,23.66206169128418,2.4394426345825195,0.1356981247663498,0.0,0.0,0.0,13.482240676879883,0.2283875048160553,18.928043365478516,0.14470401406288147,recon_dom_01_10
2851,,,,,,,,,,1.3487699031829834,1.9217075109481812,4.354304790496826,3.3140203952789307,0.06670451909303665,0.0,0.0,0.0,1.879957914352417,0.22990044951438904,4.206857204437256,0.1440574824810028,recon_dom_01_10
2852,,,,,,,,,,2.1265063285827637,0.23811133205890656,50.0,2.8646175861358643,0.6849837899208069,0.0,0.0,0.0,137.5610809326172,0.240342378616333,153.72056579589844,0.13159622251987457,recon_dom_01_10
2853,,,,,,,,,,2.560359001159668,1.0370477437973022,9.156909942626953,3.6889758110046387,0.09392382204532623,0.0,0.0,0.0,4.33397912979126,0.23441916704177856,8.632608413696289,0.1356498897075653,recon_dom_01_10
2854,,,,,,,,,,1.6548662185668945,1.007194995880127,15.267740249633789,2.8147385120391846,0.09613974392414093,0.0,0.0,0.0,8.406661987304688,0.23503944277763367,12.685907363891602,0.1392303705215454,recon_dom_01_10
2855,,,,,,,,,,1.4098167419433594,1.4285556077957153,6.147144794464111,2.899843692779541,0.07472861558198929,0.0,0.0,0.0,2.9004955291748047,0.23433661460876465,5.670802593231201,0.14171487092971802,recon_dom_01_10
2856,,,,0.0,0.0,50.0,100.0,50.0,100.0,1.577146291732788,0.29853689670562744,48.34957504272461,2.3591790199279785,0.1767263412475586,0.0,0.0,0.0,29.354795455932617,0.23445741832256317,36.14690017700195,0.14249348640441895,recon_dom_01_10
2857,,,,,,,,,,2.7959022521972656,0.45698413252830505,20.551769256591797,3.458404064178467,0.14365166425704956,0.0,0.0,0.0,11.08207893371582,0.2377449870109558,17.42860221862793,0.13355258107185364,recon_dom_01_10
2858,,,,,,,,,,0.9408668875694275,6.755794525146484,1.7543792724609375,7.714205265045166,0.06669984757900238,0.0,0.0,0.0,0.4055156111717224,0.22609162330627441,1.9568531513214111,0.14328661561012268,recon_dom_01_10
2859,,,,,,,,,,2.6906847953796387,0.3024071753025055,50.0,3.4930920600891113,0.25615212321281433,0.0,0.0,0.0,34.93061447143555,0.24035969376564026,43.87967300415039,0.13320431113243103,recon_dom_01_10
2860,,,,,,,,,,2.3715157508850098,1.392435908317566,7.941619873046875,3.8433678150177,0.07954445481300354,0.0,0.0,0.0,3.720571994781494,0.23620131611824036,7.571962356567383,0.1372457891702652,recon_dom_01_10
2861,,,,,,,,,,2.997650146484375,0.2645905613899231,48.337425231933594,3.745615005493164,0.22981403768062592,0.0,0.0,0.0,28.077035903930664,0.23770546913146973,38.148433685302734,0.13331076502799988,recon_dom_01_10
2862,,,,,,,,,,1.9707252979278564,1.4933750629425049,13.228975296020508,3.5963900089263916,0.09929601103067398,0.0,0.0,0.0,6.915375709533691,0.23815248906612396,11.55952262878418,0.13543245196342468,recon_dom_01_10
2863,,,,,,,,,,1.78714120388031,2.4746205806732178,5.698200225830078,4.318743705749512,0.06753762811422348,0.0,0.0,0.0,2.536958932876587,0.2307443916797638,5.572268962860107,0.14343887567520142,recon_dom_01_10
2864,,,,,,,,,,2.0833120346069336,0.22535814344882965,50.0,2.8086702823638916,0.5385228395462036,0.0,0.0,0.0,108.56446838378906,0.2386322319507599,122.58199310302734,0.13324512541294098,recon_dom_01_10
2865,,,,,,,,,,1.9338487386703491,0.36014899611473083,37.615474700927734,2.670152425765991,0.18808530271053314,0.0,0.0,0.0,22.037504196166992,0.23567530512809753,29.20088768005371,0.13532838225364685,recon_dom_01_10
2866,,,,0.0,0.0,0.0,100.0,50.0,100.0,1.698679804801941,0.3131383955478668,50.0,2.5118181705474854,0.2154920995235443,0.0,0.0,0.0,36.22179412841797,0.2372039258480072,44.1944465637207,0.13882538676261902,recon_dom_01_10
2867,,,,,,,,,,2.8865315914154053,0.34205329418182373,40.07107925415039,3.629295587539673,0.187087744474411,0.0,0.0,0.0,23.271282196044922,0.24057532846927643,31.653945922851562,0.13327723741531372,recon_dom_01_10
2868,,,,,,,,,,1.4902957677841187,2.0845956802368164,5.344414234161377,3.628335475921631,0.04790802299976349,0.0,0.0,0.0,2.575080394744873,0.23003512620925903,4.984004974365234,0.1478824019432068,recon_dom_01_10
2869,,,,,,,,,,1.760854721069336,0.5664296746253967,18.158653259277344,2.508870840072632,0.0963171124458313,0.022769538685679436,0.0,0.0,10.310691833496094,0.23195350170135498,14.612726211547852,0.1404808610677719,recon_dom_01_10
2870,,,,,,,,,,2.3169870376586914,0.9510299563407898,13.913385391235352,3.4071507453918457,0.11386401206254959,0.0,0.0,0.0,7.082286834716797,0.23788076639175415,12.449121475219727,0.1342865526676178,recon_dom_01_10
2871,,,,,,,,,,1.5490446090698242,1.1294759511947632,9.144509315490723,2.769965648651123,0.08244255930185318,0.0,0.0,0.0,4.645965576171875,0.22941115498542786,8.097442626953125,0.1466778814792633,recon_dom_01_10
2872,,,,,,,,,,1.661310076713562,2.1579689979553223,4.352590560913086,3.862804889678955,0.07220354676246643,0.0,0.0,0.0,1.7848241329193115,0.2329380363225937,4.338859558105469,0.14024803042411804,recon_dom_01_10
2873,,,,,,,,,,2.0724263191223145,1.2418311834335327,10.288125038146973,3.4171388149261475,0.11506284028291702,0.0,0.0,0.0,5.012139797210693,0.23509669303894043,9.327156066894531,0.13583534955978394,recon_dom_01_10
2874,,,,,,,,,,0.7774304151535034,8.404871940612793,1.2235138416290283,9.194537162780762,0.05266580358147621,0.0,0.0,0.0,0.22136884927749634,0.22633269429206848,1.4035720825195312,0.14396703243255615,recon_dom_01_10
2875,,,,,,,,,,1.6999785900115967,0.33696895837783813,50.0,2.53694748878479,0.22282782196998596,0.0,0.0,0.0,36.181724548339844,0.23702198266983032,44.16383361816406,0.13657592236995697,recon_dom_01_10
2876,,,,0.0,0.0,0.0,100.0,100.0,100.0,2.857177734375,0.553495466709137,20.511022567749023,3.615783452987671,0.15269163250923157,0.0,0.0,0.0,10.881244659423828,0.2405247688293457,17.658090591430664,0.1322159618139267,recon_dom_01_10
2877,,,,,,,,,,1.7230209112167358,0.6720884442329407,12.074860572814941,2.5158579349517822,0.08666051179170609,0.0,0.0,0.0,6.457765579223633,0.23096734285354614,10.29250717163086,0.1444283127784729,recon_dom_01_10
2878,,,,,,,,,,1.6302340030670166,0.17727968096733093,50.0,2.30751371383667,0.6753677725791931,0.0,0.0,0.0,137.52256774902344,0.2340794801712036,151.11221313476562,0.13791798055171967,recon_dom_01_10
2879,,,,,,,,,,2.1159510612487793,1.299293041229248,8.862106323242188,3.5038652420043945,0.09141917526721954,0.0,0.0,0.0,4.34873104095459,0.23657739162445068,8.037914276123047,0.13664254546165466,recon_dom_01_10
2880,,,,,,,,,,0.4259287714958191,12.69412899017334,0.5911356210708618,13.125968933105469,0.023716121912002563,0.0,0.0,0.0,0.080230213701725,0.22339791059494019,0.7092639803886414,0.1535298228263855,recon_dom_01_10
2881,,,,,,,,,,2.0757503509521484,1.587816596031189,5.368049621582031,3.717247486114502,0.0845797136425972,0.0,0.0,0.0,2.2854979038238525,0.2302842140197754,5.245310306549072,0.13969576358795166,recon_dom_01_10
2882,,,,,,,,,,2.3925530910491943,1.6348774433135986,6.439414978027344,4.091824531555176,0.0839834213256836,0.0,0.0,0.0,2.777435064315796,0.2344185709953308,6.409548759460449,0.13846424221992493,recon_dom_01_10
2883,,,,,,,,,,2.161807060241699,1.8675893545150757,5.048671245574951,4.079883098602295,0.07603740692138672,0.0,0.0,0.0,2.0152170658111572,0.23469120264053345,5.232448577880859,0.13573789596557617,recon_dom_01_10
2884,,,,,,,,,,1.5011520385742188,5.022830486297607,1.6547690629959106,6.540530204772949,0.056589193642139435,0.0,0.0,0.0,0.36614757776260376,0.23098622262477875,1.9371058940887451,0.14023911952972412,recon_dom_01_10
2885,,,,,,,,,,1.8723286390304565,0.38313236832618713,25.7828369140625,2.513289451599121,0.11644196510314941,0.006730781868100166,0.0,0.0,14.98019027709961,0.23201557993888855,20.35225486755371,0.1437731385231018,recon_dom_01_10
2886,,,,0.0,0.0,0.0,100.0,100.0,50.0,1.9658154249191284,2.6010260581970215,2.7481162548065186,4.594322681427002,0.07241398096084595,0.0,0.0,0.0,0.8201912641525269,0.22706493735313416,3.0571889877319336,0.14553996920585632,recon_dom_01_10
2887,,,,,,,,,,1.8892772197723389,0.17371462285518646,50.0,2.5629918575286865,0.6329460740089417,0.0,0.0,0.0,130.64031982421875,0.23621095716953278,141.13706970214844,0.13613498210906982,recon_dom_01_10
2888,,,,,,,,,,3.064683437347412,0.20992238819599152,41.4370002746582,3.6889758110046387,0.2028004676103592,0.0,0.0,0.0,24.00894546508789,0.24112503230571747,32.753448486328125,0.13216249644756317,recon_dom_01_10
2889,,,,,,,,,,2.9845476150512695,0.833022952079773,7.356261730194092,3.8911330699920654,0.08256186544895172,0.0,0.0,0.0,3.279325485229492,0.2364012897014618,7.253683090209961,0.136447474360466,recon_dom_01_10
2890,,,,,,,,,,2.901080846786499,0.1613311916589737,50.0,3.5624120235443115,0.2821228504180908,0.0,0.0,0.0,39.958160400390625,0.24126842617988586,50.53217315673828,0.13160189986228943,recon_dom_01_10
2891,,,,,,,,,,1.9310646057128906,0.30523645877838135,27.85720443725586,2.5148730278015137,0.13066421449184418,0.0,0.0,0.0,16.191240310668945,0.22750024497509003,21.949377059936523,0.15201587975025177,recon_dom_01_10
2892,,,,,,,,,,0.9334462881088257,8.070915222167969,0.9444299936294556,9.013805389404297,0.044932618737220764,0.0,0.0,0.0,0.13034766912460327,0.22219420969486237,1.1040258407592773,0.15186896920204163,recon_dom_01_10
2893,,,,,,,,,,1.3024791479110718,1.2672843933105469,50.0,3.069763660430908,1.8571035861968994,0.0,0.0,0.0,401.1947937011719,0.23104017972946167,423.7441101074219,0.14035247266292572,recon_dom_01_10
2894,,,,,,,,,,3.0692315101623535,0.2779187560081482,16.5267276763916,3.5124175548553467,0.12174306064844131,0.0,0.0,0.0,8.665285110473633,0.23862682282924652,14.430980682373047,0.13374239206314087,recon_dom_01_10
2895,,,,,,,,,,2.8332698345184326,0.22349993884563446,50.0,3.556769847869873,1.5379035472869873,0.0,0.0,0.0,315.7961730957031,0.2382735013961792,336.26263427734375,0.13307566940784454,recon_dom_01_10
2896,,,,0.0,0.0,0.0,100.0,50.0,50.0,3.249297857284546,0.19761529564857483,33.54957962036133,3.7824089527130127,0.18462839722633362,0.0,0.0,0.0,19.06289291381836,0.2395123839378357,27.052410125732422,0.13388791680335999,recon_dom_01_10
2897,,,,,,,,,,1.8178846836090088,0.20220905542373657,50.0,2.5200936794281006,0.28378555178642273,0.008234469220042229,0.0,0.0,52.94435119628906,0.23661848902702332,61.85205078125,0.14042457938194275,recon_dom_01_10
2898,,,,,,,,,,1.3995344638824463,4.698115348815918,1.3298494815826416,6.110948085784912,0.044857315719127655,0.0,0.0,0.0,0.25635161995887756,0.22738587856292725,1.6248059272766113,0.14069686830043793,recon_dom_01_10
2899,,,,,,,,,,2.5712296962738037,0.9482886791229248,5.219949722290039,3.5717179775238037,0.08988629281520844,0.0,0.0,0.0,2.0771431922912598,0.2335951030254364,5.312723636627197,0.1365411877632141,recon_dom_01_10
2900,,,,,,,,,,2.3234996795654297,0.3146243393421173,32.34310531616211,2.961555004119873,0.18593621253967285,0.0,0.0,0.0,18.56013298034668,0.2350432574748993,25.63239288330078,0.1359190046787262,recon_dom_01_10
2901,,,,,,,,,,3.0364413261413574,0.42398130893707275,14.935300827026367,3.6097755432128906,0.11108490079641342,0.0,0.0,0.0,7.744912624359131,0.23717519640922546,13.195252418518066,0.13619688153266907,recon_dom_01_10
2902,,,,,,,,,,3.143770217895508,0.18483595550060272,50.0,3.828606128692627,0.29191792011260986,0.0,0.0,0.0,49.8714599609375,0.2384749799966812,60.885986328125,0.13449876010417938,recon_dom_01_10
2903,,,,,,,,,,0.5575718879699707,12.22143840789795,0.537538468837738,12.784385681152344,0.020832214504480362,0.0,0.0,0.0,0.1097649484872818,0.22154951095581055,0.571638822555542,0.1563807725906372,recon_dom_01_10
2904,,,,,,,,,,3.073776960372925,0.2021082043647766,41.63459014892578,3.6922311782836914,0.21443869173526764,0.0,0.0,0.0,23.898073196411133,0.24166765809059143,33.25393295288086,0.13188830018043518,recon_dom_01_10
2905,,,,,,,,,,3.0502936840057373,0.30585166811943054,21.741601943969727,3.573561429977417,0.1368875950574875,0.0,0.0,0.0,11.877110481262207,0.23829081654548645,18.285537719726562,0.13454365730285645,recon_dom_01_10
2906,,,,0.0,0.0,50.0,50.0,100.0,100.0,0.575043797492981,10.62704086303711,0.6029016971588135,11.208113670349121,0.025504358112812042,0.0,0.0,0.0,0.08461524546146393,0.22848424315452576,0.7061693072319031,0.1483156532049179,recon_dom_01_10
2907,,,,,,,,,,2.990692615509033,0.19200918078422546,50.0,3.682701826095581,0.3269418776035309,0.0,0.0,0.0,51.19999694824219,0.23996281623840332,62.93231964111328,0.13201762735843658,recon_dom_01_10
2908,,,,,,,,,,1.5666186809539795,0.18482333421707153,50.0,2.2514419555664062,0.6917564272880554,0.024353234097361565,0.0,0.0,149.51205444335938,0.24089910089969635,164.2958221435547,0.13496455550193787,recon_dom_01_10
2909,,,,,,,,,,2.7551627159118652,0.8926072716712952,5.593331813812256,3.7037034034729004,0.09350061416625977,0.0,0.0,0.0,2.332705497741699,0.23426425457000732,5.512143135070801,0.1362518072128296,recon_dom_01_10
2910,,,,,,,,,,3.052487850189209,0.405010461807251,14.607231140136719,3.6035706996917725,0.12364627420902252,0.0,0.0,0.0,7.407158851623535,0.23968997597694397,13.089170455932617,0.1328628659248352,recon_dom_01_10
2911,,,,,,,,,,3.017275333404541,0.42383646965026855,15.12563705444336,3.5923681259155273,0.11460596323013306,0.0,0.0,0.0,7.899947643280029,0.2352321445941925,13.230851173400879,0.13709765672683716,recon_dom_01_10
2912,,,,,,,,,,2.0795745849609375,2.6380934715270996,3.2797107696533203,4.750465393066406,0.08150326460599899,0.0,0.0,0.0,1.0741947889328003,0.2261974960565567,3.5222203731536865,0.14269757270812988,recon_dom_01_10
2913,,,,,,,,,,2.225156784057617,1.8560357093811035,4.137136936187744,4.12256383895874,0.08611699938774109,0.0,0.0,0.0,1.439339518547058,0.2355729341506958,4.460225582122803,0.13542255759239197,recon_dom_01_10
2914,,,,,,,,,,2.6794700622558594,0.703774094581604,8.49288558959961,3.468173027038574,0.09668970108032227,0.0,0.0,0.0,4.012948513031006,0.23831120133399963,7.918467044830322,0.13423992693424225,recon_dom_01_10
2915,,,,,,,,,,2.056584358215332,0.6802371740341187,18.12053680419922,2.918026924133301,0.13102418184280396,0.0,0.0,0.0,9.81200885772705,0.22849252820014954,15.23276138305664,0.14178240299224854,recon_dom_01_10
2916,,,,0.0,0.0,0.0,100.0,100.0,100.0,2.557948350906372,0.19497939944267273,50.0,3.252927780151367,1.143947958946228,0.0,0.0,0.0,239.70692443847656,0.23737305402755737,260.36431884765625,0.13369083404541016,recon_dom_01_10
2917,,,,,,,,,,1.3549861907958984,3.606874942779541,2.623305320739746,4.988094329833984,0.06536377966403961,0.0,0.0,0.0,0.7922582626342773,0.23527175188064575,2.934023857116699,0.13689099252223969,recon_dom_01_10
2918,,,,,,,,,,2.1844840049743652,0.43511059880256653,30.870586395263672,2.928300380706787,0.17339465022087097,0.0,0.0,0.0,17.94172477722168,0.234521746635437,24.049514770507812,0.1367732137441635,recon_dom_01_10
2919,,,,,,,,,,1.7687146663665771,3.2482481002807617,2.4429776668548584,5.0413923263549805,0.07476155459880829,0.0,0.0,0.0,0.697371780872345,0.22733667492866516,2.669888973236084,0.14119839668273926,recon_dom_01_10
2920,,,,,,,,,,3.0504636764526367,0.4015147089958191,23.045997619628906,3.682438373565674,0.16303777694702148,0.0,0.0,0.0,12.360122680664062,0.23895440995693207,19.667007446289062,0.1328846961259842,recon_dom_01_10
2921,,,,,,,,,,2.515989303588867,0.758701503276825,9.999015808105469,3.374680995941162,0.1046777218580246,0.0,0.0,0.0,4.777896404266357,0.2361564338207245,9.321084976196289,0.13572368025779724,recon_dom_01_10
2922,,,,,,,,,,1.6870540380477905,0.3530872166156769,46.94823455810547,2.5096235275268555,0.17225608229637146,0.0,0.0,0.0,28.4042911529541,0.23186439275741577,35.29018020629883,0.1439017653465271,recon_dom_01_10
2923,,,,,,,,,,2.668701648712158,0.3040616512298584,34.429447174072266,3.3170578479766846,0.17336852848529816,0.0,0.0,0.0,19.964643478393555,0.23771178722381592,27.121572494506836,0.13406120240688324,recon_dom_01_10
2924,,,,,,,,,,2.819664478302002,0.23975038528442383,50.0,3.559414863586426,0.2764143943786621,0.0,0.0,0.0,36.654747009277344,0.24143439531326294,47.52525329589844,0.13089214265346527,recon_dom_01_10
2925,,,,,,,,,,1.791820764541626,0.5020171999931335,27.8040714263916,2.571878671646118,0.14463359117507935,0.0,0.0,0.0,16.1412296295166,0.2311641275882721,21.80463409423828,0.1424061805009842,recon_dom_01_10
2926,,,,0.0,0.0,0.0,100.0,50.0,50.0,1.2543593645095825,5.150820732116699,1.434863805770874,6.419528961181641,0.03906655311584473,0.0,0.0,0.0,0.32573333382606506,0.2304292917251587,1.753218173980713,0.14145717024803162,recon_dom_01_10
2927,,,,,,,,,,1.4365689754486084,2.661576509475708,3.259025812149048,4.130735874176025,0.06730128079652786,0.0,0.0,0.0,1.1710262298583984,0.23270675539970398,3.4285693168640137,0.13937778770923615,recon_dom_01_10
2928,,,,,,,,,,1.2975916862487793,4.738309383392334,2.602632522583008,6.061927318572998,0.04707754775881767,0.0,0.0,0.0,0.8740374445915222,0.23129184544086456,2.9116663932800293,0.14244866371154785,recon_dom_01_10
2929,,,,,,,,,,1.1235703229904175,5.454102993011475,1.6059553623199463,6.593732833862305,0.06612662225961685,0.0,0.0,0.0,0.36155951023101807,0.23029914498329163,1.7531872987747192,0.14139169454574585,recon_dom_01_10
2930,,,,,,,,,,2.1097028255462646,1.5928456783294678,6.490518093109131,3.767453670501709,0.07405868917703629,0.0,0.0,0.0,3.039612293243408,0.2310699224472046,6.087241172790527,0.1388501524925232,recon_dom_01_10
2931,,,,,,,,,,2.7803187370300293,0.3106902837753296,39.005374908447266,3.481062889099121,0.2034841775894165,0.0,0.0,0.0,22.589813232421875,0.24020661413669586,30.721792221069336,0.13223761320114136,recon_dom_01_10
2932,,,,,,,,,,0.9607512950897217,6.763978481292725,1.1007554531097412,7.735737323760986,0.044024527072906494,0.0,0.0,0.0,0.2145262062549591,0.2117941975593567,1.2571804523468018,0.16336925327777863,recon_dom_01_10
2933,,,,,,,,,,2.685502767562866,0.5651236176490784,17.645410537719727,3.4270803928375244,0.12421274185180664,0.0,0.0,0.0,9.435449600219727,0.23805303871631622,15.103278160095215,0.13452066481113434,recon_dom_01_10
2934,,,,,,,,,,1.4392454624176025,1.2239012718200684,8.47350025177002,2.7478816509246826,0.0961475595831871,0.007275213487446308,0.0,0.0,4.221977710723877,0.22956791520118713,7.451766490936279,0.14668676257133484,recon_dom_01_10
2935,,,,,,,,,,2.9293484687805176,0.3357880711555481,39.09503173828125,3.6560869216918945,0.21419665217399597,0.0,0.0,0.0,22.2545223236084,0.24091008305549622,31.46453285217285,0.13167087733745575,recon_dom_01_10
2936,,,,0.0,0.0,0.0,100.0,100.0,100.0,1.8624299764633179,1.6002017259597778,5.432141304016113,3.516953229904175,0.07869390398263931,0.0,0.0,0.0,2.338254928588867,0.23415154218673706,5.326213359832764,0.13894933462142944,recon_dom_01_10
2937,,,,,,,,,,2.7048087120056152,0.2361421436071396,50.0,3.440950870513916,0.5365062355995178,0.0,0.0,0.0,98.7524185180664,0.24268363416194916,118.0513687133789,0.1304532140493393,recon_dom_01_10
2938,,,,,,,,,,1.737358570098877,1.4828819036483765,6.297517776489258,3.2832157611846924,0.08060282468795776,0.0,0.0,0.0,2.946873664855957,0.22282063961029053,5.820646286010742,0.15024183690547943,recon_dom_01_10
2939,,,,,,,,,,1.21694016456604,6.756356239318848,1.3867501020431519,7.98716402053833,0.05232283100485802,0.0,0.0,0.0,0.2628099322319031,0.23325778543949127,1.6501986980438232,0.13900955021381378,recon_dom_01_10
2940,,,,,,,,,,2.699392795562744,0.23305265605449677,50.0,3.432445526123047,0.4204142391681671,0.0,0.0,0.0,72.4041748046875,0.24390777945518494,87.15753173828125,0.1300535500049591,recon_dom_01_10
2941,,,,,,,,,,0.6073729991912842,11.402623176574707,0.7947547435760498,12.017943382263184,0.047003358602523804,0.0,0.0,0.0,0.08850464224815369,0.23303094506263733,0.8675998449325562,0.14130301773548126,recon_dom_01_10
2942,,,,,,,,,,1.5185397863388062,1.1367661952972412,7.030101299285889,2.725606918334961,0.06766336411237717,0.0,0.0,0.0,3.5091068744659424,0.230250746011734,6.290314674377441,0.14494982361793518,recon_dom_01_10
2943,,,,,,,,,,1.7589176893234253,1.6973152160644531,3.2366127967834473,3.4885990619659424,0.07749535143375397,0.0,0.0,0.0,1.1404732465744019,0.22889786958694458,3.3432750701904297,0.1413561999797821,recon_dom_01_10
2944,,,,,,,,,,2.721675395965576,0.24200959503650665,50.0,3.4636850357055664,0.5511279702186584,0.0,0.0,0.0,105.08316040039062,0.24220742285251617,120.10899353027344,0.13121497631072998,recon_dom_01_10
2945,,,,,,,,,,0.8825646638870239,8.143318176269531,0.7700532674789429,9.033583641052246,0.029167598113417625,0.0,0.0,0.0,0.11882205307483673,0.22018194198608398,0.9351084232330322,0.1582084447145462,recon_dom_01_10
2946,,,,0.0,0.0,0.0,100.0,50.0,100.0,2.9135329723358154,0.3704579770565033,38.39311218261719,3.667922019958496,0.1775083839893341,0.0,0.0,0.0,22.265615463256836,0.2390100061893463,30.405202865600586,0.13451942801475525,recon_dom_01_10
2947,,,,,,,,,,0.9251460433006287,7.432894706726074,0.7942457795143127,8.365983009338379,0.03624362125992775,0.0,0.0,0.0,0.12146775424480438,0.22963300347328186,0.9077482223510742,0.14722557365894318,recon_dom_01_10
2948,,,,,,,,,,1.9025757312774658,1.12008798122406,7.2651143074035645,3.0953147411346436,0.0797964334487915,0.0,0.0,0.0,3.5439820289611816,0.23212862014770508,6.56968879699707,0.14092940092086792,recon_dom_01_10
2949,,,,,,,,,,2.8759477138519287,0.27780881524086,50.0,3.653756618499756,0.372732937335968,0.0,0.0,0.0,66.86897277832031,0.23931637406349182,79.4647216796875,0.13445529341697693,recon_dom_01_10
2950,,,,,,,,,,1.5886151790618896,0.25083720684051514,50.0,2.3394522666931152,0.6264734864234924,0.0063608367927372456,0.0,0.0,141.27500915527344,0.2338130623102188,154.63772583007812,0.1423746645450592,recon_dom_01_10
2951,,,,,,,,,,2.878387212753296,0.32559430599212646,43.190765380859375,3.6358890533447266,0.2071915566921234,0.0,0.0,0.0,25.050594329833984,0.24025976657867432,34.13384246826172,0.132642924785614,recon_dom_01_10
2952,,,,,,,,,,2.986706256866455,0.35375699400901794,32.73194122314453,3.6677825450897217,0.1718544363975525,0.0,0.0,0.0,18.580947875976562,0.23946639895439148,26.5087947845459,0.13380461931228638,recon_dom_01_10
2953,,,,,,,,,,1.7748397588729858,0.4660249650478363,25.527772903442383,2.4961423873901367,0.12052729725837708,0.0,0.0,0.0,14.716200828552246,0.23340106010437012,20.342599868774414,0.14296728372573853,recon_dom_01_10
2954,,,,,,,,,,2.221072196960449,0.5922930836677551,32.195526123046875,3.1353204250335693,0.14653757214546204,0.0,0.0,0.0,18.567874908447266,0.2373233437538147,25.714656829833984,0.13903537392616272,recon_dom_01_10
2955,,,,,,,,,,1.737255573272705,0.5960683822631836,21.6230411529541,2.5495543479919434,0.13340675830841064,0.0,0.0,0.0,12.250165939331055,0.2312857061624527,17.337379455566406,0.1402221918106079,recon_dom_01_10
2956,,,,0.0,0.0,0.0,100.0,50.0,50.0,2.919203758239746,0.34973809123039246,46.662818908691406,3.735569953918457,0.21332283318042755,0.0,0.0,0.0,27.134428024291992,0.24108904600143433,36.84880828857422,0.1326208859682083,recon_dom_01_10
2957,,,,,,,,,,2.5580272674560547,0.2957978844642639,50.0,3.353825092315674,0.3545827567577362,0.0,0.0,0.0,58.616817474365234,0.24048134684562683,70.39249420166016,0.13189148902893066,recon_dom_01_10
2958,,,,,,,,,,2.4464433193206787,1.0533714294433594,5.606886863708496,3.5558836460113525,0.09237384796142578,0.0,0.0,0.0,2.2400779724121094,0.2355615198612213,5.735714912414551,0.1352626085281372,recon_dom_01_10
2959,,,,,,,,,,2.1870150566101074,1.1968119144439697,7.611730575561523,3.459944248199463,0.10150210559368134,0.0,0.0,0.0,3.572342872619629,0.2365577220916748,6.989292144775391,0.135753333568573,recon_dom_01_10
2960,,,,,,,,,,2.5618414878845215,0.32794246077537537,50.0,3.3897838592529297,0.24510622024536133,0.0,0.0,0.0,32.15788650512695,0.24030756950378418,41.35422134399414,0.1320386379957199,recon_dom_01_10
2961,,,,,,,,,,2.8294601440429688,0.3445548713207245,50.0,3.6740150451660156,0.2843521237373352,0.0,0.0,0.0,41.16777038574219,0.24099452793598175,53.150001525878906,0.13212022185325623,recon_dom_01_10
2962,,,,,,,,,,1.6997871398925781,1.9376436471939087,4.451151371002197,3.6819422245025635,0.08558866381645203,0.0,0.0,0.0,1.8034870624542236,0.22914853692054749,4.364950180053711,0.14331459999084473,recon_dom_01_10
2963,,,,,,,,,,1.8590984344482422,0.6950142979621887,26.443628311157227,2.8185489177703857,0.151882141828537,0.0,0.0,0.0,15.142669677734375,0.2390575110912323,21.008129119873047,0.13576512038707733,recon_dom_01_10
2964,,,,,,,,,,1.823372721672058,1.8314753770828247,5.28444766998291,3.7076926231384277,0.08414426445960999,0.0,0.0,0.0,2.175283670425415,0.2306005209684372,5.3026251792907715,0.14069971442222595,recon_dom_01_10
2965,,,,,,,,,,0.9799711108207703,7.159276485443115,1.0837430953979492,8.15008544921875,0.03778604418039322,0.0,0.0,0.0,0.1783018261194229,0.23407655954360962,1.3582897186279297,0.13958579301834106,recon_dom_01_10
2966,,,,0.0,0.0,0.0,100.0,50.0,100.0,2.630431652069092,0.25481531023979187,50.0,3.385246992111206,0.960849404335022,0.0,0.0,0.0,208.8993682861328,0.23826859891414642,226.75291442871094,0.1344669759273529,recon_dom_01_10
2967,,,,,,,,,,1.7648077011108398,1.3305553197860718,6.835788726806641,3.1637208461761475,0.07940671592950821,0.0,0.0,0.0,3.129192590713501,0.23288612067699432,6.54486608505249,0.138414204120636,recon_dom_01_10
2968,,,,,,,,,,1.8683643341064453,1.0333276987075806,9.478641510009766,2.99647855758667,0.07812671363353729,0.0,0.0,0.0,4.879367351531982,0.23482519388198853,8.342561721801758,0.1387743353843689,recon_dom_01_10
2969,,,,,,,,,,2.699549436569214,0.5768167972564697,27.480865478515625,3.5511748790740967,0.15500298142433167,0.0,0.0,0.0,15.289470672607422,0.23700544238090515,22.758434295654297,0.13459503650665283,recon_dom_01_10
2970,,,,,,,,,,1.4604055881500244,2.673351764678955,2.9885902404785156,4.1636433601379395,0.05564173683524132,0.023150315508246422,0.0,0.0,1.147902250289917,0.23027953505516052,3.004246950149536,0.1417766958475113,recon_dom_01_10
2971,,,,,,,,,,2.6586811542510986,0.33775603771209717,50.0,3.4964370727539062,0.24495750665664673,0.0,0.0,0.0,31.2528076171875,0.241001695394516,40.771209716796875,0.13172690570354462,recon_dom_01_10
2972,,,,,,,,,,0.8182990550994873,8.541358947753906,0.9110758900642395,9.368768692016602,0.034360673278570175,0.0,0.0,0.0,0.12940824031829834,0.23574677109718323,1.1446356773376465,0.13971778750419617,recon_dom_01_10
2973,,,,,,,,,,2.2717955112457275,0.33229494094848633,50.0,3.104090452194214,0.5993943810462952,0.0,0.0,0.0,125.9989242553711,0.23963195085525513,141.0339813232422,0.1359063982963562,recon_dom_01_10
2974,,,,,,,,,,2.5433993339538574,0.4357001781463623,31.657320022583008,3.295672655105591,0.1672111451625824,0.0,0.0,0.0,18.296396255493164,0.23176661133766174,24.97598648071289,0.13698406517505646,recon_dom_01_10
2975,,,,,,,,,,1.6580917835235596,4.436820030212402,1.727189064025879,6.112183570861816,0.06421685218811035,0.0,0.0,0.0,0.3716580271720886,0.22603249549865723,1.9942796230316162,0.1470383256673813,recon_dom_01_10
2976,,,,0.0,0.0,0.0,100.0,100.0,100.0,1.6280688047409058,2.3405678272247314,2.975024700164795,3.998386859893799,0.056552737951278687,0.0,0.0,0.0,1.093170404434204,0.2307852804660797,3.123960494995117,0.14031487703323364,recon_dom_01_10
2977,,,,,,,,,,1.529653549194336,3.8140621185302734,1.7217636108398438,5.360933303833008,0.060815829783678055,0.0,0.0,0.0,0.38978835940361023,0.2281595766544342,1.981723427772522,0.14218473434448242,recon_dom_01_10
2978,,,,,,,,,,2.9511592388153076,0.406219482421875,34.60675811767578,3.703446388244629,0.1838517189025879,0.0,0.0,0.0,19.646759033203125,0.24098065495491028,28.00682830810547,0.13228566944599152,recon_dom_01_10
2979,,,,,,,,,,2.6226983070373535,0.3592168390750885,50.0,3.481915235519409,0.23607175052165985,0.0,0.0,0.0,33.31373596191406,0.23574064671993256,42.08922576904297,0.13441887497901917,recon_dom_01_10
2980,,,,,,,,,,1.8454761505126953,0.2757164239883423,50.0,2.621192455291748,0.7157992124557495,0.0,0.0,0.0,147.1889190673828,0.2360050231218338,162.79055786132812,0.136188805103302,recon_dom_01_10
2981,,,,,,,,,,1.7204704284667969,0.48873433470726013,28.023786544799805,2.4894425868988037,0.13051308691501617,0.0,0.0,0.0,16.344345092773438,0.2354283630847931,21.97904396057129,0.13812243938446045,recon_dom_01_10
2982,,,,,,,,,,2.836162567138672,0.41890642046928406,43.690879821777344,3.6919777393341064,0.20075075328350067,0.0,0.0,0.0,25.591562271118164,0.24017532169818878,34.116416931152344,0.13339842855930328,recon_dom_01_10
2983,,,,,,,,,,0.6804956197738647,8.718404769897461,0.7941412925720215,9.406842231750488,0.030079267919063568,0.0,0.0,0.0,0.13241830468177795,0.22386115789413452,0.9475999474525452,0.15140576660633087,recon_dom_01_10
2984,,,,,,,,,,1.8760809898376465,2.2885115146636963,2.3250818252563477,4.187843322753906,0.07015105336904526,0.0,0.0,0.0,0.6266170144081116,0.2319759726524353,2.6213178634643555,0.1385301649570465,recon_dom_01_10
2985,,,,,,,,,,2.3681416511535645,1.1072872877120972,5.938850402832031,3.5348174571990967,0.09075726568698883,0.0,0.0,0.0,2.4636878967285156,0.23467841744422913,5.968633651733398,0.1359165906906128,recon_dom_01_10
2986,,,,0.0,50.0,0.0,100.0,50.0,100.0,2.4196364879608154,0.802672266960144,16.504737854003906,3.3873560428619385,0.12235191464424133,0.0,0.0,0.0,8.702215194702148,0.23888662457466125,14.307085990905762,0.13331520557403564,recon_dom_01_10
2987,,,,,,,,,,2.0421392917633057,0.3567288815975189,50.0,2.8988680839538574,0.3038809895515442,0.0,0.0,0.0,59.811546325683594,0.2376672625541687,69.27696228027344,0.13676750659942627,recon_dom_01_10
2988,,,,,,,,,,2.5845565795898438,0.2321878969669342,50.0,3.316744565963745,0.7571713328361511,0.0,0.0,0.0,155.2692413330078,0.24146057665348053,174.42324829101562,0.1313127875328064,recon_dom_01_10
2989,,,,,,,,,,2.357947826385498,1.3489044904708862,6.90285062789917,3.775880813598633,0.07848198711872101,0.0,0.0,0.0,3.158856153488159,0.23409304022789001,6.628941535949707,0.13704045116901398,recon_dom_01_10
2990,,,,,,,,,,1.2814569473266602,4.8216872215271,1.8890485763549805,6.122034549713135,0.05256882309913635,0.0,0.0,0.0,0.4960762858390808,0.23418059945106506,2.1858229637145996,0.13798531889915466,recon_dom_01_10
2991,,,,,,,,,,2.5595993995666504,0.4355829954147339,27.710275650024414,3.272285223007202,0.1648593544960022,0.0,0.0,0.0,15.609304428100586,0.23887811601161957,22.47886085510254,0.13356663286685944,recon_dom_01_10
2992,,,,,,,,,,1.5657598972320557,0.3590129613876343,50.0,2.4247727394104004,0.25125381350517273,0.0,0.0,0.0,42.429115295410156,0.22415654361248016,51.13731002807617,0.15409225225448608,recon_dom_01_10
2993,,,,,,,,,,2.917381763458252,0.3355077803134918,50.0,3.752889633178711,0.2374524176120758,0.0,0.0,0.0,32.15202713012695,0.24050720036029816,42.8617057800293,0.1322919726371765,recon_dom_01_10
2994,,,,,,,,,,1.6909630298614502,1.5377122163772583,5.919785499572754,3.2878730297088623,0.05891314148902893,0.007305752020329237,0.0,0.0,2.7828307151794434,0.22655515372753143,5.595058917999268,0.1489834487438202,recon_dom_01_10
2995,,,,,,,,,,2.2152557373046875,1.891538143157959,6.031764507293701,4.167111396789551,0.08055487275123596,0.0,0.0,0.0,2.651326894760132,0.23223155736923218,5.880725383758545,0.14077436923980713,recon_dom_01_10
2996,,,,0.0,0.0,0.0,100.0,100.0,100.0,1.9213087558746338,2.6336612701416016,3.178708076477051,4.586757183074951,0.06588713824748993,0.0,0.0,0.0,1.045223355293274,0.2325323522090912,3.534142255783081,0.13724900782108307,recon_dom_01_10
2997,,,,,,,,,,1.5341700315475464,2.6807961463928223,2.781867027282715,4.2427849769592285,0.06012040004134178,0.008769573643803596,0.0,0.0,0.9901846051216125,0.23073671758174896,2.88969349861145,0.1439046561717987,recon_dom_01_10
2998,,,,,,,,,,2.2453455924987793,2.0206387042999268,50.0,4.765984535217285,2.0601608753204346,0.0,0.0,0.0,429.43365478515625,0.2377205193042755,459.12603759765625,0.13258947432041168,recon_dom_01_10
2999,,,,,,,,,,1.732917308807373,1.8669731616973877,5.725017070770264,3.6571407318115234,0.08574388921260834,0.0,0.0,0.0,2.4816033840179443,0.23488864302635193,5.5551438331604,0.13633975386619568,recon_dom_01_10
3000,,,,,,,,,,1.972498893737793,0.6535232663154602,16.629562377929688,2.7923178672790527,0.10176371037960052,0.0,0.0,0.0,9.234548568725586,0.23674356937408447,13.69759464263916,0.13723014295101166,recon_dom_01_10
3001,,,,,,,,,,2.517948865890503,0.41203683614730835,43.4843635559082,3.3648293018341064,0.18817880749702454,0.0,0.0,0.0,25.773860931396484,0.2344924360513687,33.464942932128906,0.1369190812110901,recon_dom_01_10
3002,,,,,,,,,,2.7053449153900146,0.6257261633872986,13.800817489624023,3.4690792560577393,0.11864326894283295,0.0,0.0,0.0,6.9259419441223145,0.23884639143943787,12.48890495300293,0.133213609457016,recon_dom_01_10
3003,,,,,,,,,,2.3914027214050293,1.2243845462799072,8.182275772094727,3.6976101398468018,0.09734601527452469,0.0,0.0,0.0,3.7685883045196533,0.23590609431266785,7.779753684997559,0.13489851355552673,recon_dom_01_10
3004,,,,,,,,,,1.721265196800232,1.0197370052337646,7.22566032409668,2.8132588863372803,0.07305286824703217,0.0,0.0,0.0,3.502112627029419,0.23117032647132874,6.641244888305664,0.1454382985830307,recon_dom_01_10
3005,,,,,,,,,,1.7415828704833984,3.305868625640869,1.803602933883667,5.065487384796143,0.07514144480228424,0.0,0.0,0.0,0.40096673369407654,0.231419637799263,1.979578971862793,0.1399749517440796,recon_dom_01_10
3006,,,,0.0,0.0,0.0,100.0,100.0,50.0,2.9686238765716553,0.6366972923278809,12.766807556152344,3.7329893112182617,0.10612639784812927,0.0,0.0,0.0,6.448946952819824,0.2385205179452896,11.499785423278809,0.13483721017837524,recon_dom_01_10
3007,,,,,,,,,,0.8484658002853394,9.665663719177246,0.7019995450973511,10.521149635314941,0.03235642611980438,0.0,0.0,0.0,0.08614182472229004,0.23029470443725586,0.8333321809768677,0.14380016922950745,recon_dom_01_10
3008,,,,,,,,,,1.9897034168243408,1.4211270809173584,3.258155345916748,3.4434120655059814,0.07529272139072418,0.0,0.0,0.0,1.1450945138931274,0.22868433594703674,3.3990936279296875,0.14182087779045105,recon_dom_01_10
3009,,,,,,,,,,2.6978440284729004,0.2432461529970169,50.0,3.4410901069641113,0.49849438667297363,0.0,0.0,0.0,91.34637451171875,0.24297833442687988,107.624267578125,0.13073687255382538,recon_dom_01_10
3010,,,,,,,,,,3.0139408111572266,0.324508935213089,40.38288879394531,3.742278575897217,0.20000305771827698,0.0,0.0,0.0,23.2292537689209,0.24099674820899963,32.23249816894531,0.13272474706172943,recon_dom_01_10
3011,,,,,,,,,,2.632401466369629,0.9935200810432434,4.505283355712891,3.6709744930267334,0.06765419244766235,0.0,0.0,0.0,1.7904651165008545,0.2363586723804474,4.678464889526367,0.1367901861667633,recon_dom_01_10
3012,,,,,,,,,,2.674283027648926,0.5098797678947449,13.501193046569824,3.3191747665405273,0.0951426774263382,0.0,0.0,0.0,7.1256103515625,0.2385776937007904,11.724960327148438,0.13531115651130676,recon_dom_01_10
3013,,,,,,,,,,1.8697065114974976,0.8758379220962524,6.225768089294434,2.807802200317383,0.06693936884403229,0.0,0.0,0.0,2.9724442958831787,0.2232908308506012,5.761561393737793,0.15517102181911469,recon_dom_01_10
3014,,,,,,,,,,2.6420459747314453,0.8506576418876648,7.79265022277832,3.5706300735473633,0.09230285882949829,0.0,0.0,0.0,3.676320791244507,0.23751802742481232,7.234972953796387,0.13576602935791016,recon_dom_01_10
3015,,,,,,,,,,2.3993587493896484,0.5660383701324463,12.292197227478027,3.0883190631866455,0.09242533147335052,0.0,0.0,0.0,6.468213081359863,0.23702161014080048,10.649144172668457,0.13584017753601074,recon_dom_01_10
3016,,,,0.0,0.0,0.0,100.0,0.0,100.0,2.9126858711242676,0.23623375594615936,50.0,3.6489195823669434,0.5139049887657166,0.0,0.0,0.0,99.61103820800781,0.2419615089893341,115.52130126953125,0.13157948851585388,recon_dom_01_10
3017,,,,,,,,,,3.1778101921081543,0.33241724967956543,39.01030731201172,3.9003305435180664,0.18737486004829407,0.0,0.0,0.0,22.112106323242188,0.24125781655311584,31.847930908203125,0.13236472010612488,recon_dom_01_10
3018,,,,,,,,,,1.5663602352142334,0.21988067030906677,50.0,2.286240816116333,1.1090061664581299,0.0,0.0,0.0,246.38682556152344,0.23275497555732727,264.6297607421875,0.14318710565567017,recon_dom_01_10
3019,,,,,,,,,,2.4354236125946045,0.4048919081687927,26.626007080078125,3.1065754890441895,0.13536109030246735,0.0,0.0,0.0,15.37297534942627,0.23168978095054626,21.07834815979004,0.13882389664649963,recon_dom_01_10
3020,,,,,,,,,,2.176527500152588,0.4722667634487152,20.626731872558594,2.8550615310668945,0.12512598931789398,0.0,0.0,0.0,11.570240020751953,0.232218399643898,16.787363052368164,0.13956905901432037,recon_dom_01_10
3021,,,,,,,,,,2.845109462738037,0.7327619791030884,7.428336143493652,3.6521549224853516,0.09612767398357391,0.0,0.0,0.0,3.240694046020508,0.23559102416038513,7.3396759033203125,0.13606971502304077,recon_dom_01_10
3022,,,,,,,,,,2.525165557861328,0.8562900424003601,5.039346218109131,3.4318490028381348,0.0874209851026535,0.0,0.0,0.0,1.9969127178192139,0.23597213625907898,5.136196136474609,0.1363355964422226,recon_dom_01_10
3023,,,,,,,,,,2.0680911540985107,1.1306647062301636,5.2889509201049805,3.25164532661438,0.08434106409549713,0.0,0.0,0.0,2.278437376022339,0.23402675986289978,5.102996349334717,0.1390773504972458,recon_dom_01_10
3024,,,,,,,,,,2.6934103965759277,0.22001852095127106,50.0,3.413429021835327,0.7886284589767456,0.0,0.0,0.0,165.25881958007812,0.2409856915473938,182.47702026367188,0.13198213279247284,recon_dom_01_10
3025,,,,,,,,,,2.606092929840088,1.0913153886795044,4.826949119567871,3.7456777095794678,0.06551119685173035,0.0,0.0,0.0,2.038681745529175,0.22998583316802979,4.847415924072266,0.14004875719547272,recon_dom_01_10
3026,,,,0.0,0.0,0.0,100.0,100.0,0.0,2.4698009490966797,0.36954107880592346,35.71014404296875,3.196443557739258,0.18688511848449707,0.0,0.0,0.0,20.796960830688477,0.23576967418193817,27.88303565979004,0.1366032212972641,recon_dom_01_10
3027,,,,,,,,,,2.4740357398986816,0.4388695955276489,19.29558563232422,3.105861186981201,0.12477351725101471,0.0,0.0,0.0,10.702163696289062,0.2381211519241333,15.864397048950195,0.135433629155159,recon_dom_01_10
3028,,,,,,,,,,1.4956763982772827,2.897625207901001,1.851295828819275,4.4118146896362305,0.049288567155599594,0.0,0.0,0.0,0.5512023568153381,0.22737200558185577,2.032130718231201,0.1484818011522293,recon_dom_01_10
3029,,,,,,,,,,1.8944668769836426,0.5743045210838318,20.14675521850586,2.670238971710205,0.12339159846305847,0.0,0.0,0.0,11.320971488952637,0.23619109392166138,16.34300994873047,0.1370166540145874,recon_dom_01_10
3030,,,,,,,,,,1.5674269199371338,4.412930488586426,1.3306738138198853,5.993664264678955,0.034725621342659,0.0,0.0,0.0,0.28616365790367126,0.22911250591278076,1.6667060852050781,0.14617756009101868,recon_dom_01_10
3031,,,,,,,,,,1.632871389389038,0.28803205490112305,50.0,2.420903444290161,0.33241212368011475,0.0,0.0,0.0,57.35149383544922,0.23486272990703583,66.8721694946289,0.13800528645515442,recon_dom_01_10
3032,,,,,,,,,,2.32051944732666,1.6426950693130493,3.0690040588378906,3.9939045906066895,0.06096069514751434,0.0,0.0,0.0,0.9936748743057251,0.2302975058555603,3.4670181274414062,0.13986973464488983,recon_dom_01_10
3033,,,,,,,,,,2.75590181350708,0.4368274211883545,18.97893714904785,3.3825185298919678,0.1311318427324295,0.0,0.0,0.0,10.319723129272461,0.23647284507751465,15.932833671569824,0.13492299616336823,recon_dom_01_10
3034,,,,,,,,,,2.443014621734619,0.22285127639770508,50.0,3.165865898132324,1.0949629545211792,0.0,0.0,0.0,235.98690795898438,0.23694905638694763,255.0711212158203,0.13461750745773315,recon_dom_01_10
3035,,,,,,,,,,1.7986258268356323,2.939511775970459,2.5649986267089844,4.763787746429443,0.05440317094326019,0.0,0.0,0.0,0.8231563568115234,0.23256802558898926,2.8654496669769287,0.1384482979774475,recon_dom_01_10
3036,,,,0.0,0.0,0.0,100.0,100.0,50.0,0.6407675743103027,10.631516456604004,0.6819015145301819,11.27910327911377,0.0427226684987545,0.0,0.0,0.0,0.08418621122837067,0.22747330367565155,0.6925296187400818,0.15089821815490723,recon_dom_01_10
3037,,,,,,,,,,1.7459509372711182,0.6153925061225891,14.922175407409668,2.5105652809143066,0.09506694972515106,0.006216500885784626,0.0,0.0,8.225420951843262,0.22946029901504517,12.355622291564941,0.14445745944976807,recon_dom_01_10
3038,,,,,,,,,,2.9767520427703857,0.7220243215560913,8.70671272277832,3.7858433723449707,0.10539582371711731,0.0,0.0,0.0,3.9442217350006104,0.23752176761627197,8.396642684936523,0.134385347366333,recon_dom_01_10
3039,,,,,,,,,,2.4856314659118652,1.4884421825408936,3.2617015838623047,4.006690502166748,0.07544456422328949,0.0,0.0,0.0,1.0946621894836426,0.233452707529068,3.505502223968506,0.13720107078552246,recon_dom_01_10
3040,,,,,,,,,,1.648149013519287,0.9708907008171082,6.112177848815918,2.680161476135254,0.07612847536802292,0.0,0.0,0.0,2.886068344116211,0.23141957819461823,5.6160149574279785,0.14317655563354492,recon_dom_01_10
3041,,,,,,,,,,2.4537906646728516,0.32670384645462036,50.0,3.280494451522827,0.22214430570602417,0.0,0.0,0.0,30.953754425048828,0.23626892268657684,39.05620574951172,0.1353626549243927,recon_dom_01_10
3042,,,,,,,,,,2.583127021789551,0.5383580923080444,16.28151512145996,3.2843003273010254,0.1428406685590744,0.0,0.0,0.0,8.681559562683105,0.2370637059211731,13.697321891784668,0.1338462233543396,recon_dom_01_10
3043,,,,,,,,,,2.771653890609741,0.2322019636631012,50.0,3.5038559436798096,0.36678841710090637,0.0,0.0,0.0,64.30946350097656,0.2403588443994522,77.23694610595703,0.13232329487800598,recon_dom_01_10
3044,,,,,,,,,,2.453498125076294,0.9834418892860413,5.096386909484863,3.4879038333892822,0.08863824605941772,0.0,0.0,0.0,1.961677074432373,0.23494184017181396,5.3087615966796875,0.1364380121231079,recon_dom_01_10
3045,,,,,,,,,,2.9233932495117188,0.2262575328350067,50.0,3.649650812149048,0.3495906889438629,0.0,0.0,0.0,61.76154708862305,0.2384568750858307,73.61723327636719,0.1344916671514511,recon_dom_01_10
3046,,,,0.0,0.0,0.0,100.0,100.0,50.0,2.967447280883789,0.2289673537015915,50.0,3.6964147090911865,0.30810725688934326,0.0,0.0,0.0,51.086585998535156,0.24106770753860474,63.25071716308594,0.13184209167957306,recon_dom_01_10
3047,,,,,,,,,,2.9914097785949707,0.3074037432670593,39.47980499267578,3.6936116218566895,0.17456530034542084,0.0,0.0,0.0,23.1734676361084,0.2369229644536972,30.792463302612305,0.13587626814842224,recon_dom_01_10
3048,,,,,,,,,,3.1070163249969482,0.33770450949668884,21.402259826660156,3.658743381500244,0.15710732340812683,0.0,0.0,0.0,11.3565673828125,0.23851603269577026,18.446134567260742,0.1323828101158142,recon_dom_01_10
3049,,,,,,,,,,1.893556833267212,0.28566697239875793,50.0,2.6792237758636475,0.274581640958786,0.0,0.0,0.0,47.66401290893555,0.2403957098722458,56.814029693603516,0.13411229848861694,recon_dom_01_10
3050,,,,,,,,,,1.8998141288757324,0.40015023946762085,35.27994918823242,2.652763843536377,0.15262821316719055,1.713346500764601e-05,0.0,0.0,20.875722885131836,0.22936305403709412,27.20728874206543,0.14490994811058044,recon_dom_01_10
3051,,,,,,,,,,2.6171844005584717,0.19250351190567017,50.0,3.309687852859497,0.8355718851089478,0.0,0.0,0.0,174.37765502929688,0.24310362339019775,195.12127685546875,0.1306835114955902,recon_dom_01_10
3052,,,,,,,,,,2.878570556640625,0.2562512457370758,50.0,3.634821891784668,0.38102155923843384,0.0,0.0,0.0,67.478515625,0.24259178340435028,81.92430114746094,0.13128343224525452,recon_dom_01_10
3053,,,,,,,,,,2.7840447425842285,0.29235169291496277,50.0,3.5763964653015137,0.29185497760772705,0.0,0.0,0.0,42.46735382080078,0.2417154759168625,53.589229583740234,0.13133779168128967,recon_dom_01_10
3054,,,,,,,,,,2.3456645011901855,0.32149481773376465,50.0,3.16715931892395,0.2774350643157959,0.0,0.0,0.0,45.494529724121094,0.23701435327529907,54.0815544128418,0.13445276021957397,recon_dom_01_10
3055,,,,,,,,,,2.6351816654205322,0.7272104620933533,14.371790885925293,3.5061099529266357,0.12483531981706619,0.0,0.0,0.0,7.485591411590576,0.23911699652671814,12.449426651000977,0.13398215174674988,recon_dom_01_10
3056,,,,0.0,0.0,0.0,100.0,100.0,50.0,2.8918395042419434,0.42162588238716125,44.866783142089844,3.7621331214904785,0.2096329629421234,0.0,0.0,0.0,26.100372314453125,0.24256984889507294,35.361690521240234,0.13144081830978394,recon_dom_01_10
3057,,,,,,,,,,2.6975629329681396,0.8680385947227478,16.611202239990234,3.7317135334014893,0.12841790914535522,0.0,0.0,0.0,8.741921424865723,0.23762692511081696,14.379749298095703,0.13553813099861145,recon_dom_01_10
3058,,,,,,,,,,1.7028883695602417,0.43355464935302734,42.711090087890625,2.563553810119629,0.17089474201202393,0.0,0.0,0.0,25.57071304321289,0.23821581900119781,32.496891021728516,0.13641101121902466,recon_dom_01_10
3059,,,,,,,,,,10.0,100.0,50.0,110.5,0.7764136791229248,0.0,0.0,0.0,169.15248107910156,0.23014381527900696,185.83328247070312,0.13907113671302795,recon_dom_01_10
3060,,,,,,,,,,2.751845121383667,0.7155103087425232,15.526567459106445,3.6226210594177246,0.12228228151798248,0.0,0.0,0.0,8.054082870483398,0.23920375108718872,13.64753532409668,0.13384415209293365,recon_dom_01_10
3061,,,,,,,,,,0.5802270174026489,10.825019836425781,0.794281542301178,11.413189888000488,0.026712849736213684,0.03203733265399933,0.0,0.0,0.13560549914836884,0.21962496638298035,0.9106308221817017,0.1579660177230835,recon_dom_01_10
3062,,,,,,,,,,1.9508484601974487,1.5702142715454102,7.557785511016846,3.5966405868530273,0.08619401603937149,0.0,0.0,0.0,3.5666720867156982,0.2340327799320221,7.046025276184082,0.13727352023124695,recon_dom_01_10
3063,,,,,,,,,,1.4831527471542358,0.2792859375476837,50.0,2.2624387741088867,0.599032461643219,0.0,0.0,0.0,114.64624786376953,0.23736929893493652,127.65512084960938,0.13672049343585968,recon_dom_01_10
3064,,,,,,,,,,1.4969797134399414,0.3658524453639984,50.0,2.3628320693969727,0.30608999729156494,0.0,0.0,0.0,48.72016906738281,0.23684868216514587,59.08587646484375,0.1364264190196991,recon_dom_01_10
3065,,,,,,,,,,1.6247773170471191,2.1619224548339844,4.892712593078613,3.8356268405914307,0.07067174464464188,0.0,0.0,0.0,2.058501720428467,0.234140545129776,4.8872456550598145,0.13814976811408997,recon_dom_01_10
3066,,,,0.0,0.0,0.0,100.0,100.0,100.0,0.7590369582176208,8.60051441192627,1.2382198572158813,9.371933937072754,0.0557679757475853,0.0,0.0,0.0,0.21606197953224182,0.23139414191246033,1.4117686748504639,0.14294233918190002,recon_dom_01_10
3067,,,,,,,,,,1.820167899131775,0.9885857105255127,11.991941452026367,2.928673028945923,0.09077219665050507,0.0,0.0,0.0,6.3072357177734375,0.23342499136924744,10.386932373046875,0.14036262035369873,recon_dom_01_10
3068,,,,,,,,,,1.9378747940063477,1.0494366884231567,13.024895668029785,3.117560386657715,0.10233911126852036,0.0,0.0,0.0,6.840585231781006,0.2386922836303711,11.270459175109863,0.1351587176322937,recon_dom_01_10
3069,,,,,,,,,,0.9268295764923096,6.4173903465271,1.5445863008499146,7.359665870666504,0.05295419692993164,0.0002618369762785733,0.0,0.0,0.3702113926410675,0.22881454229354858,1.7441143989562988,0.14403420686721802,recon_dom_01_10
3070,,,,,,,,,,2.458420515060425,1.288271427154541,6.045733451843262,3.8071491718292236,0.08199740946292877,0.0,0.0,0.0,2.512524366378784,0.2347271740436554,6.172219276428223,0.1363953799009323,recon_dom_01_10
3071,,,,,,,,,,1.4161937236785889,2.3449532985687256,3.7151498794555664,3.7982985973358154,0.06850693374872208,0.0,0.0,0.0,1.479725956916809,0.2301875501871109,3.7114367485046387,0.14152219891548157,recon_dom_01_10
3072,,,,,,,,,,2.183069944381714,2.1644771099090576,4.7371673583984375,4.394918918609619,0.07397135347127914,0.0,0.0,0.0,1.9079599380493164,0.23281154036521912,4.8444037437438965,0.13867762684822083,recon_dom_01_10
3073,,,,,,,,,,0.5745620131492615,9.584146499633789,0.74119633436203,10.166120529174805,0.03642871975898743,0.0,0.0,0.0,0.08297528326511383,0.22952879965305328,0.8773752450942993,0.14436963200569153,recon_dom_01_10
3074,,,,,,,,,,2.243654251098633,0.6043918132781982,24.65144920349121,3.0945606231689453,0.12670040130615234,0.0,0.0,0.0,14.053887367248535,0.23631520569324493,19.85321044921875,0.13823407888412476,recon_dom_01_10
3075,,,,,,,,,,2.9253101348876953,0.2673892378807068,50.0,3.692699432373047,0.26477181911468506,0.0,0.0,0.0,38.11979675292969,0.2411334216594696,49.221336364746094,0.13178758323192596,recon_dom_01_10
3076,,,,0.0,0.0,0.0,100.0,50.0,100.0,2.886983633041382,0.27178168296813965,50.0,3.6587653160095215,0.3220253586769104,0.0,0.0,0.0,49.26567459106445,0.24274839460849762,62.74668502807617,0.1306103765964508,recon_dom_01_10
3077,,,,,,,,,,2.8129663467407227,0.9709128141403198,6.068919658660889,3.8445682525634766,0.08566206693649292,0.0,0.0,0.0,2.611311435699463,0.23005694150924683,5.984841346740723,0.13871654868125916,recon_dom_01_10
3078,,,,,,,,,,0.6416587233543396,11.37916088104248,0.6882271766662598,12.027702331542969,0.031185373663902283,2.263983560624183e-06,0.0,0.0,0.08378317952156067,0.2197652906179428,0.8225219249725342,0.15277373790740967,recon_dom_01_10
3079,,,,,,,,,,1.4985730648040771,3.7554192543029785,2.0685768127441406,5.2746782302856445,0.0631457194685936,0.0,0.0,0.0,0.5423294901847839,0.23168650269508362,2.346896171569824,0.1390203982591629,recon_dom_01_10
3080,,,,,,,,,,0.8150631189346313,6.867054462432861,0.8277342915534973,7.690394878387451,0.041301608085632324,0.0,0.0,0.0,0.12033617496490479,0.21668028831481934,0.9262580871582031,0.16092997789382935,recon_dom_01_10
3081,,,,,,,,,,1.9300639629364014,0.5664884448051453,16.63898468017578,2.6629421710968018,0.11714132130146027,0.0,0.0,0.0,9.17984390258789,0.2268161177635193,13.672006607055664,0.1475038230419159,recon_dom_01_10
3082,,,,,,,,,,3.0955820083618164,0.4521169364452362,15.42390251159668,3.7019379138946533,0.11935556679964066,0.0,0.0,0.0,7.773087501525879,0.23551952838897705,14.033811569213867,0.1357816457748413,recon_dom_01_10
3083,,,,,,,,,,3.1161515712738037,0.36580631136894226,29.503223419189453,3.7769901752471924,0.18369002640247345,0.0,0.0,0.0,16.22906494140625,0.23856623470783234,24.637187957763672,0.1325608789920807,recon_dom_01_10
3084,,,,,,,,,,1.9794988632202148,0.6638950705528259,10.969193458557129,2.7530858516693115,0.11525468528270721,0.0,0.0,0.0,5.625251293182373,0.23148512840270996,9.46105670928955,0.1399172842502594,recon_dom_01_10
3085,,,,,,,,,,3.0013794898986816,0.2939120829105377,50.0,3.7952916622161865,0.2254122793674469,0.0,0.0,0.0,29.403244018554688,0.24089783430099487,39.929832458496094,0.13182303309440613,recon_dom_01_10
3086,,,,0.0,0.0,0.0,100.0,0.0,100.0,2.7687206268310547,0.2180374711751938,50.0,3.48675799369812,0.617887556552887,0.0,0.0,0.0,125.45867919921875,0.24242156744003296,143.10519409179688,0.1317443549633026,recon_dom_01_10
3087,,,,,,,,,,1.7609318494796753,3.4353907108306885,1.6675937175750732,5.212998390197754,0.05613551288843155,0.0,0.0,0.0,0.39179855585098267,0.22605207562446594,1.916346788406372,0.14338965713977814,recon_dom_01_10
3088,,,,,,,,,,2.8946692943573,0.2960314154624939,50.0,3.6907007694244385,0.24564486742019653,0.0,0.0,0.0,32.308067321777344,0.24201664328575134,42.21195602416992,0.1312987059354782,recon_dom_01_10
3089,,,,,,,,,,1.78548264503479,1.3166751861572266,5.296481609344482,3.155122756958008,0.08211347460746765,0.0,0.0,0.0,2.352569103240967,0.23403915762901306,4.992167949676514,0.1385744959115982,recon_dom_01_10
3090,,,,,,,,,,0.9645229578018188,5.953393459320068,1.151806116104126,6.929434299468994,0.05029687285423279,0.02698732167482376,0.0,0.0,0.22995907068252563,0.2280321717262268,1.2127171754837036,0.14213527739048004,recon_dom_01_10
3091,,,,,,,,,,2.883110523223877,0.370485782623291,37.13306427001953,3.624927043914795,0.18858107924461365,0.0,0.0,0.0,21.355676651000977,0.24052327871322632,29.594329833984375,0.13267990946769714,recon_dom_01_10
3092,,,,,,,,,,2.6643009185791016,0.3653522729873657,50.0,3.5296530723571777,0.23064516484737396,0.0,0.0,0.0,35.053428649902344,0.2363109290599823,43.80400848388672,0.13597352802753448,recon_dom_01_10
3093,,,,,,,,,,1.9170494079589844,0.8538221716880798,12.200701713562012,2.892878532409668,0.08303795009851456,0.0,0.0,0.0,6.587851047515869,0.2359367311000824,10.320207595825195,0.13963598012924194,recon_dom_01_10
3094,,,,,,,,,,2.708246946334839,0.7428557276725769,11.123466491699219,3.5623373985290527,0.10878512263298035,0.0,0.0,0.0,5.477909088134766,0.23916083574295044,10.128633499145508,0.1339847594499588,recon_dom_01_10
3095,,,,,,,,,,1.7745342254638672,3.017642021179199,2.1357805728912354,4.813534259796143,0.05234409123659134,0.0,0.0,0.0,0.6201450824737549,0.22991624474525452,2.433767080307007,0.14040011167526245,recon_dom_01_10
3096,,,,0.0,0.0,0.0,100.0,100.0,100.0,2.630676507949829,0.5643777251243591,23.354938507080078,3.4286036491394043,0.15008699893951416,0.0,0.0,0.0,13.044939994812012,0.23929473757743835,19.044702529907227,0.13284890353679657,recon_dom_01_10
3097,,,,,,,,,,1.9099373817443848,0.5393149256706238,23.63364028930664,2.6855885982513428,0.1427520215511322,0.0,0.0,0.0,13.378854751586914,0.2312220335006714,19.00746726989746,0.1416993886232376,recon_dom_01_10
3098,,,,,,,,,,2.6849026679992676,0.27884966135025024,50.0,3.463752269744873,0.6276307106018066,0.0,0.0,0.0,120.21913146972656,0.24150070548057556,136.44509887695312,0.1313415914773941,recon_dom_01_10
3099,,,,,,,,,,2.9445369243621826,0.45132747292518616,32.8325309753418,3.7241897583007812,0.17769581079483032,0.0,0.0,0.0,18.630657196044922,0.2409892976284027,26.552017211914062,0.13289010524749756,recon_dom_01_10
3100,,,,,,,,,,1.63997483253479,0.6735960841178894,14.878628730773926,2.46235728263855,0.09139779955148697,0.0,0.0,0.0,8.137972831726074,0.22999697923660278,12.492023468017578,0.14655399322509766,recon_dom_01_10
3101,,,,,,,,,,1.7612693309783936,1.8208162784576416,2.918008804321289,3.6112656593322754,0.06105126067996025,0.0,0.0,0.0,1.0990933179855347,0.23108455538749695,2.9524085521698,0.1434641182422638,recon_dom_01_10
3102,,,,,,,,,,2.371753454208374,0.7434259057044983,11.991983413696289,3.2350990772247314,0.12204247713088989,0.0,0.0,0.0,6.078612327575684,0.2364715337753296,10.532013893127441,0.13505452871322632,recon_dom_01_10
3103,,,,,,,,,,2.7399983406066895,0.6966601610183716,14.304080963134766,3.5796992778778076,0.13064463436603546,0.0,0.0,0.0,7.251723289489746,0.23958978056907654,12.723847389221191,0.13252733647823334,recon_dom_01_10
3104,,,,,,,,,,1.4217199087142944,5.384185314178467,1.4072933197021484,6.8199782371521,0.04947154223918915,0.0,0.0,0.0,0.276859849691391,0.22845576703548431,1.6911547183990479,0.14652743935585022,recon_dom_01_10
3105,,,,,,,,,,1.7061371803283691,2.1747798919677734,3.147733449935913,3.9123945236206055,0.06998360902070999,0.0,0.0,0.0,1.1216181516647339,0.2336951494216919,3.2779746055603027,0.13840749859809875,recon_dom_01_10
3106,,,,0.0,0.0,0.0,50.0,100.0,100.0,1.7741608619689941,1.8806480169296265,4.575677394866943,3.7005655765533447,0.05923666059970856,0.0,0.0,0.0,1.982746958732605,0.23910711705684662,4.518589019775391,0.13542018830776215,recon_dom_01_10
3107,,,,,,,,,,1.854630470275879,2.9325032234191895,1.9788005352020264,4.806921482086182,0.062405750155448914,0.0,0.0,0.0,0.4989457130432129,0.23107296228408813,2.261610984802246,0.13913291692733765,recon_dom_01_10
3108,,,,,,,,,,1.9211797714233398,0.7288198471069336,13.09069538116455,2.7809066772460938,0.094821035861969,0.0,0.0,0.0,6.885570049285889,0.23301659524440765,11.38752269744873,0.1395639181137085,recon_dom_01_10
3109,,,,,,,,,,2.8644015789031982,0.3845502734184265,26.712589263916016,3.516077756881714,0.17357492446899414,0.0,0.0,0.0,14.796769142150879,0.24151460826396942,22.021221160888672,0.13186007738113403,recon_dom_01_10
3110,,,,,,,,,,2.9085612297058105,0.27223193645477295,50.0,3.680793285369873,0.3027966320514679,0.0,0.0,0.0,48.300559997558594,0.24269628524780273,60.50056838989258,0.1315501630306244,recon_dom_01_10
3111,,,,,,,,,,2.798325538635254,0.26979976892471313,50.0,3.5681252479553223,0.29830655455589294,0.0,0.0,0.0,42.121978759765625,0.24142244458198547,54.01887512207031,0.13126921653747559,recon_dom_01_10
3112,,,,,,,,,,2.4276845455169678,0.49326086044311523,19.44049072265625,3.1153502464294434,0.1407485008239746,0.0,0.0,0.0,10.670769691467285,0.23733046650886536,16.057415008544922,0.13537782430648804,recon_dom_01_10
3113,,,,,,,,,,2.7117936611175537,0.5609268546104431,17.261497497558594,3.4453353881835938,0.13234730064868927,0.0,0.0,0.0,9.117654800415039,0.23718169331550598,14.890010833740234,0.1338154673576355,recon_dom_01_10
3114,,,,,,,,,,2.1390457153320312,0.6135246753692627,15.078057289123535,2.903351068496704,0.12854509055614471,0.0,0.0,0.0,8.031461715698242,0.22597678005695343,12.73372745513916,0.1440880298614502,recon_dom_01_10
3115,,,,,,,,,,1.7022227048873901,0.8352729678153992,13.57777214050293,2.6732733249664307,0.09860716015100479,0.0,0.0,0.0,7.2689690589904785,0.2370227873325348,11.55655288696289,0.1378783881664276,recon_dom_01_10
3116,,,,0.0,0.0,0.0,100.0,100.0,50.0,1.8047417402267456,0.24702374637126923,50.0,2.5517654418945312,0.7306798100471497,0.0,0.0,0.0,159.22764587402344,0.2389887571334839,172.52406311035156,0.13390082120895386,recon_dom_01_10
3117,,,,,,,,,,2.675696849822998,0.3306107819080353,50.0,3.506307601928711,0.270793080329895,0.0,0.0,0.0,40.6262321472168,0.2397271692752838,50.29246520996094,0.13318994641304016,recon_dom_01_10
3118,,,,,,,,,,2.5221128463745117,1.0941065549850464,7.108114242553711,3.687300443649292,0.09594187885522842,0.0,0.0,0.0,3.1610116958618164,0.2360914945602417,6.860533714294434,0.13516974449157715,recon_dom_01_10
3119,,,,,,,,,,2.1963322162628174,1.3409324884414673,11.418015480041504,3.651444911956787,0.10177932679653168,0.0,0.0,0.0,5.728788375854492,0.234094500541687,10.28571605682373,0.14061513543128967,recon_dom_01_10
3120,,,,,,,,,,2.8001832962036133,0.3067995607852936,46.90227127075195,3.576005458831787,0.23138563334941864,0.0,0.0,0.0,27.02411651611328,0.24052798748016357,37.367881774902344,0.13231903314590454,recon_dom_01_10
3121,,,,,,,,,,2.686047315597534,0.8181302547454834,10.995809555053711,3.6141357421875,0.10136975347995758,0.0,0.0,0.0,5.288586139678955,0.23545238375663757,10.326498031616211,0.1358073651790619,recon_dom_01_10
3122,,,,,,,,,,2.796896457672119,0.29100704193115234,50.0,3.5879034996032715,0.2573547661304474,0.0,0.0,0.0,37.272056579589844,0.23772937059402466,47.405521392822266,0.13492730259895325,recon_dom_01_10
3123,,,,,,,,,,1.874544620513916,0.5774579048156738,32.228031158447266,2.774282932281494,0.17202186584472656,0.0,0.0,0.0,18.523820877075195,0.23597589135169983,25.613815307617188,0.13598135113716125,recon_dom_01_10
3124,,,,,,,,,,1.5381097793579102,0.42001873254776,44.81517028808594,2.406280279159546,0.1731545776128769,0.006099030841141939,0.0,0.0,27.09022331237793,0.23702561855316162,33.631011962890625,0.1386706531047821,recon_dom_01_10
3125,,,,,,,,,,2.496303081512451,0.5174437761306763,24.375486373901367,3.2575016021728516,0.14974910020828247,0.0,0.0,0.0,13.592897415161133,0.23778732120990753,19.993289947509766,0.13420487940311432,recon_dom_01_10
3126,,,,0.0,0.0,0.0,100.0,100.0,50.0,0.8941054344177246,7.450089454650879,1.1063005924224854,8.355257987976074,0.03957952558994293,0.0,0.0,0.0,0.18203924596309662,0.23242613673210144,1.3781557083129883,0.14043274521827698,recon_dom_01_10
3127,,,,,,,,,,1.7537297010421753,0.39298269152641296,50.0,2.646712303161621,0.21838535368442535,0.0,0.0,0.0,32.66176986694336,0.23078486323356628,40.117576599121094,0.14101535081863403,recon_dom_01_10
3128,,,,,,,,,,0.9751582145690918,5.785286903381348,1.4012624025344849,6.774457931518555,0.058075159788131714,0.0,0.0,0.0,0.2630084753036499,0.2258327603340149,1.621518611907959,0.1453557014465332,recon_dom_01_10
3129,,,,,,,,,,1.0253968238830566,6.641754627227783,1.969143271446228,7.686842918395996,0.06280390173196793,0.0,0.0,0.0,0.47288626432418823,0.23100604116916656,2.290358066558838,0.13957881927490234,recon_dom_01_10
3130,,,,,,,,,,1.6925225257873535,4.455106735229492,3.6440019607543945,6.1840691566467285,0.05736326426267624,0.0,0.0,0.0,1.356945514678955,0.23199233412742615,3.9257192611694336,0.14181312918663025,recon_dom_01_10
3131,,,,,,,,,,0.39430373907089233,15.123250007629395,0.5768307447433472,15.523322105407715,0.021040741354227066,0.0002704331709537655,0.0,0.0,0.09141486883163452,0.2309666872024536,0.6843496561050415,0.14670264720916748,recon_dom_01_10
3132,,,,,,,,,,2.78171443939209,1.0007623434066772,10.236665725708008,3.884843349456787,0.09069176763296127,0.0,0.0,0.0,5.010964393615723,0.2370603382587433,9.469681739807129,0.13696016371250153,recon_dom_01_10
3133,,,,,,,,,,2.6917710304260254,0.5417076349258423,31.363492965698242,3.5471136569976807,0.15725670754909515,0.0,0.0,0.0,17.938095092773438,0.23954716324806213,25.203397750854492,0.13457849621772766,recon_dom_01_10
3134,,,,,,,,,,2.7005910873413086,0.22923386096954346,50.0,3.4298248291015625,0.48808857798576355,0.0,0.0,0.0,86.97823333740234,0.24256545305252075,101.89772033691406,0.13082164525985718,recon_dom_01_10
3135,,,,,,,,,,1.8026821613311768,0.48709240555763245,34.70868682861328,2.6368613243103027,0.17329439520835876,0.0,0.0,0.0,20.378559112548828,0.235276460647583,26.85288429260254,0.13685579597949982,recon_dom_01_10
3136,,,,0.0,0.0,0.0,100.0,0.0,50.0,2.2099597454071045,0.9418243765830994,12.757440567016602,3.2793586254119873,0.10447803139686584,0.0,0.0,0.0,6.62080717086792,0.23679447174072266,11.153982162475586,0.13571928441524506,recon_dom_01_10
3137,,,,,,,,,,2.2077672481536865,1.0321136713027954,12.883196830749512,3.368712902069092,0.12410581856966019,0.0,0.0,0.0,6.563908576965332,0.23570404946804047,11.323216438293457,0.13581137359142303,recon_dom_01_10
3138,,,,,,,,,,2.1223866939544678,0.34881383180618286,50.0,2.971200466156006,0.2868158221244812,0.0,0.0,0.0,50.770118713378906,0.2374882698059082,59.17107009887695,0.1347012221813202,recon_dom_01_10
3139,,,,,,,,,,2.5537056922912598,0.7969722747802734,11.835838317871094,3.469036340713501,0.1082710400223732,0.0,0.0,0.0,5.885856628417969,0.23891884088516235,10.74264144897461,0.1341383457183838,recon_dom_01_10
3140,,,,,,,,,,2.713068962097168,0.45402929186820984,29.761310577392578,3.4647114276885986,0.16849927604198456,0.0,0.0,0.0,16.772279739379883,0.23984691500663757,24.218420028686523,0.13340747356414795,recon_dom_01_10
3141,,,,,,,,,,2.701486110687256,0.4562638998031616,31.13652229309082,3.4691152572631836,0.16878914833068848,0.0,0.0,0.0,17.752792358398438,0.23539143800735474,25.00555419921875,0.13469992578029633,recon_dom_01_10
3142,,,,,,,,,,2.2457704544067383,0.47830063104629517,32.920719146728516,3.0532782077789307,0.1790638267993927,0.0,0.0,0.0,18.93539047241211,0.23635035753250122,26.105432510375977,0.1365787833929062,recon_dom_01_10
3143,,,,,,,,,,0.5732432007789612,9.520977973937988,0.9652843475341797,10.103874206542969,0.04503361135721207,0.0,0.0,0.0,0.12967002391815186,0.23210680484771729,1.1457468271255493,0.14362148940563202,recon_dom_01_10
3144,,,,,,,,,,0.6694424152374268,9.278316497802734,1.0604381561279297,9.95836353302002,0.04002586007118225,0.0,0.0,0.0,0.1758265495300293,0.23147574067115784,1.294572114944458,0.14048758149147034,recon_dom_01_10
3145,,,,,,,,,,0.8915047645568848,5.264253616333008,1.8112480640411377,6.173871040344238,0.045690085738897324,0.006319715175777674,0.0,0.0,0.5492081046104431,0.23164290189743042,1.9793980121612549,0.14406372606754303,recon_dom_01_10
3146,,,,0.0,0.0,0.0,100.0,50.0,100.0,1.6137645244598389,0.25906258821487427,50.0,2.3728270530700684,0.441663920879364,0.0,0.0,0.0,83.8768310546875,0.2365664392709732,96.45330810546875,0.13760611414909363,recon_dom_01_10
3147,,,,,,,,,,1.5162643194198608,0.2838514745235443,50.0,2.3001158237457275,0.37452855706214905,0.0,0.0,0.0,71.62773895263672,0.23910896480083466,83.74820709228516,0.1367838829755783,recon_dom_01_10
3148,,,,,,,,,,0.709720253944397,8.37214469909668,1.7468923330307007,9.099333763122559,0.04243728145956993,0.0,0.0,0.0,0.4670088589191437,0.23101019859313965,2.0603644847869873,0.14413896203041077,recon_dom_01_10
3149,,,,,,,,,,2.0021235942840576,2.1247363090515137,4.109363555908203,4.1679534912109375,0.0810585543513298,0.0,0.0,0.0,1.5145416259765625,0.2345716953277588,4.305013656616211,0.13565179705619812,recon_dom_01_10
3150,,,,,,,,,,2.2818543910980225,0.31431928277015686,50.0,3.0961737632751465,0.31045565009117126,0.0,0.0,0.0,53.26535415649414,0.24037374556064606,63.79920196533203,0.13235591351985931,recon_dom_01_10
3151,,,,,,,,,,2.7935941219329834,0.22554202377796173,50.0,3.5191361904144287,0.38657325506210327,0.0,0.0,0.0,67.87593841552734,0.24121876060962677,80.70330047607422,0.1314956396818161,recon_dom_01_10
3152,,,,,,,,,,1.5672410726547241,1.4854315519332886,6.120999336242676,3.113882541656494,0.060861438512802124,0.0,0.0,0.0,2.957789182662964,0.23066577315330505,5.642721176147461,0.14476126432418823,recon_dom_01_10
3153,,,,,,,,,,2.5754616260528564,0.607407808303833,22.922779083251953,3.412097215652466,0.14942602813243866,0.0,0.0,0.0,12.569690704345703,0.24036085605621338,19.13726043701172,0.13290813565254211,recon_dom_01_10
3154,,,,,,,,,,0.9248044490814209,8.996213912963867,1.0825233459472656,9.931843757629395,0.03298940509557724,0.00017999189731199294,0.0,0.0,0.20898772776126862,0.22322002053260803,1.3417770862579346,0.1519804745912552,recon_dom_01_10
3155,,,,,,,,,,1.5794963836669922,2.896256685256958,2.9378433227539062,4.505131721496582,0.07574320584535599,0.0,0.0,0.0,0.9380678534507751,0.2319803237915039,3.168116331100464,0.13803081214427948,recon_dom_01_10
3156,,,,0.0,50.0,0.0,100.0,50.0,50.0,1.8028162717819214,0.9098731875419617,14.474767684936523,2.8574371337890625,0.09628629684448242,0.0004866110684815794,0.0,0.0,7.814692974090576,0.22839492559432983,12.281591415405273,0.1452142894268036,recon_dom_01_10
3157,,,,,,,,,,1.839622974395752,1.9484632015228271,6.756231784820557,3.8556485176086426,0.08510853350162506,0.0,0.0,0.0,3.081953287124634,0.2370978146791458,6.422983646392822,0.13534016907215118,recon_dom_01_10
3158,,,,,,,,,,2.7871387004852295,0.2061813324689865,50.0,3.4933199882507324,0.6458531618118286,0.0,0.0,0.0,126.24234008789062,0.24165524542331696,145.08636474609375,0.13112518191337585,recon_dom_01_10
3159,,,,,,,,,,2.0136027336120605,0.3592727482318878,36.85932540893555,2.741468667984009,0.18821430206298828,0.0,0.0,0.0,21.592151641845703,0.23774082958698273,28.577762603759766,0.1344403475522995,recon_dom_01_10
3160,,,,,,,,,,1.6018089056015015,2.002605438232422,4.772024631500244,3.652134656906128,0.0655653104186058,0.0,0.0,0.0,1.9868712425231934,0.21790117025375366,4.839581489562988,0.1574568748474121,recon_dom_01_10
3161,,,,,,,,,,1.6001317501068115,0.26407164335250854,50.0,2.364203453063965,1.1214402914047241,0.0012688058195635676,0.0,0.0,231.74278259277344,0.23201340436935425,252.47462463378906,0.1401108205318451,recon_dom_01_10
3162,,,,,,,,,,1.842848300933838,0.2539302706718445,50.0,2.596778631210327,1.4785233736038208,0.0,0.0,0.0,296.118408203125,0.2334780991077423,316.6047668457031,0.13600122928619385,recon_dom_01_10
3163,,,,,,,,,,0.6529942750930786,9.138590812683105,0.7521302103996277,9.79910659790039,0.02873697131872177,0.0,0.0,0.0,0.12260600924491882,0.22560831904411316,0.8963640928268433,0.1509649008512497,recon_dom_01_10
3164,,,,,,,,,,2.0064797401428223,0.664177417755127,21.81278419494629,2.888784885406494,0.14329522848129272,0.0,0.0,0.0,12.21608829498291,0.23553621768951416,17.685970306396484,0.13680830597877502,recon_dom_01_10
3165,,,,,,,,,,2.641054630279541,0.3656449317932129,36.436302185058594,3.3710625171661377,0.18455685675144196,0.0,0.0,0.0,21.062292098999023,0.23779836297035217,28.827816009521484,0.1353856325149536,recon_dom_01_10
3166,,,,0.0,0.0,0.0,100.0,50.0,100.0,2.628558397293091,0.485238254070282,16.714603424072266,3.280942678451538,0.13905908167362213,0.0,0.0,0.0,8.727201461791992,0.23867513239383698,14.509706497192383,0.1338503509759903,recon_dom_01_10
3167,,,,,,,,,,1.8347711563110352,0.2597523331642151,50.0,2.5945234298706055,0.3292742073535919,0.0,0.0,0.0,57.28270721435547,0.23879560828208923,66.88787841796875,0.1350158154964447,recon_dom_01_10
3168,,,,,,,,,,1.8954962491989136,1.0614203214645386,10.812530517578125,3.0650417804718018,0.08922193944454193,0.0,0.0,0.0,5.520133018493652,0.23504361510276794,9.618037223815918,0.13764774799346924,recon_dom_01_10
3169,,,,,,,,,,2.8863229751586914,0.2463558465242386,50.0,3.632678747177124,0.35105663537979126,0.0,0.0,0.0,66.51558685302734,0.24058347940444946,78.50016784667969,0.132837176322937,recon_dom_01_10
3170,,,,,,,,,,2.099790334701538,0.8012681007385254,20.300220489501953,3.104060649871826,0.13041888177394867,0.0,0.0,0.0,11.250200271606445,0.2330121397972107,16.721538543701172,0.13856883347034454,recon_dom_01_10
3171,,,,,,,,,,2.634739398956299,0.7900116443634033,9.197227478027344,3.516723394393921,0.1343955397605896,0.0,0.0,0.0,4.239040851593018,0.23640011250972748,8.498313903808594,0.1341303288936615,recon_dom_01_10
3172,,,,,,,,,,1.2167812585830688,5.444300174713135,1.7472307682037354,6.678553581237793,0.052658550441265106,0.0,0.0,0.0,0.4320181906223297,0.23059388995170593,2.029141664505005,0.14289537072181702,recon_dom_01_10
3173,,,,,,,,,,1.6678528785705566,1.4859496355056763,8.460671424865723,3.2384092807769775,0.08958752453327179,0.0,0.0,0.0,4.1740593910217285,0.2352542281150818,7.6029863357543945,0.13655608892440796,recon_dom_01_10
3174,,,,,,,,,,1.59650456905365,0.19872510433197021,50.0,2.29522967338562,0.7855183482170105,0.0,0.0,0.0,167.26388549804688,0.23657676577568054,182.43487548828125,0.1367584466934204,recon_dom_01_10
3175,,,,,,,,,,2.4667840003967285,1.0571438074111938,8.575563430786133,3.6096835136413574,0.10708767175674438,0.0,0.0,0.0,3.9626288414001465,0.23665472865104675,8.08045482635498,0.1360328197479248,recon_dom_01_10
3176,,,,0.0,0.0,0.0,100.0,100.0,100.0,2.002376079559326,1.7171710729599,5.766943454742432,3.777216672897339,0.09638284146785736,0.0,0.0,0.0,2.485013246536255,0.22937844693660736,5.526169300079346,0.1399354636669159,recon_dom_01_10
3177,,,,,,,,,,2.608762264251709,0.24569638073444366,50.0,3.3544585704803467,0.43802008032798767,0.0,0.0,0.0,77.65451049804688,0.23979544639587402,91.1567611694336,0.1330593228340149,recon_dom_01_10
3178,,,,,,,,,,1.8115637302398682,0.5242684483528137,25.409563064575195,2.589927911758423,0.13575974106788635,0.0,0.0,0.0,14.425329208374023,0.23551100492477417,20.536252975463867,0.13756951689720154,recon_dom_01_10
3179,,,,,,,,,,3.0074896812438965,0.25874248147010803,50.0,3.7662322521209717,0.26442578434944153,0.0,0.0,0.0,38.10723876953125,0.2413327395915985,50.14560317993164,0.13188578188419342,recon_dom_01_10
3180,,,,,,,,,,3.030515193939209,0.29372990131378174,45.12847137451172,3.7755298614501953,0.2089676707983017,0.0,0.0,0.0,26.242809295654297,0.24107587337493896,35.606937408447266,0.13251328468322754,recon_dom_01_10
3181,,,,,,,,,,2.6260945796966553,0.3527887761592865,37.23070526123047,3.3511903285980225,0.19027069211006165,0.0,0.0,0.0,21.37507438659668,0.23700949549674988,29.734376907348633,0.13386672735214233,recon_dom_01_10
3182,,,,,,,,,,1.137805461883545,4.948746681213379,1.4983527660369873,6.101535797119141,0.03919921815395355,0.0,0.0,0.0,0.3638133406639099,0.2329464852809906,1.8024789094924927,0.1400929093360901,recon_dom_01_10
3183,,,,,,,,,,1.7916767597198486,1.7728193998336792,7.678634166717529,3.641282558441162,0.09081662446260452,0.0,0.0,0.0,3.6386048793792725,0.2371470332145691,7.0974345207214355,0.13514675199985504,recon_dom_01_10
3184,,,,,,,,,,2.3619182109832764,1.6920710802078247,5.958008766174316,4.113569259643555,0.07399129867553711,0.0,0.0,0.0,2.5079870223999023,0.22934049367904663,6.086315155029297,0.13973337411880493,recon_dom_01_10
3185,,,,,,,,,,1.7906087636947632,0.33739930391311646,50.0,2.6280081272125244,0.21859893202781677,0.0,0.0,0.0,32.91604232788086,0.23736532032489777,40.15971755981445,0.1357438862323761,recon_dom_01_10
3186,,,,0.0,0.0,0.0,100.0,100.0,100.0,1.700709342956543,1.3564321994781494,9.21739387512207,3.149315595626831,0.07874893397092819,9.189383126795292e-05,0.0,0.0,4.674191474914551,0.23434710502624512,8.224199295043945,0.1383175253868103,recon_dom_01_10
3187,,,,,,,,,,2.8584814071655273,0.5647807121276855,17.179277420043945,3.595054864883423,0.14647814631462097,0.0,0.0,0.0,8.827507019042969,0.23767255246639252,15.16452407836914,0.1334993690252304,recon_dom_01_10
3188,,,,,,,,,,2.427220344543457,0.7462712526321411,14.98666763305664,3.3233582973480225,0.12724630534648895,0.0,0.0,0.0,7.801758766174316,0.23787100613117218,13.023003578186035,0.13389456272125244,recon_dom_01_10
3189,,,,,,,,,,1.088889718055725,4.6486005783081055,2.3870291709899902,5.7613606452941895,0.05076194927096367,0.0,0.0,0.0,0.8532674312591553,0.22892063856124878,2.4843077659606934,0.14905929565429688,recon_dom_01_10
3190,,,,,,,,,,2.440009117126465,0.6848374009132385,12.881811141967773,3.25366473197937,0.11387424916028976,0.0,0.0,0.0,6.7340521812438965,0.23704519867897034,11.082319259643555,0.13523641228675842,recon_dom_01_10
3191,,,,,,,,,,1.6587032079696655,0.4306051433086395,30.174631118774414,2.391054630279541,0.14272350072860718,0.0,0.0,0.0,17.620296478271484,0.23174473643302917,23.60594940185547,0.1456792652606964,recon_dom_01_10
3192,,,,,,,,,,3.1185803413391113,0.5127672553062439,16.979816436767578,3.8011457920074463,0.11179760843515396,0.0,0.0,0.0,8.987287521362305,0.23592711985111237,14.792484283447266,0.13705089688301086,recon_dom_01_10
3193,,,,,,,,,,2.8097734451293945,0.5573694705963135,12.449893951416016,3.4916417598724365,0.1222444474697113,0.0,0.0,0.0,6.004209995269775,0.23411856591701508,11.595210075378418,0.13445410132408142,recon_dom_01_10
3194,,,,,,,,,,1.9164893627166748,0.2377697229385376,50.0,2.654259204864502,0.88398277759552,0.0,0.0,0.0,186.44918823242188,0.23736530542373657,201.04608154296875,0.13505887985229492,recon_dom_01_10
3195,,,,,,,,,,2.7032792568206787,0.538524329662323,18.510990142822266,3.4269134998321533,0.13752605020999908,0.0,0.0,0.0,9.780951499938965,0.24028879404067993,16.01024627685547,0.13254578411579132,recon_dom_01_10
3196,,,,0.0,0.0,0.0,100.0,100.0,100.0,2.737924575805664,0.13797315955162048,50.0,3.3758976459503174,0.8852710127830505,0.0,0.0,0.0,182.88497924804688,0.24185329675674438,201.0522918701172,0.13153092563152313,recon_dom_01_10
3197,,,,,,,,,,2.36379337310791,0.7834368348121643,12.910198211669922,3.276332139968872,0.1074637845158577,0.0,0.0,0.0,6.756636142730713,0.2316868007183075,11.158343315124512,0.13902589678764343,recon_dom_01_10
3198,,,,,,,,,,1.6225254535675049,0.39717841148376465,39.64567947387695,2.4161605834960938,0.2080235779285431,0.0,0.0,0.0,23.422685623168945,0.23636667430400848,30.29145050048828,0.13512051105499268,recon_dom_01_10
3199,,,,,,,,,,1.5753653049468994,0.20461009442806244,50.0,2.279975414276123,0.4216904044151306,0.01032760739326477,0.0,0.0,87.25247192382812,0.23462741076946259,99.60359954833984,0.14227598905563354,recon_dom_01_10
3200,,,,,,,,,,1.6378147602081299,0.21360787749290466,50.0,2.3514225482940674,0.5905331373214722,0.0,0.0,0.0,125.57593536376953,0.23336873948574066,138.1419219970703,0.14077560603618622,recon_dom_01_10
3201,,,,,,,,,,2.1345462799072266,1.7791677713394165,4.552041053771973,3.9592344760894775,0.08612290024757385,0.0,0.0,0.0,1.7573517560958862,0.23252223432064056,4.654226303100586,0.1370948851108551,recon_dom_01_10
3202,,,,,,,,,,1.7480863332748413,0.25691765546798706,50.0,2.5050039291381836,0.38665762543678284,0.0,0.0,0.0,74.75515747070312,0.2324064075946808,86.13018035888672,0.13908648490905762,recon_dom_01_10
3203,,,,,,,,,,1.457749366760254,3.9691267013549805,2.465847969055176,5.451534748077393,0.07486492395401001,0.0,0.0,0.0,0.6979599595069885,0.23543652892112732,2.712702751159668,0.1366824358701706,recon_dom_01_10
3204,,,,,,,,,,2.5559306144714355,0.7786663770675659,10.472578048706055,3.4393227100372314,0.11983092129230499,0.0,0.0,0.0,4.980957984924316,0.23664972186088562,9.710742950439453,0.1342957317829132,recon_dom_01_10
3205,,,,,,,,,,0.9359867572784424,4.354127883911133,1.8985153436660767,5.3090996742248535,0.05317646265029907,0.0,0.0,0.0,0.5734837651252747,0.2219354808330536,2.042734384536743,0.15588515996932983,recon_dom_01_10
3206,,,,0.0,0.0,0.0,100.0,100.0,100.0,2.1399290561676025,1.7783186435699463,5.117451190948486,3.9694221019744873,0.08295199275016785,0.0,0.0,0.0,2.1175906658172607,0.2324591726064682,5.096311569213867,0.13699084520339966,recon_dom_01_10
3207,,,,,,,,,,2.925098419189453,0.23208409547805786,50.0,3.657182455062866,0.251459002494812,0.0,0.0,0.0,35.82084655761719,0.24149635434150696,45.735069274902344,0.1311374008655548,recon_dom_01_10
3208,,,,,,,,,,1.6949832439422607,0.46092942357063293,29.706974029541016,2.4529824256896973,0.15608367323875427,3.1011528335511684e-05,0.0,0.0,17.22980499267578,0.23216167092323303,23.318830490112305,0.14087402820587158,recon_dom_01_10
3209,,,,,,,,,,1.9770262241363525,0.2539513111114502,50.0,2.7309775352478027,0.3838484585285187,0.0,0.0,0.0,73.26152801513672,0.23841387033462524,84.72721862792969,0.13341227173805237,recon_dom_01_10
3210,,,,,,,,,,1.3047468662261963,4.241800308227539,2.3060245513916016,5.569607257843018,0.06919150799512863,0.0,0.0,0.0,0.6040778160095215,0.23333057761192322,2.6380786895751953,0.13616803288459778,recon_dom_01_10
3211,,,,,,,,,,2.8729989528656006,0.19157171249389648,50.0,3.564570665359497,0.29500192403793335,0.0,0.0,0.0,39.555931091308594,0.2412017583847046,51.53826141357422,0.13079136610031128,recon_dom_01_10
3212,,,,,,,,,,2.9389188289642334,0.3045574128627777,31.272274017333984,3.556199073791504,0.1788017451763153,0.0,0.0,0.0,17.723621368408203,0.23961907625198364,25.234817504882812,0.13273727893829346,recon_dom_01_10
3213,,,,,,,,,,0.7521678805351257,10.4368896484375,1.4213058948516846,11.20327091217041,0.058211151510477066,0.0,0.0,0.0,0.2771487534046173,0.22896048426628113,1.6320228576660156,0.1419391632080078,recon_dom_01_10
3214,,,,,,,,,,0.6684447526931763,8.140942573547363,1.46371591091156,8.824024200439453,0.04321743920445442,0.0,0.0,0.0,0.4058097004890442,0.2267329841852188,1.608136773109436,0.1507735699415207,recon_dom_01_10
3215,,,,,,,,,,0.9111332893371582,7.2865376472473145,1.5485920906066895,8.213156700134277,0.0560283288359642,0.0,0.0,0.0,0.3575262427330017,0.22203218936920166,1.747929573059082,0.14756141602993011,recon_dom_01_10
3216,,,,0.0,0.0,0.0,100.0,0.0,50.0,3.0373497009277344,0.30704808235168457,31.181278228759766,3.6562106609344482,0.17626437544822693,0.0,0.0,0.0,17.510623931884766,0.23621875047683716,25.5045166015625,0.13453635573387146,recon_dom_01_10
3217,,,,,,,,,,2.961796283721924,0.4550979733467102,20.50252914428711,3.621919631958008,0.12828171253204346,0.0,0.0,0.0,11.096755981445312,0.23686954379081726,17.45423126220703,0.1356259286403656,recon_dom_01_10
3218,,,,,,,,,,2.6993346214294434,0.17945995926856995,50.0,3.3787946701049805,0.8351590037345886,0.0,0.0,0.0,167.4566192626953,0.24305909872055054,191.01568603515625,0.13027633726596832,recon_dom_01_10
3219,,,,,,,,,,1.713059902191162,2.7620723247528076,3.458911895751953,4.509721279144287,0.07575882226228714,0.0,0.0,0.0,1.2297176122665405,0.23387804627418518,3.626574993133545,0.137251079082489,recon_dom_01_10
3220,,,,,,,,,,1.0630786418914795,8.689410209655762,1.4622083902359009,9.767110824584961,0.04208675026893616,0.0003892908862326294,0.0,0.0,0.342693954706192,0.22379407286643982,1.7424442768096924,0.15089935064315796,recon_dom_01_10
3221,,,,,,,,,,0.97198885679245,5.958243370056152,1.7115466594696045,6.947347640991211,0.054752450436353683,0.0,0.0,0.0,0.417556494474411,0.23315146565437317,1.9660444259643555,0.13890470564365387,recon_dom_01_10
3222,,,,,,,,,,1.830087423324585,3.0034077167510986,5.429965496063232,4.8877949714660645,0.08313228189945221,0.0,0.0,0.0,2.0942437648773193,0.2370542585849762,5.7655863761901855,0.13561740517616272,recon_dom_01_10
3223,,,,,,,,,,2.2290520668029785,0.36830905079841614,46.11809539794922,3.058542013168335,0.19721905887126923,0.0,0.0,0.0,27.4885196685791,0.23753118515014648,35.212371826171875,0.13539201021194458,recon_dom_01_10
3224,,,,,,,,,,2.80737566947937,0.2778477668762207,50.0,3.585223436355591,0.27184516191482544,0.0,0.0,0.0,38.735130310058594,0.24177183210849762,49.11980438232422,0.13200025260448456,recon_dom_01_10
3225,,,,,,,,,,1.6898298263549805,1.6907633543014526,5.368462562561035,3.4342777729034424,0.07545393705368042,0.0,0.0,0.0,2.4011430740356445,0.23908215761184692,5.105344772338867,0.13469156622886658,recon_dom_01_10
3226,,,,0.0,0.0,0.0,100.0,100.0,100.0,1.7364425659179688,0.911984920501709,10.529756546020508,2.753725051879883,0.09080920368432999,0.0,0.0,0.0,5.3954854011535645,0.23028802871704102,9.285879135131836,0.14255954325199127,recon_dom_01_10
3227,,,,,,,,,,2.2158617973327637,0.34017083048820496,50.0,3.056032657623291,0.22796455025672913,0.0,0.0,0.0,34.28028869628906,0.23806266486644745,43.02431106567383,0.13393111526966095,recon_dom_01_10
3228,,,,,,,,,,0.8278443813323975,6.617142200469971,1.623688817024231,7.461223602294922,0.0638144239783287,0.0,0.0,0.0,0.3728020489215851,0.23257452249526978,1.7887203693389893,0.14197006821632385,recon_dom_01_10
3229,,,,,,,,,,0.4736866354942322,14.494403839111328,0.6084387898445129,14.974174499511719,0.023657429963350296,0.007598468568176031,0.0,0.0,0.08089374005794525,0.22869905829429626,0.7274534702301025,0.15062786638736725,recon_dom_01_10
3230,,,,,,,,,,1.964446783065796,0.43265825510025024,30.432798385620117,2.701432943344116,0.16445502638816833,0.0,0.0,0.0,17.58467674255371,0.23166988790035248,23.977367401123047,0.13996756076812744,recon_dom_01_10
3231,,,,,,,,,,2.8694827556610107,0.8286715745925903,8.913493156433105,3.7872891426086426,0.10248920321464539,0.0,0.0,0.0,4.148163795471191,0.23218537867069244,8.431741714477539,0.13794057071208954,recon_dom_01_10
3232,,,,,,,,,,0.7425998449325562,8.587434768676758,0.8673044443130493,9.33870792388916,0.03571980074048042,0.0,0.0,0.0,0.12725725769996643,0.22622734308242798,1.0485119819641113,0.14569491147994995,recon_dom_01_10
3233,,,,,,,,,,1.8711298704147339,1.5638651847839355,4.655536651611328,3.481550455093384,0.08799805492162704,0.0,0.0,0.0,1.8914588689804077,0.23416632413864136,4.573768138885498,0.13786882162094116,recon_dom_01_10
3234,,,,,,,,,,2.8372201919555664,0.4716563820838928,14.34254264831543,3.4523019790649414,0.12898215651512146,0.0,0.0,0.0,7.434107303619385,0.2366156280040741,12.452818870544434,0.13452760875225067,recon_dom_01_10
3235,,,,,,,,,,1.955120325088501,0.1879100799560547,50.0,2.6430304050445557,0.7771215438842773,0.0,0.0,0.0,157.8247833251953,0.23882797360420227,172.77957153320312,0.133662611246109,recon_dom_01_10
3236,,,,0.0,0.0,0.0,100.0,100.0,100.0,1.5218164920806885,0.18338307738304138,50.0,2.2051994800567627,1.0016381740570068,0.0,0.0,0.0,216.29318237304688,0.22313588857650757,233.72921752929688,0.1490858495235443,recon_dom_01_10
3237,,,,,,,,,,2.154902935028076,0.7814448475837708,10.730246543884277,3.0436501502990723,0.10157932341098785,0.0,0.0,0.0,5.486027240753174,0.22945570945739746,9.398660659790039,0.14046043157577515,recon_dom_01_10
3238,,,,,,,,,,1.6436002254486084,0.17614026367664337,50.0,2.3197405338287354,0.7196510434150696,0.0,0.0,0.0,158.61087036132812,0.2354038953781128,172.12094116210938,0.1365503966808319,recon_dom_01_10
3239,,,,,,,,,,2.965858221054077,0.25178977847099304,50.0,3.7176480293273926,0.25734731554985046,0.0,0.0,0.0,33.8087043762207,0.24197793006896973,44.50837707519531,0.13148407638072968,recon_dom_01_10
3240,,,,,,,,,,1.5797386169433594,3.176471710205078,2.7285945415496826,4.783496379852295,0.061109576374292374,0.0,0.0,0.0,0.9273190498352051,0.2318434715270996,2.9168472290039062,0.14119793474674225,recon_dom_01_10
3241,,,,,,,,,,1.999489188194275,1.3614659309387207,7.748090744018555,3.4384360313415527,0.09418623894453049,0.0,0.0,0.0,3.7049083709716797,0.23252272605895996,7.070188999176025,0.13904491066932678,recon_dom_01_10
3242,,,,,,,,,,2.6070778369903564,0.6631609201431274,14.756135940551758,3.417800188064575,0.11688652634620667,0.0,0.0,0.0,7.777891159057617,0.23716388642787933,12.71310043334961,0.13545966148376465,recon_dom_01_10
3243,,,,,,,,,,3.041334629058838,0.25001299381256104,50.0,3.7913475036621094,0.2917950749397278,0.0,0.0,0.0,41.36873245239258,0.2409694343805313,54.13440704345703,0.13198833167552948,recon_dom_01_10
3244,,,,,,,,,,2.664775848388672,0.15184952318668365,50.0,3.3166253566741943,1.0019075870513916,0.0,0.0,0.0,197.86892700195312,0.24057859182357788,214.1796417236328,0.1330557018518448,recon_dom_01_10
3245,,,,,,,,,,1.7399053573608398,0.47965919971466064,25.73734474182129,2.476938009262085,0.1544712781906128,0.0,0.0,0.0,14.841209411621094,0.2357078343629837,20.172977447509766,0.13718107342720032,recon_dom_01_10
3246,,,,0.0,0.0,0.0,50.0,100.0,100.0,0.7645870447158813,9.173568725585938,0.911193311214447,9.947267532348633,0.03672298416495323,1.7183559975819662e-05,0.0,0.0,0.12895700335502625,0.22724086046218872,1.1224061250686646,0.1467709243297577,recon_dom_01_10
3247,,,,,,,,,,1.8969048261642456,1.0913466215133667,8.53442096710205,3.0735957622528076,0.08668655157089233,0.0,0.0,0.0,4.227004051208496,0.23157548904418945,7.673758506774902,0.13947543501853943,recon_dom_01_10
3248,,,,,,,,,,1.8727052211761475,0.29288485646247864,50.0,2.6655900478363037,0.25543302297592163,0.0,0.0,0.0,43.095550537109375,0.23744407296180725,51.39799118041992,0.13508310914039612,recon_dom_01_10
3249,,,,,,,,,,2.7834346294403076,0.17926214635372162,50.0,3.4626967906951904,0.8898347616195679,0.0,0.0,0.0,177.8936767578125,0.24075394868850708,199.11337280273438,0.13163450360298157,recon_dom_01_10
3250,,,,,,,,,,2.254765748977661,1.0471447706222534,10.255927085876465,3.4044697284698486,0.09863283485174179,0.0,0.0,0.0,4.87440824508667,0.2361845225095749,9.702445983886719,0.13512711226940155,recon_dom_01_10
3251,,,,,,,,,,0.7757340669631958,8.248119354248047,1.0854618549346924,9.034708023071289,0.04384381324052811,0.0,0.0,0.0,0.1662726104259491,0.2305302619934082,1.3256059885025024,0.14114095270633698,recon_dom_01_10
3252,,,,,,,,,,2.9949004650115967,0.312704861164093,37.79227828979492,3.685528039932251,0.1922902762889862,0.0,0.0,0.0,21.747873306274414,0.23934829235076904,30.091341018676758,0.13351252675056458,recon_dom_01_10
3253,,,,,,,,,,1.7491207122802734,1.041019082069397,8.180834770202637,2.8719482421875,0.08550620824098587,0.0,0.0,0.0,3.9640867710113525,0.2315688133239746,7.504006385803223,0.14057233929634094,recon_dom_01_10
3254,,,,,,,,,,2.9822521209716797,0.38837555050849915,28.107440948486328,3.6517021656036377,0.16389420628547668,0.0,0.0,0.0,15.777413368225098,0.239270880818367,22.94661521911621,0.13324055075645447,recon_dom_01_10
3255,,,,,,,,,,2.620790481567383,0.7950575947761536,13.680351257324219,3.5526516437530518,0.11707407236099243,0.0,0.0,0.0,6.901597023010254,0.238069549202919,12.312248229980469,0.13453248143196106,recon_dom_01_10
3256,,,,0.0,0.0,0.0,100.0,100.0,100.0,1.9589037895202637,0.6313828825950623,28.49772071838379,2.8752639293670654,0.15819548070430756,0.0,0.0,0.0,16.371227264404297,0.23676681518554688,22.596435546875,0.13621515035629272,recon_dom_01_10
3257,,,,,,,,,,2.279329299926758,0.6007001996040344,26.013187408447266,3.1401612758636475,0.15541449189186096,0.0,0.0,0.0,14.63947868347168,0.23967400193214417,21.11854362487793,0.13398528099060059,recon_dom_01_10
3258,,,,,,,,,,2.742065906524658,0.21893708407878876,50.0,3.461003065109253,0.4406321942806244,0.0,0.0,0.0,77.28067779541016,0.24306879937648773,93.21998596191406,0.13048005104064941,recon_dom_01_10
3259,,,,,,,,,,2.9241724014282227,0.444521963596344,29.498764038085938,3.663681983947754,0.16679194569587708,0.0,0.0,0.0,16.352787017822266,0.2396700382232666,24.54939842224121,0.13351166248321533,recon_dom_01_10
3260,,,,,,,,,,1.9041752815246582,0.9572991132736206,12.393449783325195,2.9854087829589844,0.09766028076410294,0.0,0.0,0.0,6.59398889541626,0.23414400219917297,10.547652244567871,0.1392011195421219,recon_dom_01_10
3261,,,,,,,,,,2.3498902320861816,0.35521140694618225,50.0,3.205101728439331,0.3116907477378845,0.0,0.0,0.0,48.4632453918457,0.24173808097839355,58.54050827026367,0.13209863007068634,recon_dom_01_10
3262,,,,,,,,,,0.8785795569419861,6.668774127960205,1.3363677263259888,7.560717582702637,0.03622026741504669,0.0,0.0,0.0,0.3364754319190979,0.22828520834445953,1.5627232789993286,0.14600864052772522,recon_dom_01_10
3263,,,,,,,,,,2.6159579753875732,0.3122749626636505,50.0,3.4282329082489014,0.2578374743461609,0.0,0.0,0.0,39.229740142822266,0.23477230966091156,49.916648864746094,0.1368054747581482,recon_dom_01_10
3264,,,,,,,,,,2.794846296310425,0.4917215406894684,16.697786331176758,3.4535458087921143,0.1407783329486847,0.0,0.0,0.0,8.57314395904541,0.23760300874710083,14.76740550994873,0.13287076354026794,recon_dom_01_10
3265,,,,,,,,,,1.6820957660675049,0.5912266969680786,26.013444900512695,2.533456802368164,0.15048617124557495,0.0,0.0,0.0,15.000134468078613,0.2344275265932083,20.447084426879883,0.13894608616828918,recon_dom_01_10
3266,,,,0.0,0.0,0.0,100.0,100.0,100.0,1.6022013425827026,1.5069658756256104,6.469977855682373,3.1738669872283936,0.08004695922136307,0.0,0.0,0.0,2.946180582046509,0.23555925488471985,6.17253303527832,0.1374010443687439,recon_dom_01_10
3267,,,,,,,,,,2.17081880569458,0.4851914942264557,50.0,3.156010389328003,0.2269773930311203,0.0,0.0,0.0,32.935054779052734,0.240436851978302,41.344783782958984,0.13466769456863403,recon_dom_01_10
3268,,,,,,,,,,1.9771002531051636,2.6567840576171875,6.10765266418457,4.694961071014404,0.07312814891338348,0.0,0.0,0.0,2.654691457748413,0.2363061159849167,6.100089073181152,0.13645225763320923,recon_dom_01_10
3269,,,,,,,,,,1.4686124324798584,4.597479820251465,2.5770630836486816,6.091862678527832,0.05244063585996628,0.0,0.0,0.0,0.8573862314224243,0.23007231950759888,2.8404881954193115,0.14222411811351776,recon_dom_01_10
3270,,,,,,,,,,1.598379135131836,0.5966298580169678,22.82892608642578,2.4232983589172363,0.1300385445356369,0.0,0.0,0.0,12.789144515991211,0.2336401343345642,18.70407485961914,0.14185602962970734,recon_dom_01_10
3271,,,,,,,,,,2.017712354660034,2.141451120376587,4.8656325340271,4.207819938659668,0.08292107284069061,0.0,0.0,0.0,1.9187006950378418,0.23617655038833618,4.9905290603637695,0.13444140553474426,recon_dom_01_10
3272,,,,,,,,,,2.1053683757781982,0.6807209253311157,35.7784423828125,3.143873691558838,0.16564315557479858,0.0,0.0,0.0,20.994552612304688,0.23878765106201172,27.836780548095703,0.1340651661157608,recon_dom_01_10
3273,,,,,,,,,,1.7761170864105225,0.5351641774177551,27.22012710571289,2.583482503890991,0.13140326738357544,0.0,0.0,0.0,15.687593460083008,0.22908027470111847,21.676525115966797,0.1434709131717682,recon_dom_01_10
3274,,,,,,,,,,2.6129512786865234,0.9775798916816711,9.949604988098145,3.6900272369384766,0.1101347804069519,0.0,0.0,0.0,4.73590087890625,0.23595446348190308,9.251811981201172,0.13529449701309204,recon_dom_01_10
3275,,,,,,,,,,1.2696855068206787,6.35841178894043,1.9773778915405273,7.647871017456055,0.05531400442123413,0.0,0.0,0.0,0.5000378489494324,0.2269926816225052,2.327176809310913,0.14482265710830688,recon_dom_01_10
3276,,,,0.0,0.0,0.0,100.0,100.0,100.0,2.504603862762451,0.5281549692153931,25.81170654296875,3.2908759117126465,0.1455896496772766,0.0,0.0,0.0,14.66087818145752,0.23526740074157715,20.77126121520996,0.13723421096801758,recon_dom_01_10
3277,,,,,,,,,,1.8821656703948975,0.5946198105812073,20.063676834106445,2.677422285079956,0.1319599449634552,0.0,0.0,0.0,11.182403564453125,0.23535190522670746,16.368431091308594,0.1372087299823761,recon_dom_01_10
3278,,,,,,,,,,0.998231828212738,6.553924083709717,2.096539258956909,7.573121070861816,0.05230044201016426,0.0,0.0,0.0,0.572089672088623,0.22813832759857178,2.451824188232422,0.14221423864364624,recon_dom_01_10
3279,,,,,,,,,,1.257521152496338,4.694583415985107,1.7887355089187622,5.969992160797119,0.07585982233285904,0.0,0.0,0.0,0.40848612785339355,0.2302533984184265,1.9274431467056274,0.1420339047908783,recon_dom_01_10
3280,,,,,,,,,,1.1588001251220703,1.0512295961380005,50.0,2.7100296020507812,1.7268552780151367,2.1714526155847125e-05,0.0,0.0,366.40716552734375,0.2312483787536621,387.7192687988281,0.14001864194869995,recon_dom_01_10
3281,,,,,,,,,,2.8420090675354004,0.3673510253429413,38.55222702026367,3.5948822498321533,0.2072790265083313,0.0,0.0,0.0,22.065336227416992,0.24183371663093567,30.8262996673584,0.13162212073802948,recon_dom_01_10
3282,,,,,,,,,,1.8180640935897827,0.24376991391181946,50.0,2.5618340969085693,0.37088313698768616,0.0,0.0,0.0,67.69795227050781,0.2352156937122345,78.30756378173828,0.13845914602279663,recon_dom_01_10
3283,,,,,,,,,,1.8076531887054443,0.569891631603241,21.638193130493164,2.5939266681671143,0.11389981210231781,0.0,0.0,0.0,12.323265075683594,0.2279927283525467,17.416292190551758,0.14485108852386475,recon_dom_01_10
3284,,,,,,,,,,0.2509074807167053,18.43220329284668,0.4058161973953247,18.68716812133789,0.014613737352192402,0.0,0.0,0.0,0.1007871925830841,0.22179821133613586,0.3880937993526459,0.15733575820922852,recon_dom_01_10
3285,,,,,,,,,,1.3176729679107666,3.002286911010742,2.8212037086486816,4.348171710968018,0.04773404076695442,0.0,0.0,0.0,1.0224463939666748,0.22039920091629028,3.0449202060699463,0.15587076544761658,recon_dom_01_10
3286,,,,0.0,0.0,0.0,100.0,100.0,100.0,1.4700405597686768,1.7439709901809692,5.278878688812256,3.2668004035949707,0.06902720779180527,0.0,0.0,0.0,2.362931966781616,0.23504772782325745,5.066992282867432,0.13809648156166077,recon_dom_01_10
3287,,,,,,,,,,2.51824688911438,1.2154326438903809,8.819750785827637,3.8218770027160645,0.10737758874893188,0.0,0.0,0.0,3.8458476066589355,0.23744575679302216,8.799692153930664,0.13424579799175262,recon_dom_01_10
3288,,,,,,,,,,1.7677388191223145,1.4597656726837158,5.462119102478027,3.28212571144104,0.07468236982822418,0.0,0.0,0.0,2.4143447875976562,0.22938460111618042,5.2747297286987305,0.1405860185623169,recon_dom_01_10
3289,,,,,,,,,,1.7727936506271362,2.0196025371551514,5.307680130004883,3.845473051071167,0.07154050469398499,0.0,0.0,0.0,2.2975380420684814,0.23490868508815765,5.230293273925781,0.13801994919776917,recon_dom_01_10
3290,,,,,,,,,,2.8172450065612793,0.40454962849617004,25.498716354370117,3.4767818450927734,0.1662866771221161,0.0,0.0,0.0,13.893277168273926,0.23856225609779358,21.47376823425293,0.13266409933567047,recon_dom_01_10
3291,,,,,,,,,,0.5844746828079224,11.354962348937988,0.7999855875968933,11.947437286376953,0.04893195629119873,0.00035360053880140185,0.0,0.0,0.0841875821352005,0.2314451038837433,0.8668550252914429,0.14212602376937866,recon_dom_01_10
3292,,,,,,,,,,0.988872766494751,4.545197010040283,1.39871346950531,5.5480570793151855,0.03779355436563492,0.0,0.0,0.0,0.3644333779811859,0.23223698139190674,1.6153484582901,0.14414334297180176,recon_dom_01_10
3293,,,,,,,,,,1.1305785179138184,5.842785835266113,1.5280534029006958,6.988645076751709,0.049721457064151764,6.492105626421107e-07,0.0,0.0,0.3644270598888397,0.2259047031402588,1.7554850578308105,0.14685428142547607,recon_dom_01_10
3294,,,,,,,,,,2.942941188812256,0.27597951889038086,32.92694854736328,3.548190116882324,0.1864914745092392,0.0,0.0,0.0,18.814048767089844,0.24000702798366547,26.2863712310791,0.13253818452358246,recon_dom_01_10
3295,,,,,,,,,,1.5712919235229492,1.8448988199234009,3.765993595123291,3.453850746154785,0.06668567657470703,0.0,0.0,0.0,1.5167927742004395,0.237509623169899,3.7566771507263184,0.13683024048805237,recon_dom_01_10
3296,,,,0.0,0.0,0.0,100.0,50.0,50.0,2.896091938018799,0.2760685086250305,32.06847381591797,3.492845296859741,0.1771969348192215,0.0,0.0,0.0,18.08636474609375,0.2398790717124939,26.11774444580078,0.13267624378204346,recon_dom_01_10
3297,,,,,,,,,,1.6688178777694702,3.5545051097869873,2.355869770050049,5.246881484985352,0.06379962712526321,0.0,0.0,0.0,0.6698262095451355,0.22968930006027222,2.6602399349212646,0.1395663321018219,recon_dom_01_10
3298,,,,,,,,,,2.9218995571136475,0.2553529739379883,25.01586151123047,3.4274110794067383,0.17479956150054932,0.0,0.0,0.0,13.598827362060547,0.23904407024383545,21.011783599853516,0.132394477725029,recon_dom_01_10
3299,,,,,,,,,,1.9274711608886719,0.14870934188365936,50.0,2.5761804580688477,0.8071602582931519,0.0,0.0,0.0,166.5732421875,0.2362494170665741,183.3314208984375,0.1356395184993744,recon_dom_01_10
3300,,,,,,,,,,2.728640556335449,0.17245642840862274,50.0,3.401097059249878,0.4808845520019531,0.0,0.0,0.0,92.41231536865234,0.2382044792175293,104.08175659179688,0.13429398834705353,recon_dom_01_10
3301,,,,,,,,,,2.8015947341918945,0.20162229239940643,50.0,3.5032169818878174,0.29445865750312805,0.0,0.0,0.0,42.12729263305664,0.23852533102035522,53.1212043762207,0.1326112002134323,recon_dom_01_10
3302,,,,,,,,,,2.0662918090820312,0.33741044998168945,26.133522033691406,2.6650373935699463,0.14208514988422394,0.0,0.0,0.0,15.032111167907715,0.23709452152252197,20.70751190185547,0.135189026594162,recon_dom_01_10
3303,,,,,,,,,,1.9820464849472046,0.9018145203590393,9.738985061645508,2.981250762939453,0.08839280158281326,0.0,0.0,0.0,4.941776275634766,0.23749534785747528,8.635805130004883,0.1359330266714096,recon_dom_01_10
3304,,,,,,,,,,1.7845971584320068,1.0223126411437988,7.148809432983398,2.8783979415893555,0.0966930240392685,0.0,0.0,0.0,3.4241185188293457,0.23530665040016174,6.407741069793701,0.13824227452278137,recon_dom_01_10
3305,,,,,,,,,,2.0659356117248535,0.27946174144744873,50.0,2.845397472381592,0.29147422313690186,0.0,0.0,0.0,46.72223663330078,0.23698803782463074,58.64598083496094,0.1351793110370636,recon_dom_01_10
3306,,,,0.0,0.0,0.0,100.0,100.0,100.0,3.0990712642669678,0.33104968070983887,25.927913665771484,3.6894001960754395,0.14684854447841644,0.0,0.0,0.0,14.558039665222168,0.23637011647224426,21.196765899658203,0.13612905144691467,recon_dom_01_10
3307,,,,,,,,,,2.063701629638672,2.899458646774292,2.6999430656433105,4.990159511566162,0.04357338696718216,0.0,0.0,0.0,0.8888717293739319,0.2255847007036209,3.1111536026000977,0.1506921648979187,recon_dom_01_10
3308,,,,,,,,,,0.9912257194519043,8.100442886352539,1.052977442741394,9.102198600769043,0.03939084708690643,0.0,0.0,0.0,0.17226609587669373,0.22632504999637604,1.2933799028396606,0.14434672892093658,recon_dom_01_10
3309,,,,,,,,,,1.224841833114624,5.247881889343262,1.120754599571228,6.483931064605713,0.042904775589704514,0.00019275667727924883,0.0,0.0,0.20929980278015137,0.21867476403713226,1.3195817470550537,0.15079808235168457,recon_dom_01_10
3310,,,,,,,,,,1.4611740112304688,4.845793724060059,1.533735752105713,6.322305202484131,0.07952621579170227,0.0,0.0,0.0,0.26165249943733215,0.22649624943733215,1.6749730110168457,0.14316073060035706,recon_dom_01_10
3311,,,,,,,,,,2.688170909881592,0.2506491243839264,50.0,3.4388201236724854,1.666725516319275,0.0,0.0,0.0,347.24029541015625,0.2406913936138153,370.8247985839844,0.13223454356193542,recon_dom_01_10
3312,,,,,,,,,,1.753246784210205,1.211740255355835,6.113439083099365,3.0261213779449463,0.058504775166511536,0.0,0.0,0.0,2.9734230041503906,0.22958041727542877,5.619453430175781,0.14807365834712982,recon_dom_01_10
3313,,,,,,,,,,2.4613037109375,0.3287122845649719,34.826499938964844,3.1382811069488525,0.16016949713230133,0.0,0.0,0.0,20.54344367980957,0.23331767320632935,26.890146255493164,0.13802936673164368,recon_dom_01_10
3314,,,,,,,,,,2.4255456924438477,1.0757129192352295,6.60959529876709,3.567354679107666,0.07451237738132477,0.0,0.0,0.0,3.0564675331115723,0.23266348242759705,6.286803722381592,0.13897563517093658,recon_dom_01_10
3315,,,,,,,,,,1.8570866584777832,0.2576265335083008,50.0,2.614713191986084,0.2907992899417877,0.0,0.0,0.0,48.25596618652344,0.2378035932779312,58.43698501586914,0.13595229387283325,recon_dom_01_10
3316,,,,0.0,0.0,0.0,100.0,100.0,50.0,2.8472447395324707,0.49304622411727905,17.63882827758789,3.516679286956787,0.12203459441661835,0.0,0.0,0.0,9.500502586364746,0.2321643829345703,14.981766700744629,0.14052826166152954,recon_dom_01_10
3317,,,,,,,,,,0.9769493341445923,7.224262237548828,0.9128627777099609,8.21034049987793,0.03559038043022156,0.0,0.0,0.0,0.13183455169200897,0.23163846135139465,1.131466031074524,0.14179477095603943,recon_dom_01_10
3318,,,,,,,,,,1.859330415725708,0.3318514823913574,45.44009017944336,2.645582914352417,0.1818169355392456,3.6201020066073397e-06,0.0,0.0,27.244762420654297,0.23279452323913574,34.497779846191406,0.14067739248275757,recon_dom_01_10
3319,,,,,,,,,,0.969108521938324,5.87779426574707,1.2958335876464844,6.859860897064209,0.06750952452421188,0.0,0.0,0.0,0.2282436192035675,0.2313985824584961,1.3854228258132935,0.14191071689128876,recon_dom_01_10
3320,,,,,,,,,,2.7773921489715576,0.7591068148612976,5.420961380004883,3.5907084941864014,0.08618368953466415,0.0,0.0,0.0,2.2056994438171387,0.23171743750572205,5.494570732116699,0.1388673484325409,recon_dom_01_10
3321,,,,,,,,,,1.9172676801681519,2.3805930614471436,2.6020281314849854,4.323881149291992,0.06509340554475784,0.0,0.0,0.0,0.7803665995597839,0.22706612944602966,2.918459415435791,0.14258189499378204,recon_dom_01_10
3322,,,,,,,,,,3.193235158920288,0.3620077669620514,14.499309539794922,3.7002360820770264,0.11211763322353363,0.0,0.0,0.0,7.319380760192871,0.23914074897766113,13.164030075073242,0.1341051459312439,recon_dom_01_10
3323,,,,,,,,,,3.004626989364624,0.3829217255115509,10.865154266357422,3.4962003231048584,0.11221907287836075,0.0,0.0,0.0,5.264431953430176,0.2376757562160492,10.004964828491211,0.1337624192237854,recon_dom_01_10
3324,,,,,,,,,,2.5613536834716797,0.15959987044334412,50.0,3.2209534645080566,1.328179121017456,0.0,0.0,0.0,266.4642639160156,0.24260032176971436,287.31256103515625,0.1305103600025177,recon_dom_01_10
3325,,,,,,,,,,2.950593948364258,0.28884604573249817,25.58344078063965,3.495274305343628,0.1793230175971985,0.0,0.0,0.0,13.905294418334961,0.2403826266527176,21.48861312866211,0.13186010718345642,recon_dom_01_10
3326,,,,0.0,0.0,0.0,100.0,100.0,100.0,2.900608539581299,0.3982084095478058,17.04369354248047,3.4692537784576416,0.14216382801532745,0.0,0.0,0.0,8.769121170043945,0.23848295211791992,15.05325698852539,0.13274864852428436,recon_dom_01_10
3327,,,,,,,,,,1.8330978155136108,2.208613395690918,2.446049451828003,4.066171646118164,0.048633866012096405,0.0,0.0,0.0,0.832729160785675,0.23298296332359314,2.6653075218200684,0.14198988676071167,recon_dom_01_10
3328,,,,,,,,,,2.236111640930176,0.41480398178100586,35.30420684814453,3.003957748413086,0.15696918964385986,0.0,0.0,0.0,20.75294303894043,0.23814356327056885,27.458240509033203,0.13481813669204712,recon_dom_01_10
3329,,,,,,,,,,1.3310320377349854,4.122287750244141,1.1552543640136719,5.464872360229492,0.04068079590797424,0.0,0.0,0.0,0.21638864278793335,0.23028528690338135,1.3963004350662231,0.14282914996147156,recon_dom_01_10
3330,,,,,,,,,,1.47702157497406,0.2577421963214874,50.0,2.2347638607025146,1.5267175436019897,0.0,0.0,0.0,320.7762451171875,0.22494548559188843,339.3821105957031,0.15362662076950073,recon_dom_01_10
3331,,,,,,,,,,2.391571521759033,0.6774640083312988,10.766075134277344,3.176696300506592,0.11088792234659195,0.0,0.0,0.0,5.384389877319336,0.2321814000606537,9.580585479736328,0.13735204935073853,recon_dom_01_10
3332,,,,,,,,,,1.1891785860061646,4.821584701538086,1.1609923839569092,6.022373199462891,0.0374750979244709,0.0,0.0,0.0,0.2195512056350708,0.23173697292804718,1.4330668449401855,0.1435854732990265,recon_dom_01_10
3333,,,,,,,,,,2.8677992820739746,0.25889459252357483,47.93812561035156,3.6060750484466553,0.2370484173297882,0.0,0.0,0.0,28.001848220825195,0.2410087287425995,37.42738723754883,0.1323961764574051,recon_dom_01_10
3334,,,,,,,,,,0.7709871530532837,11.592293739318848,0.5714972615242004,12.368995666503906,0.021773315966129303,0.007005262654274702,0.0,0.0,0.08002212643623352,0.22909827530384064,0.6757323741912842,0.14827264845371246,recon_dom_01_10
3335,,,,,,,,,,2.5421948432922363,0.3457692861557007,35.5654296875,3.2436184883117676,0.19597379863262177,0.0,0.0,0.0,20.68947410583496,0.23538626730442047,27.71816635131836,0.1345798522233963,recon_dom_01_10
3336,,,,0.0,0.0,0.0,100.0,50.0,50.0,2.641594886779785,0.4519655108451843,21.03115463256836,3.3038718700408936,0.16031044721603394,0.0,0.0,0.0,11.434855461120605,0.23457592725753784,17.515424728393555,0.1357516050338745,recon_dom_01_10
3337,,,,,,,,,,2.6861255168914795,0.2983260750770569,50.0,3.4844515323638916,0.26460129022598267,0.0,0.0,0.0,41.81999206542969,0.2403259426355362,52.04680633544922,0.13262400031089783,recon_dom_01_10
3338,,,,,,,,,,2.956347942352295,0.5442437529563904,11.819113731384277,3.6187827587127686,0.11063292622566223,0.0,0.0,0.0,5.918098449707031,0.23873254656791687,10.621101379394531,0.13426198065280914,recon_dom_01_10
3339,,,,,,,,,,1.6630854606628418,0.4815669655799866,23.40243148803711,2.378676652908325,0.12713897228240967,0.0,0.0,0.0,13.515284538269043,0.23651769757270813,18.427661895751953,0.13968312740325928,recon_dom_01_10
3340,,,,,,,,,,2.375593662261963,0.3852487802505493,49.15467834472656,3.2523891925811768,0.20070219039916992,0.0,0.0,0.0,29.443016052246094,0.23476678133010864,37.34198760986328,0.13685128092765808,recon_dom_01_10
3341,,,,,,,,,,2.829648017883301,0.33820465207099915,50.0,3.6678526401519775,0.2485191822052002,0.0,0.0,0.0,34.5858154296875,0.23988547921180725,45.17630386352539,0.13304924964904785,recon_dom_01_10
3342,,,,,,,,,,1.8203134536743164,0.3956320881843567,47.6446533203125,2.692392110824585,0.18154625594615936,0.0,0.0,0.0,28.633203506469727,0.23262223601341248,36.13259506225586,0.14160403609275818,recon_dom_01_10
3343,,,,,,,,,,2.132122278213501,0.3039068281650543,50.0,2.9360291957855225,0.27765244245529175,0.0,0.0,0.0,47.9950065612793,0.2343500256538391,57.46617126464844,0.13638514280319214,recon_dom_01_10
3344,,,,,,,,,,1.7538894414901733,1.303061842918396,8.25328254699707,3.139484167098999,0.07189226895570755,0.0,0.0,0.0,4.154830455780029,0.23384439945220947,7.402928352355957,0.14141908288002014,recon_dom_01_10
3345,,,,,,,,,,2.4363694190979004,1.380364179611206,4.472288608551025,3.8614563941955566,0.07709388434886932,0.0,0.0,0.0,1.6212716102600098,0.23247097432613373,4.8570685386657715,0.1376609206199646,recon_dom_01_10
3346,,,,0.0,0.0,0.0,100.0,100.0,100.0,2.881518840789795,0.5328518152236938,20.545591354370117,3.619826555252075,0.1348647177219391,0.0,0.0,0.0,10.874391555786133,0.23928502202033997,17.919269561767578,0.13311755657196045,recon_dom_01_10
3347,,,,,,,,,,0.555264413356781,10.191731452941895,0.8222861289978027,10.755218505859375,0.040744900703430176,0.0100285355001688,0.0,0.0,0.11584052443504333,0.22700196504592896,0.9102236032485962,0.1488056629896164,recon_dom_01_10
3348,,,,,,,,,,2.6942813396453857,0.19666248559951782,50.0,3.390943765640259,0.8493829965591431,0.0,0.0,0.0,168.248291015625,0.2412700206041336,185.7501220703125,0.13176949322223663,recon_dom_01_10
3349,,,,,,,,,,1.816884994506836,0.2958209812641144,50.0,2.612705945968628,0.38045942783355713,0.0,0.0,0.0,64.42681884765625,0.23313941061496735,75.77194213867188,0.1371726095676422,recon_dom_01_10
3350,,,,,,,,,,1.475355863571167,4.692674160003662,1.9385333061218262,6.18741512298584,0.05434466898441315,0.0,0.0,0.0,0.4892873764038086,0.23156259953975677,2.280824899673462,0.1395394504070282,recon_dom_01_10
3351,,,,,,,,,,1.7509597539901733,2.648984670639038,4.770167827606201,4.447646141052246,0.07188471406698227,0.0,0.0,0.0,1.915114402770996,0.23118020594120026,4.917227745056152,0.13898062705993652,recon_dom_01_10
3352,,,,,,,,,,1.4966773986816406,2.3126156330108643,3.733273506164551,3.846625804901123,0.050310540944337845,0.00025127397384494543,0.0,0.0,1.5370736122131348,0.23000839352607727,3.8141255378723145,0.14332443475723267,recon_dom_01_10
3353,,,,,,,,,,1.6799559593200684,1.4157302379608154,5.892130374908447,3.1546075344085693,0.05569443851709366,0.0,0.0,0.0,2.787651300430298,0.23543286323547363,5.576780319213867,0.14073175191879272,recon_dom_01_10
3354,,,,,,,,,,2.95711612701416,0.8347468972206116,14.771146774291992,3.9395744800567627,0.10342168062925339,0.0,0.0,0.0,7.593569278717041,0.2351846992969513,13.24634075164795,0.13779854774475098,recon_dom_01_10
3355,,,,,,,,,,1.9357776641845703,0.7986575365066528,14.210684776306152,2.876542091369629,0.13121706247329712,0.0,0.0,0.0,7.5290374755859375,0.23712672293186188,11.976727485656738,0.13485151529312134,recon_dom_01_10
3356,,,,0.0,0.0,50.0,100.0,100.0,50.0,1.365095615386963,1.4897327423095703,3.5004658699035645,2.8898329734802246,0.04824378341436386,0.0,0.0,0.0,1.502408504486084,0.22905631363391876,3.4387552738189697,0.14555206894874573,recon_dom_01_10
3357,,,,,,,,,,1.46685791015625,3.6089611053466797,2.6175544261932373,5.101994514465332,0.06190729886293411,0.0,0.0,0.0,0.8559070825576782,0.2283303439617157,2.8301291465759277,0.1421346515417099,recon_dom_01_10
3358,,,,,,,,,,2.847899913787842,0.2246973067522049,50.0,3.5725972652435303,0.3447067141532898,0.0,0.0,0.0,52.42289733886719,0.24306288361549377,65.13420104980469,0.13054291903972626,recon_dom_01_10
3359,,,,,,,,,,1.8361308574676514,0.4249284565448761,32.11811828613281,2.582240581512451,0.14613419771194458,0.0,0.0,0.0,18.93074607849121,0.23750965297222137,24.83854103088379,0.13676851987838745,recon_dom_01_10
3360,,,,,,,,,,0.8328593969345093,8.429275512695312,0.9080156087875366,9.271215438842773,0.03648941218852997,0.00027767964638769627,0.0,0.0,0.13394811749458313,0.22523877024650574,1.1081018447875977,0.1476791501045227,recon_dom_01_10
3361,,,,,,,,,,1.0435998439788818,6.323261737823486,1.3683991432189941,7.380545616149902,0.052101314067840576,0.0,0.0,0.0,0.2627184987068176,0.2259264588356018,1.6164603233337402,0.14351224899291992,recon_dom_01_10
3362,,,,,,,,,,1.444909930229187,4.539091110229492,1.6540257930755615,6.0005412101745605,0.04062134027481079,0.0,0.0,0.0,0.4047982096672058,0.23453690111637115,2.0175375938415527,0.13898444175720215,recon_dom_01_10
3363,,,,,,,,,,1.8347047567367554,0.3603900671005249,45.07621383666992,2.6458568572998047,0.18431967496871948,4.677245968309762e-08,0.0,0.0,26.97237205505371,0.22180631756782532,34.29044723510742,0.14839312434196472,recon_dom_01_10
3364,,,,,,,,,,1.6493762731552124,0.26620522141456604,50.0,2.415581464767456,0.25166434049606323,0.0,0.0,0.0,42.71773910522461,0.22525092959403992,50.88331604003906,0.1533518135547638,recon_dom_01_10
3365,,,,,,,,,,2.269153594970703,0.9507192969322205,6.432998180389404,3.284202814102173,0.08282116800546646,0.0,0.0,0.0,2.946970224380493,0.22137244045734406,6.070146083831787,0.14711728692054749,recon_dom_01_10
3366,,,,0.0,0.0,0.0,100.0,100.0,100.0,2.6831843852996826,0.6793754696846008,8.17701244354248,3.4443299770355225,0.09443461894989014,0.0,0.0,0.0,3.8048148155212402,0.2333029955625534,7.725862979888916,0.1376236081123352,recon_dom_01_10
3367,,,,,,,,,,2.577038049697876,0.8800027370452881,5.8636298179626465,3.515676975250244,0.0908040702342987,0.0,0.0,0.0,2.503183126449585,0.23497287929058075,5.738724231719971,0.13567359745502472,recon_dom_01_10
3368,,,,,,,,,,2.323549509048462,1.299033522605896,5.617456436157227,3.678757667541504,0.09512278437614441,0.0,0.0,0.0,2.3583621978759766,0.23207899928092957,5.493032455444336,0.13756069540977478,recon_dom_01_10
3369,,,,,,,,,,1.988213300704956,2.343492031097412,2.995269298553467,4.361658096313477,0.07202504575252533,0.0,0.0,0.0,1.0086493492126465,0.23306216299533844,3.1784286499023438,0.1397431641817093,recon_dom_01_10
3370,,,,,,,,,,1.9604843854904175,1.3509398698806763,6.543579578399658,3.3768601417541504,0.06987257301807404,0.0,0.0,0.0,3.100478410720825,0.23632338643074036,6.112547874450684,0.13831643760204315,recon_dom_01_10
3371,,,,,,,,,,2.6471242904663086,0.17448690533638,50.0,3.321611166000366,1.5835471153259277,0.0,0.0,0.0,330.3431396484375,0.2405281811952591,357.5804748535156,0.13178661465644836,recon_dom_01_10
3372,,,,,,,,,,3.1117420196533203,0.2950550317764282,22.496469497680664,3.6317617893218994,0.15415190160274506,0.0,0.0,0.0,12.139413833618164,0.2375337779521942,19.098432540893555,0.13326199352741241,recon_dom_01_10
3373,,,,,,,,,,1.9494571685791016,0.3992508053779602,27.67367172241211,2.6254446506500244,0.1364162564277649,0.0,0.0,0.0,16.181886672973633,0.23422391712665558,21.544179916381836,0.14194098114967346,recon_dom_01_10
3374,,,,,,,,,,2.892702102661133,0.7143615484237671,10.34493350982666,3.71051287651062,0.09179277718067169,0.0,0.0,0.0,5.0567779541015625,0.23610830307006836,9.583418846130371,0.13872134685516357,recon_dom_01_10
3375,,,,,,,,,,2.3832249641418457,1.114054560661316,7.976986885070801,3.577049493789673,0.08067367225885391,0.0,0.0,0.0,3.838198184967041,0.23892688751220703,7.395984172821045,0.13535436987876892,recon_dom_01_10
3376,,,,0.0,0.0,50.0,100.0,100.0,100.0,1.1320202350616455,6.3444647789001465,1.0371512174606323,7.486856460571289,0.06269009411334991,0.0,0.0,0.0,0.1294565498828888,0.23196837306022644,1.1137058734893799,0.14194342494010925,recon_dom_01_10
3377,,,,,,,,,,2.191758155822754,0.2883465886116028,44.46903991699219,2.924795150756836,0.17954009771347046,0.0,0.0,0.0,26.496837615966797,0.23381705582141876,34.07426452636719,0.13988575339317322,recon_dom_01_10
3378,,,,,,,,,,1.3015916347503662,6.387386322021484,0.6878129839897156,7.695856094360352,0.02940952405333519,0.0,0.0,0.0,0.07345584034919739,0.22731292247772217,0.8597161769866943,0.1472015380859375,recon_dom_01_10
3379,,,,,,,,,,1.9340507984161377,0.3977624773979187,21.926382064819336,2.551077127456665,0.12566658854484558,0.0,0.0,0.0,12.480550765991211,0.23607578873634338,17.56017303466797,0.13804009556770325,recon_dom_01_10
3380,,,,,,,,,,2.3815512657165527,1.7329621315002441,2.751126289367676,4.142024517059326,0.06358610838651657,0.0,0.0,0.0,0.8420166969299316,0.23280483484268188,3.107943296432495,0.13927054405212402,recon_dom_01_10
3381,,,,,,,,,,1.839775562286377,0.1882573515176773,50.0,2.5280330181121826,0.4528789222240448,0.0,0.0,0.0,88.118896484375,0.2381715476512909,99.84991455078125,0.1362515389919281,recon_dom_01_10
3382,,,,,,,,,,2.7421374320983887,0.6341897249221802,4.812972068786621,3.424456834793091,0.10329686105251312,0.0,0.0,0.0,1.821122169494629,0.2341756820678711,4.876592636108398,0.13651663064956665,recon_dom_01_10
3383,,,,,,,,,,2.4469099044799805,0.8137259483337402,5.5925445556640625,3.316561222076416,0.08059442043304443,0.0,0.0,0.0,2.3640570640563965,0.23308569192886353,5.577023029327393,0.13695578277111053,recon_dom_01_10
3384,,,,,,,,,,2.6802291870117188,0.7264747023582458,4.758159637451172,3.4542853832244873,0.0789095014333725,0.0,0.0,0.0,1.8927252292633057,0.2315751612186432,4.867816925048828,0.13820621371269226,recon_dom_01_10
3385,,,,,,,,,,2.193526268005371,0.14981859922409058,50.0,2.8433449268341064,0.678225040435791,0.0,0.0,0.0,140.42047119140625,0.23085662722587585,153.13169860839844,0.140529602766037,recon_dom_01_10
3386,,,,0.0,0.0,0.0,100.0,100.0,50.0,2.982832431793213,0.18962226808071136,50.0,3.672454595565796,0.3382561206817627,0.0,0.0,0.0,56.5479736328125,0.2407015562057495,70.76785278320312,0.13264572620391846,recon_dom_01_10
3387,,,,,,,,,,2.4476566314697266,0.4192659258842468,14.99728012084961,3.016895294189453,0.09099342674016953,0.0,0.0,0.0,8.233659744262695,0.22642672061920166,12.542834281921387,0.14593765139579773,recon_dom_01_10
3388,,,,,,,,,,2.887118101119995,0.15157359838485718,50.0,3.538691759109497,0.6557136178016663,0.0,0.0,0.0,133.2440948486328,0.24179145693778992,151.2531280517578,0.1318705677986145,recon_dom_01_10
3389,,,,,,,,,,1.1142412424087524,6.52047872543335,0.7747290730476379,7.642467021942139,0.04444906860589981,0.0,0.0,0.0,0.09021255373954773,0.2288663536310196,0.8494999408721924,0.1463460922241211,recon_dom_01_10
3390,,,,,,,,,,1.749145269393921,0.2076898068189621,50.0,2.4568350315093994,1.413792610168457,0.0,0.0,0.0,317.967041015625,0.2350943386554718,337.89837646484375,0.1367579698562622,recon_dom_01_10
3391,,,,,,,,,,2.910074234008789,0.1796802431344986,50.0,3.589754581451416,0.38078173995018005,0.0,0.0,0.0,59.62922668457031,0.24330776929855347,74.02720642089844,0.13037462532520294,recon_dom_01_10
3392,,,,,,,,,,2.0293238162994385,0.2314727008342743,50.0,2.760796546936035,0.2482525110244751,0.0,0.0,0.0,37.91716766357422,0.22943252325057983,46.872161865234375,0.14378458261489868,recon_dom_01_10
3393,,,,,,,,,,0.7186371088027954,11.215751647949219,0.5926388502120972,11.940315246582031,0.02464955672621727,5.596729806711664e-06,0.0,0.0,0.07910718023777008,0.22629815340042114,0.7052257061004639,0.15035614371299744,recon_dom_01_10
3394,,,,,,,,,,3.225956439971924,0.2546513080596924,37.440208435058594,3.8550097942352295,0.19222646951675415,0.0,0.0,0.0,21.178638458251953,0.24164673686027527,30.526092529296875,0.13228783011436462,recon_dom_01_10
3395,,,,,,,,,,2.2255449295043945,0.4322689175605774,20.263290405273438,2.8604466915130615,0.13336652517318726,0.0,0.0,0.0,11.332324028015137,0.2354978322982788,16.45380401611328,0.1368388831615448,recon_dom_01_10
3396,,,,0.0,0.0,0.0,100.0,100.0,100.0,2.028761863708496,2.531481981277466,1.6696486473083496,4.576940536499023,0.04572205990552902,0.0,0.0,0.0,0.4005521535873413,0.2286272644996643,2.006514549255371,0.14366024732589722,recon_dom_01_10
3397,,,,,,,,,,1.9907739162445068,0.22655734419822693,50.0,2.7173311710357666,0.3681231439113617,0.0,0.0,0.0,70.78810119628906,0.22684569656848907,81.10310363769531,0.14700612425804138,recon_dom_01_10
3398,,,,,,,,,,3.1186299324035645,0.30285075306892395,18.467411041259766,3.606154680252075,0.13029083609580994,0.0,0.0,0.0,9.717968940734863,0.2367015779018402,16.121747970581055,0.1344285011291504,recon_dom_01_10
3399,,,,,,,,,,3.1892848014831543,0.3098141849040985,20.533321380615234,3.704432249069214,0.13200116157531738,0.0,0.0,0.0,11.157095909118652,0.24049311876296997,17.357633590698242,0.13353970646858215,recon_dom_01_10
3400,,,,,,,,,,2.9173078536987305,0.174227774143219,50.0,3.5915355682373047,0.695367693901062,0.0,0.0,0.0,150.68118286132812,0.2390926480293274,167.16476440429688,0.13305100798606873,recon_dom_01_10
3401,,,,,,,,,,1.1754236221313477,6.071171283721924,0.9124667048454285,7.2557196617126465,0.03414612635970116,0.0,0.0,0.0,0.13369227945804596,0.229478657245636,1.1413722038269043,0.14409829676151276,recon_dom_01_10
3403,,,,,,,,,,2.3796443939208984,0.30847421288490295,50.0,3.1881186962127686,0.24714788794517517,0.0,0.0,0.0,34.59659194946289,0.23886904120445251,42.494022369384766,0.1336079239845276,recon_dom_01_10
3404,,,,,,,,,,2.390268564224243,0.5612549781799316,13.060444831848145,3.0821280479431152,0.12766960263252258,0.0,0.0,0.0,6.706542015075684,0.2386469691991806,11.35666561126709,0.13356652855873108,recon_dom_01_10
3405,,,,,,,,,,2.955625295639038,0.267460435628891,50.0,3.723085641860962,0.2566007673740387,0.0,0.0,0.0,36.71575927734375,0.2407868504524231,48.10166931152344,0.13278284668922424,recon_dom_01_10
3406,,,,0.0,0.0,0.0,100.0,100.0,100.0,2.0240700244903564,1.9630135297775269,3.099224090576172,4.018075942993164,0.07536938786506653,0.0,0.0,0.0,0.9826985597610474,0.22740626335144043,3.405196189880371,0.14339670538902283,recon_dom_01_10
3407,,,,,,,,,,2.0140061378479004,3.1910481452941895,50.0,5.70505428314209,1.9627379179000854,0.0,0.0,0.0,419.428955078125,0.22756333649158478,444.0018310546875,0.14066354930400848,recon_dom_01_10
3408,,,,,,,,,,2.7892520427703857,0.2975446283817291,50.0,3.586796760559082,0.4455075263977051,0.0,0.0,0.0,74.9993667602539,0.2430066466331482,91.94854736328125,0.13098950684070587,recon_dom_01_10
3409,,,,,,,,,,2.3098883628845215,1.0492371320724487,7.04304838180542,3.429555892944336,0.08822482824325562,0.0,0.0,0.0,3.2620716094970703,0.23280194401741028,6.6054182052612305,0.13863034546375275,recon_dom_01_10
3410,,,,,,,,,,1.9407328367233276,0.574436366558075,15.329431533813477,2.6684634685516357,0.1242605447769165,0.0,0.0,0.0,8.33704948425293,0.23209929466247559,12.66747760772705,0.14130620658397675,recon_dom_01_10
3411,,,,,,,,,,2.521707773208618,0.26410284638404846,50.0,3.285810708999634,1.0641858577728271,0.0,0.0,0.0,225.3325958251953,0.24319393932819366,251.45822143554688,0.13057544827461243,recon_dom_01_10
3412,,,,,,,,,,1.501880407333374,3.8587701320648193,2.777294635772705,5.388423442840576,0.07510310411453247,0.0,0.0,0.0,0.899785041809082,0.23514875769615173,2.9291861057281494,0.13885954022407532,recon_dom_01_10
3413,,,,,,,,,,2.8868656158447266,0.7624881863594055,7.747354984283447,3.726827383041382,0.08947902172803879,0.0,0.0,0.0,3.507709503173828,0.23490461707115173,7.510370254516602,0.13574597239494324,recon_dom_01_10
3414,,,,,,,,,,2.668713331222534,0.30874279141426086,50.0,3.4774560928344727,0.40066444873809814,0.0,0.0,0.0,64.25009155273438,0.2427159696817398,80.38728332519531,0.13055181503295898,recon_dom_01_10
3415,,,,,,,,,,2.0022354125976562,1.914096713066101,3.2239036560058594,3.94857120513916,0.060120224952697754,0.0,0.0,0.0,1.1694204807281494,0.23292315006256104,3.4335217475891113,0.13828909397125244,recon_dom_01_10
3416,,,,0.0,0.0,0.0,100.0,50.0,50.0,2.170586109161377,1.0493344068527222,6.457681655883789,3.2844972610473633,0.07135898619890213,0.0,0.0,0.0,3.0255191326141357,0.23056882619857788,6.076417922973633,0.14102056622505188,recon_dom_01_10
3417,,,,,,,,,,1.5209591388702393,4.087752819061279,1.6801837682724,5.625514030456543,0.03939865157008171,0.0,0.0,0.0,0.45086124539375305,0.23134300112724304,1.9899399280548096,0.14225006103515625,recon_dom_01_10
3418,,,,,,,,,,1.6693499088287354,0.6082576513290405,15.037772178649902,2.427985191345215,0.09326866269111633,0.0,0.0,0.0,8.286816596984863,0.2296164482831955,12.493767738342285,0.14765983819961548,recon_dom_01_10
3419,,,,,,,,,,1.0569342374801636,4.921324729919434,1.199750304222107,5.990256309509277,0.04611045494675636,0.0,0.0,0.0,0.22743326425552368,0.2343263328075409,1.4083549976348877,0.1415455937385559,recon_dom_01_10
3420,,,,,,,,,,1.5610121488571167,4.043955326080322,1.7609305381774902,5.622576713562012,0.05744416266679764,0.0,0.0,0.0,0.42337703704833984,0.23070058226585388,2.0261220932006836,0.14201468229293823,recon_dom_01_10
3421,,,,,,,,,,1.2071375846862793,4.940852165222168,1.3848360776901245,6.161838054656982,0.03827844560146332,0.027744807302951813,0.0,0.0,0.3436076045036316,0.21777492761611938,1.5706377029418945,0.14995083212852478,recon_dom_01_10
3422,,,,,,,,,,0.8110288381576538,9.293335914611816,0.7316720485687256,10.111681938171387,0.03212040662765503,0.0,0.0,0.0,0.08660414814949036,0.2336922287940979,0.8938477039337158,0.1417286992073059,recon_dom_01_10
3423,,,,,,,,,,1.9338845014572144,1.239490270614624,5.214036464691162,3.225515127182007,0.06299687176942825,0.0,0.0,0.0,2.389864444732666,0.2229882776737213,4.944150447845459,0.14813771843910217,recon_dom_01_10
3424,,,,,,,,,,2.656625270843506,0.6024134159088135,17.95411491394043,3.438579797744751,0.13350124657154083,0.0,0.0,0.0,9.62946605682373,0.23724901676177979,15.23959732055664,0.13619419932365417,recon_dom_01_10
3425,,,,,,,,,,2.468553066253662,1.163960337638855,5.051220417022705,3.683025598526001,0.07877583056688309,0.0,0.0,0.0,2.105220317840576,0.23791292309761047,5.02946662902832,0.1359633356332779,recon_dom_01_10
3426,,,,0.0,0.0,0.0,100.0,50.0,100.0,2.993741035461426,0.5213117599487305,13.886192321777344,3.6539146900177,0.12260664999485016,0.0,0.0,0.0,6.971122741699219,0.23659199476242065,12.529716491699219,0.13518396019935608,recon_dom_01_10
3427,,,,,,,,,,2.5465810298919678,0.3665008246898651,50.0,3.4130818843841553,0.4079725742340088,0.0,0.0,0.0,75.4803237915039,0.2407011240720749,89.19446563720703,0.13170436024665833,recon_dom_01_10
3428,,,,,,,,,,1.8721580505371094,0.27381712198257446,50.0,2.645975112915039,0.9432721734046936,0.0,0.0,0.0,194.74050903320312,0.2399100959300995,212.77239990234375,0.13389620184898376,recon_dom_01_10
3429,,,,,,,,,,2.8591036796569824,0.9750800132751465,4.462261199951172,3.8788063526153564,0.061346083879470825,0.0,0.0,0.0,1.8384493589401245,0.23586153984069824,4.559495449066162,0.13747571408748627,recon_dom_01_10
3430,,,,,,,,,,2.0053555965423584,2.172123670578003,1.9466383457183838,4.196945667266846,0.052503570914268494,0.0,0.0,0.0,0.49753522872924805,0.2320837676525116,2.2989420890808105,0.13905973732471466,recon_dom_01_10
3431,,,,,,,,,,2.3535947799682617,0.45234641432762146,35.43806838989258,3.1603219509124756,0.1832781434059143,0.0,0.0,0.0,20.79256820678711,0.23510199785232544,27.383642196655273,0.13773903250694275,recon_dom_01_10
3432,,,,,,,,,,3.0386807918548584,0.45713067054748535,16.02556800842285,3.656067132949829,0.1194348931312561,0.0,0.0,0.0,8.28560733795166,0.23734085261821747,14.211199760437012,0.13452398777008057,recon_dom_01_10
3433,,,,,,,,,,2.75203013420105,0.6418340802192688,5.56675910949707,3.4495317935943604,0.09229142218828201,0.0,0.0,0.0,2.3187415599823,0.23091121017932892,5.49928092956543,0.13829265534877777,recon_dom_01_10
3434,,,,,,,,,,1.8998937606811523,0.5746666789054871,23.857667922973633,2.713137149810791,0.11854592710733414,0.0,0.0,0.0,13.647089004516602,0.23153480887413025,19.160903930664062,0.14242175221443176,recon_dom_01_10
3435,,,,,,,,,,1.693922758102417,0.8524597883224487,9.197976112365723,2.638362407684326,0.07749858498573303,0.0,0.0,0.0,4.678872108459473,0.23539887368679047,8.18823528289795,0.13953441381454468,recon_dom_01_10
3436,,,,0.0,0.0,0.0,100.0,100.0,100.0,1.636491298675537,0.2833290696144104,50.0,2.4198203086853027,1.42548668384552,0.0,0.0,0.0,314.1746520996094,0.23171046376228333,334.6074523925781,0.14188995957374573,recon_dom_01_10
3437,,,,,,,,,,2.663050413131714,0.4629398286342621,26.599401473999023,3.391984224319458,0.15033334493637085,0.0,0.0,0.0,15.115135192871094,0.23660245537757874,21.391027450561523,0.134260892868042,recon_dom_01_10
3438,,,,,,,,,,2.215822696685791,0.7817087173461914,7.300539016723633,3.0705368518829346,0.081414133310318,0.00013551945448853076,0.0,0.0,3.5589709281921387,0.23005226254463196,6.593913555145264,0.1439964473247528,recon_dom_01_10
3439,,,,,,,,,,2.6753909587860107,1.0758140087127686,4.767577171325684,3.7988808155059814,0.08395146578550339,0.0,0.0,0.0,1.7857753038406372,0.23218168318271637,5.05001163482666,0.138201504945755,recon_dom_01_10
3440,,,,,,,,,,1.4821248054504395,5.241055011749268,1.1849983930587769,6.735029697418213,0.04726690798997879,0.00014596269465982914,0.0,0.0,0.21068218350410461,0.2291092574596405,1.401113510131836,0.14368079602718353,recon_dom_01_10
3441,,,,,,,,,,3.002584218978882,0.32378891110420227,46.65892791748047,3.7929623126983643,0.22732189297676086,0.0,0.0,0.0,26.87378692626953,0.24278748035430908,37.22235107421875,0.13078564405441284,recon_dom_01_10
3442,,,,,,,,,,2.5054397583007812,0.3948044776916504,34.59546661376953,3.246198892593384,0.159477099776268,0.0,0.0,0.0,20.50090789794922,0.23376718163490295,26.52008819580078,0.13750633597373962,recon_dom_01_10
3443,,,,,,,,,,2.0605382919311523,0.9240996837615967,6.242892265319824,3.0470669269561768,0.07049307227134705,0.0,0.0,0.0,2.9584875106811523,0.23628930747509003,5.788763999938965,0.13928204774856567,recon_dom_01_10
3444,,,,,,,,,,2.498352527618408,0.2472143918275833,50.0,3.2455668449401855,0.6492658257484436,0.0,0.0,0.0,126.7214126586914,0.24192774295806885,144.07359313964844,0.13134706020355225,recon_dom_01_10
3445,,,,,,,,,,2.6559433937072754,0.37593695521354675,33.44392013549805,3.3663196563720703,0.15018628537654877,0.0,0.0,0.0,19.760177612304688,0.23744726181030273,25.790943145751953,0.13593143224716187,recon_dom_01_10
3446,,,,0.0,50.0,0.0,100.0,100.0,100.0,1.9519280195236206,1.3175855875015259,5.448185920715332,3.323995351791382,0.10240668058395386,0.0,0.0,0.0,2.2632617950439453,0.23021438717842102,5.271965026855469,0.13886454701423645,recon_dom_01_10
3447,,,,,,,,,,2.9365413188934326,0.39914175868034363,21.273971557617188,3.5484228134155273,0.14167596399784088,0.0,0.0,0.0,11.424768447875977,0.23712334036827087,18.207477569580078,0.133739173412323,recon_dom_01_10
3448,,,,,,,,,,2.506143093109131,1.6453611850738525,5.079005241394043,4.20229434967041,0.05760355293750763,0.0,0.0,0.0,2.117274522781372,0.2357606142759323,5.272276878356934,0.1399838924407959,recon_dom_01_10
3449,,,,,,,,,,1.8546966314315796,1.9967257976531982,3.496025562286377,3.886382579803467,0.058793701231479645,0.0,0.0,0.0,1.3296542167663574,0.2347215712070465,3.670496940612793,0.13682088255882263,recon_dom_01_10
3450,,,,,,,,,,2.4614830017089844,1.178421139717102,4.066266059875488,3.6805667877197266,0.07585150003433228,0.0,0.0,0.0,1.4379918575286865,0.23209434747695923,4.424161434173584,0.13726657629013062,recon_dom_01_10
3451,,,,,,,,,,3.0368058681488037,0.4406416416168213,12.672548294067383,3.604172945022583,0.10452638566493988,0.0,0.0,0.0,6.363965034484863,0.2375684380531311,11.497477531433105,0.13455647230148315,recon_dom_01_10
3452,,,,,,,,,,1.438420057296753,3.9683120250701904,1.5148532390594482,5.421880722045898,0.06934003531932831,0.0,0.0,0.0,0.2941306233406067,0.23141524195671082,1.6731994152069092,0.1428109109401703,recon_dom_01_10
3453,,,,,,,,,,2.1426024436950684,1.9492214918136597,2.973987102508545,4.121563911437988,0.05960902199149132,0.0,0.0,0.0,0.9958463907241821,0.23242893815040588,3.2855820655822754,0.14061608910560608,recon_dom_01_10
3454,,,,,,,,,,1.7590019702911377,0.43448692560195923,29.64519500732422,2.489940881729126,0.16788098216056824,0.0,0.0,0.0,16.999893188476562,0.23852166533470154,23.537099838256836,0.13496054708957672,recon_dom_01_10
3455,,,,,,,,,,2.652494430541992,0.913712203502655,7.087751388549805,3.6370842456817627,0.10121627151966095,0.0,0.0,0.0,3.2191805839538574,0.23482570052146912,6.650690078735352,0.13661904633045197,recon_dom_01_10
3456,,,,0.0,0.0,0.0,100.0,100.0,100.0,2.153721809387207,0.6873442530632019,9.608431816101074,2.937150478363037,0.07043801993131638,0.0,0.0,0.0,4.945595741271973,0.2313266396522522,8.546555519104004,0.14235520362854004,recon_dom_01_10
3457,,,,,,,,,,2.2314646244049072,0.8550127744674683,6.386914253234863,3.150346517562866,0.08329877257347107,0.0,0.0,0.0,2.918076276779175,0.23707720637321472,6.029914855957031,0.13678261637687683,recon_dom_01_10
3458,,,,,,,,,,2.9414706230163574,0.2857256531715393,47.65339660644531,3.703730344772339,0.22931469976902008,0.0,0.0,0.0,27.741548538208008,0.2418578863143921,37.45591354370117,0.13126906752586365,recon_dom_01_10
3459,,,,,,,,,,2.334764003753662,1.0412005186080933,6.66517448425293,3.4426162242889404,0.0730227455496788,0.0,0.0,0.0,3.0892322063446045,0.23409247398376465,6.347333908081055,0.1375211775302887,recon_dom_01_10
3460,,,,,,,,,,2.850184440612793,0.47357967495918274,8.97268295288086,3.4134910106658936,0.0967409610748291,0.0,0.0,0.0,4.237867832183838,0.23689183592796326,8.427781105041504,0.13529978692531586,recon_dom_01_10
3461,,,,,,,,,,2.8749866485595703,0.3498367667198181,34.722412109375,3.572047472000122,0.1720467358827591,0.0,0.0,0.0,20.06755828857422,0.24023330211639404,27.514617919921875,0.13290177285671234,recon_dom_01_10
3462,,,,,,,,,,2.642399311065674,0.23640762269496918,50.0,3.3788068294525146,0.3442414700984955,0.0,0.0,0.0,60.41618347167969,0.2392483651638031,71.02584075927734,0.13305586576461792,recon_dom_01_10
3463,,,,,,,,,,2.9003381729125977,0.277381032705307,37.07905578613281,3.5485098361968994,0.20340685546398163,0.0,0.0,0.0,21.141637802124023,0.24244923889636993,29.76610565185547,0.13084310293197632,recon_dom_01_10
3464,,,,,,,,,,2.7854394912719727,0.5815206170082092,6.852313995361328,3.43548321723938,0.10972568392753601,0.0,0.0,0.0,2.933598518371582,0.23780325055122375,6.665890693664551,0.13361501693725586,recon_dom_01_10
3465,,,,,,,,,,2.4155397415161133,0.41500476002693176,24.408227920532227,3.0746266841888428,0.12549395859241486,0.0,0.0,0.0,14.061513900756836,0.23351219296455383,19.364065170288086,0.13860787451267242,recon_dom_01_10
3466,,,,0.0,0.0,0.0,100.0,50.0,100.0,2.1772425174713135,2.1490697860717773,2.8148813247680664,4.354461193084717,0.08068990707397461,0.0,0.0,0.0,0.8279328346252441,0.22985181212425232,3.093297004699707,0.13865342736244202,recon_dom_01_10
3467,,,,,,,,,,2.02665638923645,0.44617563486099243,24.071517944335938,2.7135472297668457,0.1463523954153061,0.0,0.0,0.0,13.631898880004883,0.23582470417022705,19.341392517089844,0.13578233122825623,recon_dom_01_10
3468,,,,,,,,,,1.6949360370635986,0.28287288546562195,50.0,2.477808952331543,0.3459010720252991,0.0,0.0,0.0,67.69920349121094,0.23309971392154694,78.53813934326172,0.1409318745136261,recon_dom_01_10
3469,,,,,,,,,,1.8010680675506592,1.7266714572906494,3.6582133769989014,3.564321756362915,0.07507648319005966,0.0,0.0,0.0,1.4408032894134521,0.22036227583885193,3.6097939014434814,0.1509440690279007,recon_dom_01_10
3470,,,,,,,,,,2.533198118209839,0.28272488713264465,50.0,3.315922975540161,0.24899733066558838,0.0,0.0,0.0,38.608360290527344,0.23614679276943207,46.962852478027344,0.13608932495117188,recon_dom_01_10
3471,,,,,,,,,,2.542646884918213,0.1942952573299408,50.0,3.2369420528411865,0.8460735082626343,0.0,0.0,0.0,176.47564697265625,0.24239835143089294,198.03091430664062,0.13123677670955658,recon_dom_01_10
3472,,,,,,,,,,1.7201690673828125,0.7244292497634888,10.668545722961426,2.551283836364746,0.08361349254846573,0.0,0.0,0.0,5.62064790725708,0.2337436079978943,9.184465408325195,0.14222805202007294,recon_dom_01_10
3473,,,,,,,,,,1.8076701164245605,0.2724132835865021,50.0,2.5800833702087402,1.333946943283081,0.0,0.0,0.0,282.6124267578125,0.2367222011089325,306.1987609863281,0.1368768811225891,recon_dom_01_10
3474,,,,,,,,,,1.6464614868164062,0.20031383633613586,50.0,2.3467752933502197,1.0701663494110107,0.0,0.0,0.0,228.55886840820312,0.23372840881347656,243.57809448242188,0.13958212733268738,recon_dom_01_10
3475,,,,,,,,,,1.6827025413513184,2.811737298965454,2.5767650604248047,4.520207405090332,0.05408106744289398,0.0,0.0,0.0,0.8355348706245422,0.23101627826690674,2.8674333095550537,0.14006564021110535,recon_dom_01_10
3476,,,,0.0,0.0,0.0,100.0,100.0,100.0,0.5133340954780579,12.017257690429688,0.5896374583244324,12.53648853302002,0.024694114923477173,0.0,0.0,0.0,0.07880140841007233,0.2284427434206009,0.6996142864227295,0.1471404731273651,recon_dom_01_10
3477,,,,,,,,,,2.4433817863464355,0.1898198425769806,50.0,3.1332015991210938,1.3636562824249268,0.0,0.0,0.0,277.7616882324219,0.24094027280807495,295.53118896484375,0.13218572735786438,recon_dom_01_10
3478,,,,,,,,,,2.77559757232666,0.4656302034854889,12.981620788574219,3.3710439205169678,0.12376093864440918,0.0,0.0,0.0,6.595183372497559,0.2353845089673996,11.461118698120117,0.13535892963409424,recon_dom_01_10
3479,,,,,,,,,,1.8620734214782715,0.5910720825195312,24.461406707763672,2.6977596282958984,0.15959587693214417,0.0,0.0,0.0,13.835562705993652,0.23814375698566437,19.58126449584961,0.13417020440101624,recon_dom_01_10
3480,,,,,,,,,,2.116868495941162,0.6151688694953918,15.2693510055542,2.884730815887451,0.12383133172988892,0.0,0.0,0.0,8.213890075683594,0.23409365117549896,12.798088073730469,0.13850778341293335,recon_dom_01_10
3481,,,,,,,,,,1.5549358129501343,0.30610403418540955,50.0,2.361039876937866,0.335121214389801,0.0,0.0,0.0,62.710025787353516,0.23944351077079773,72.2979507446289,0.13644304871559143,recon_dom_01_10
3482,,,,,,,,,,2.2449920177459717,0.9379058480262756,9.181900024414062,3.274716854095459,0.09886442124843597,0.0,0.0,0.0,4.430393218994141,0.23453263938426971,8.439828872680664,0.13816311955451965,recon_dom_01_10
3483,,,,,,,,,,1.4765758514404297,0.26919734477996826,50.0,2.2457733154296875,0.49224853515625,0.004830725956708193,0.0,0.0,104.36981201171875,0.2358154058456421,116.24502563476562,0.1398019641637802,recon_dom_01_10
3484,,,,,,,,,,1.5971873998641968,1.4253939390182495,6.1490631103515625,3.0840718746185303,0.05892464518547058,0.0,0.0,0.0,2.9640438556671143,0.23429745435714722,5.705423831939697,0.14253976941108704,recon_dom_01_10
3485,,,,,,,,,,2.017836093902588,1.5510895252227783,6.478564262390137,3.633711338043213,0.0861515924334526,0.0,0.0,0.0,2.9215164184570312,0.23770710825920105,6.178218841552734,0.13409541547298431,recon_dom_01_10
3486,,,,0.0,0.0,0.0,100.0,100.0,100.0,2.1568005084991455,0.6898989677429199,21.04931640625,3.05719256401062,0.16495612263679504,0.0,0.0,0.0,11.55943775177002,0.23659354448318481,17.256019592285156,0.13427403569221497,recon_dom_01_10
3487,,,,,,,,,,2.994555950164795,0.28298643231391907,37.87714767456055,3.656313896179199,0.2035784125328064,0.0,0.0,0.0,21.706729888916016,0.23841679096221924,30.230613708496094,0.13379868865013123,recon_dom_01_10
3488,,,,,,,,,,1.1640064716339111,5.451838970184326,1.9691929817199707,6.635537147521973,0.06195664405822754,0.0,0.0,0.0,0.4992566704750061,0.23035341501235962,2.2460525035858154,0.14091458916664124,recon_dom_01_10
3489,,,,,,,,,,1.1246371269226074,6.754203796386719,1.9152944087982178,7.897994041442871,0.04352135211229324,0.0,0.0,0.0,0.5247698426246643,0.2320152372121811,2.271167278289795,0.14132630825042725,recon_dom_01_10
3490,,,,,,,,,,1.8573411703109741,2.0238330364227295,5.246232986450195,3.933636426925659,0.08806455135345459,0.0,0.0,0.0,2.1498067378997803,0.2331918179988861,5.23810338973999,0.13732746243476868,recon_dom_01_10
3491,,,,,,,,,,2.671996831893921,0.22802676260471344,50.0,3.4000236988067627,0.483614981174469,0.0,0.0,0.0,85.23517608642578,0.24292640388011932,100.76741790771484,0.13018374145030975,recon_dom_01_10
3492,,,,,,,,,,2.7793500423431396,0.296452134847641,50.0,3.5758020877838135,0.29025599360466003,0.0,0.0,0.0,46.536685943603516,0.2419896423816681,57.79478073120117,0.13191795349121094,recon_dom_01_10
3493,,,,,,,,,,2.541417121887207,0.29434022307395935,50.0,3.335757255554199,0.3149515390396118,0.0,0.0,0.0,54.397403717041016,0.23715227842330933,64.8455810546875,0.13400283455848694,recon_dom_01_10
3494,,,,,,,,,,1.8767204284667969,0.8235205411911011,14.820952415466309,2.8484504222869873,0.10873325914144516,0.0,0.0,0.0,7.855209827423096,0.23831406235694885,12.769647598266602,0.13420730829238892,recon_dom_01_10
3495,,,,,,,,,,2.5992846488952637,0.36014747619628906,40.546142578125,3.3648934364318848,0.21002238988876343,0.0,0.0,0.0,23.55309295654297,0.23817169666290283,31.811664581298828,0.13290423154830933,recon_dom_01_10
3496,,,,0.0,0.0,0.0,100.0,100.0,100.0,2.722346782684326,0.4778759181499481,26.70746421813965,3.467297315597534,0.1648283153772354,0.0,0.0,0.0,14.950990676879883,0.23676954209804535,21.790241241455078,0.1353234499692917,recon_dom_01_10
3497,,,,,,,,,,0.6946956515312195,8.63677978515625,1.138941764831543,9.342864990234375,0.055080294609069824,0.0,0.0,0.0,0.17636460065841675,0.22845786809921265,1.2998545169830322,0.14402619004249573,recon_dom_01_10
3498,,,,,,,,,,2.6798458099365234,0.8962680101394653,10.36223030090332,3.6797361373901367,0.11077012121677399,0.0,0.0,0.0,4.79157829284668,0.23651371896266937,9.959403991699219,0.13448989391326904,recon_dom_01_10
3499,,,,,,,,,,1.5811775922775269,1.7081354856491089,6.175883769989014,3.351071834564209,0.07238712161779404,0.0,0.0,0.0,2.9188199043273926,0.22082051634788513,5.716004848480225,0.15043962001800537,recon_dom_01_10
3500,,,,,,,,,,2.6019227504730225,0.875325083732605,11.774442672729492,3.594992160797119,0.11333423852920532,0.0,0.0,0.0,5.73299503326416,0.23718509078025818,10.87523078918457,0.13442111015319824,recon_dom_01_10
3501,,,,,,,,,,1.3755476474761963,3.8938591480255127,3.563368797302246,5.30504035949707,0.0773913636803627,0.0,0.0,0.0,1.2657684087753296,0.2330096811056137,3.747039794921875,0.13822582364082336,recon_dom_01_10
3502,,,,,,,,,,2.173966884613037,0.6867856979370117,20.766437530517578,3.0684170722961426,0.12145116925239563,0.0,0.0,0.0,11.551929473876953,0.2368447333574295,17.140077590942383,0.13530683517456055,recon_dom_01_10
3503,,,,,,,,,,2.7145352363586426,0.7540931701660156,12.41598129272461,3.5927882194519043,0.10456635057926178,0.0,0.0,0.0,6.310084819793701,0.2387571781873703,11.091292381286621,0.13543489575386047,recon_dom_01_10
3504,,,,,,,,,,2.635789632797241,0.7736300826072693,9.660621643066406,3.506026029586792,0.09572532027959824,0.0,0.0,0.0,4.56695032119751,0.2361457645893097,9.15578842163086,0.13535329699516296,recon_dom_01_10
3505,,,,,,,,,,2.3295207023620605,1.6414103507995605,6.972452163696289,4.040655612945557,0.0877566710114479,0.0,0.0,0.0,3.048288583755493,0.2329825460910797,6.896346569061279,0.13908401131629944,recon_dom_01_10
3506,,,,0.0,0.0,0.0,100.0,100.0,100.0,1.5723273754119873,2.5379955768585205,4.6644487380981445,4.156967639923096,0.06054519861936569,0.0,0.0,0.0,2.009756326675415,0.23142123222351074,4.6295647621154785,0.1404150128364563,recon_dom_01_10
3507,,,,,,,,,,1.1093746423721313,6.015394687652588,2.1906473636627197,7.1466755867004395,0.05795256420969963,0.0,0.0,0.0,0.6535540819168091,0.22734907269477844,2.4209365844726562,0.14127370715141296,recon_dom_01_10
3508,,,,,,,,,,1.6556358337402344,1.292543888092041,6.054081916809082,3.008720636367798,0.06080891191959381,0.0,0.0,0.0,2.9338440895080566,0.23364387452602386,5.557040214538574,0.1430899053812027,recon_dom_01_10
3509,,,,,,,,,,2.8246781826019287,0.2563556134700775,50.0,3.581033706665039,0.2568106949329376,0.0,0.0,0.0,35.55989074707031,0.24143347144126892,45.16712951660156,0.13206909596920013,recon_dom_01_10
3510,,,,,,,,,,2.7709264755249023,0.21905605494976044,50.0,3.4899826049804688,0.5566247701644897,0.0,0.0,0.0,111.59949493408203,0.24054642021656036,126.74576568603516,0.1330069601535797,recon_dom_01_10
3511,,,,,,,,,,2.6489012241363525,0.724364161491394,11.893763542175293,3.4922029972076416,0.09227877855300903,0.0,0.0,0.0,5.996302604675293,0.24024568498134613,10.797250747680664,0.13417139649391174,recon_dom_01_10
3512,,,,,,,,,,2.632103204727173,0.16182824969291687,50.0,3.293931484222412,0.9572557210922241,0.0,0.0,0.0,187.39169311523438,0.24309489130973816,208.42361450195312,0.13015659153461456,recon_dom_01_10
3513,,,,,,,,,,1.53598952293396,2.7753894329071045,3.095116376876831,4.342329978942871,0.09961412101984024,0.0,0.0,0.0,0.9683936238288879,0.23523685336112976,3.182891607284546,0.1368241161108017,recon_dom_01_10
3514,,,,,,,,,,3.0012059211730957,0.27230310440063477,34.523765563964844,3.618746757507324,0.19206851720809937,0.0,0.0,0.0,19.589977264404297,0.2413608431816101,27.872285842895508,0.13166320323944092,recon_dom_01_10
3515,,,,,,,,,,2.9352729320526123,0.387748658657074,15.063043594360352,3.4736521244049072,0.12241281569004059,0.0,0.0,0.0,7.840505123138428,0.2385154366493225,13.146368026733398,0.13437899947166443,recon_dom_01_10
3516,,,,0.0,0.0,0.0,100.0,50.0,100.0,2.911210536956787,0.2493901550769806,50.0,3.6606006622314453,0.2825701832771301,0.0,0.0,0.0,36.792903900146484,0.24075308442115784,48.691162109375,0.13118234276771545,recon_dom_01_10
3517,,,,,,,,,,1.662392020225525,2.4184932708740234,3.0767910480499268,4.1116533279418945,0.06093628704547882,0.0,0.0,0.0,1.1370763778686523,0.23233187198638916,3.1953346729278564,0.14132556319236755,recon_dom_01_10
3518,,,,,,,,,,2.0614960193634033,0.1981615275144577,50.0,2.759657621383667,0.7457806468009949,0.0,0.0,0.0,157.3767852783203,0.2383211851119995,172.57415771484375,0.1337307095527649,recon_dom_01_10
3519,,,,,,,,,,2.9241111278533936,0.3179374039173126,34.24542236328125,3.584502696990967,0.1855236440896988,0.0,0.0,0.0,19.477266311645508,0.23901239037513733,27.606718063354492,0.13276457786560059,recon_dom_01_10
3520,,,,,,,,,,2.6744611263275146,0.2615146040916443,50.0,3.4359757900238037,0.26025038957595825,0.0,0.0,0.0,38.08201599121094,0.23936688899993896,47.709014892578125,0.1326926201581955,recon_dom_01_10
3521,,,,,,,,,,1.8398007154464722,0.4417131841182709,25.45302391052246,2.536044120788574,0.12581683695316315,0.0,0.0,0.0,14.625397682189941,0.22918497025966644,20.3218994140625,0.1467379778623581,recon_dom_01_10
3522,,,,,,,,,,2.5314831733703613,0.4977802336215973,17.366819381713867,3.2029316425323486,0.13591749966144562,0.0,0.0,0.0,9.189363479614258,0.2385215014219284,14.92130184173584,0.13363716006278992,recon_dom_01_10
3523,,,,,,,,,,1.4385570287704468,1.9024925231933594,4.3515777587890625,3.3845653533935547,0.0744132250547409,0.0,0.0,0.0,1.7636239528656006,0.23380661010742188,4.357477188110352,0.13768205046653748,recon_dom_01_10
3524,,,,,,,,,,2.578434705734253,0.5150838494300842,29.00349998474121,3.3835535049438477,0.14604930579662323,0.0,0.0,0.0,16.655412673950195,0.23635312914848328,23.160987854003906,0.13712409138679504,recon_dom_01_10
3525,,,,,,,,,,2.747462272644043,0.24414105713367462,50.0,3.491603374481201,0.3508819341659546,0.0,0.0,0.0,53.55470657348633,0.24199095368385315,66.12557983398438,0.1311352401971817,recon_dom_01_10
3526,,,,0.0,0.0,0.0,100.0,100.0,100.0,1.41104257106781,3.222564458847046,1.5195080041885376,4.648802280426025,0.04891946166753769,0.0,0.0,0.0,0.35823628306388855,0.23095080256462097,1.758793592453003,0.1418253779411316,recon_dom_01_10
3527,,,,,,,,,,0.714988112449646,9.239764213562012,0.7485966682434082,9.962238311767578,0.024964118376374245,0.0,0.0,0.0,0.12819427251815796,0.233660489320755,0.915662944316864,0.14384335279464722,recon_dom_01_10
3528,,,,,,,,,,2.957881450653076,0.46443650126457214,24.098133087158203,3.663299322128296,0.1454278826713562,0.0,0.0,0.0,13.301773071289062,0.2391185164451599,20.06369972229004,0.13458788394927979,recon_dom_01_10
3529,,,,,,,,,,2.4718177318573,0.2120923399925232,50.0,3.1839101314544678,1.2082996368408203,0.0,0.0,0.0,252.61895751953125,0.24348869919776917,277.453125,0.13028906285762787,recon_dom_01_10
3530,,,,,,,,,,1.2109439373016357,6.947988986968994,2.2254416942596436,8.181187629699707,0.05510693043470383,0.0,0.0,0.0,0.6174259781837463,0.23077455163002014,2.5909228324890137,0.1394214928150177,recon_dom_01_10
3531,,,,,,,,,,1.7084530591964722,0.9202810525894165,13.202431678771973,2.760758399963379,0.10645194351673126,9.901293196890038e-06,0.0,0.0,6.946499824523926,0.23458050191402435,11.372747421264648,0.138302743434906,recon_dom_01_10
3532,,,,,,,,,,2.266312599182129,1.0075682401657104,9.521507263183594,3.369095802307129,0.10678214579820633,0.0,0.0,0.0,4.540538787841797,0.23616312444210052,8.820037841796875,0.134220153093338,recon_dom_01_10
3533,,,,,,,,,,1.7281017303466797,1.7848355770111084,6.273159980773926,3.5756688117980957,0.06181604787707329,0.0,0.0,0.0,3.0488109588623047,0.23309862613677979,5.755620002746582,0.14148660004138947,recon_dom_01_10
3534,,,,,,,,,,1.4956191778182983,0.30212512612342834,50.0,2.2977442741394043,0.31956934928894043,0.0,0.0,0.0,62.26161193847656,0.23506943881511688,71.85102844238281,0.1414211392402649,recon_dom_01_10
3535,,,,,,,,,,2.6982150077819824,0.27143028378486633,50.0,3.4696452617645264,0.4816758930683136,0.0,0.0,0.0,82.96902465820312,0.24301661550998688,100.21714782714844,0.1307181715965271,recon_dom_01_10
3536,,,,0.0,0.0,0.0,100.0,100.0,100.0,1.4062308073043823,0.23664730787277222,50.0,2.1428780555725098,1.1103646755218506,0.0,0.0,0.0,240.70037841796875,0.23015817999839783,258.75396728515625,0.1413232982158661,recon_dom_01_10
3537,,,,,,,,,,2.9323058128356934,0.6040406823158264,14.951055526733398,3.685857057571411,0.11760565638542175,0.0,0.0,0.0,7.551793098449707,0.2400444597005844,13.547954559326172,0.132533460855484,recon_dom_01_10
3538,,,,,,,,,,1.2880985736846924,4.501651287078857,1.696103572845459,5.806710720062256,0.049359627068042755,0.0,0.0,0.0,0.4138050079345703,0.23469096422195435,1.9960699081420898,0.1399647295475006,recon_dom_01_10
3539,,,,,,,,,,1.1134487390518188,4.305563449859619,1.9251738786697388,5.438263893127441,0.04993778467178345,0.0,0.0,0.0,0.5543017983436584,0.23266685009002686,2.1674251556396484,0.1420387625694275,recon_dom_01_10
3540,,,,,,,,,,2.0770301818847656,1.7242250442504883,4.409048080444336,3.8453457355499268,0.07718552649021149,0.0,0.0,0.0,1.7356505393981934,0.23646065592765808,4.500753879547119,0.1344660520553589,recon_dom_01_10
3541,,,,,,,,,,2.7389419078826904,0.5204165577888489,22.33724021911621,3.4827308654785156,0.15661829710006714,0.0,0.0,0.0,11.995307922363281,0.24120934307575226,19.0430965423584,0.13171906769275665,recon_dom_01_10
3542,,,,,,,,,,1.4762057065963745,0.24786143004894257,50.0,2.224067211151123,0.852170467376709,0.0,0.0,0.0,182.3374786376953,0.23563820123672485,197.54647827148438,0.13809941709041595,recon_dom_01_10
3543,,,,,,,,,,2.7784953117370605,0.347593754529953,41.80392837524414,3.54412841796875,0.20722177624702454,0.0,0.0,0.0,24.225383758544922,0.24131688475608826,33.01019287109375,0.13208526372909546,recon_dom_01_10
3544,,,,,,,,,,2.9924914836883545,0.4157598912715912,23.945201873779297,3.6477034091949463,0.15315034985542297,0.0,0.0,0.0,13.23147201538086,0.23956450819969177,19.82142448425293,0.13309170305728912,recon_dom_01_10
3545,,,,,,,,,,1.2378861904144287,4.7454400062561035,1.9865317344665527,6.0031914710998535,0.05533711612224579,0.0,0.0,0.0,0.5766730904579163,0.2303112894296646,2.1917543411254883,0.1426483392715454,recon_dom_01_10
3546,,,,0.0,0.0,0.0,100.0,100.0,100.0,0.9788988828659058,6.769256591796875,1.4840863943099976,7.762996196746826,0.06694922596216202,0.0,0.0,0.0,0.27129805088043213,0.23385047912597656,1.6816086769104004,0.13852742314338684,recon_dom_01_10
3547,,,,,,,,,,1.694340705871582,0.854040265083313,11.814498901367188,2.6665258407592773,0.09030454605817795,0.0,0.0,0.0,6.323818683624268,0.23645833134651184,10.003178596496582,0.1392097771167755,recon_dom_01_10
3548,,,,,,,,,,2.7670130729675293,0.5030282139778137,22.09149742126465,3.4909563064575195,0.12383291125297546,0.0,0.0,0.0,12.097623825073242,0.2389547973871231,18.674684524536133,0.13472029566764832,recon_dom_01_10
3549,,,,,,,,,,2.230944871902466,0.26598861813545227,50.0,2.9969334602355957,0.7627637386322021,0.0,0.0,0.0,158.4726104736328,0.2382030338048935,173.81716918945312,0.1338399201631546,recon_dom_01_10
3550,,,,,,,,,,2.7062463760375977,1.098593831062317,8.364676475524902,3.888486862182617,0.10461342334747314,0.0,0.0,0.0,3.730196475982666,0.23626714944839478,8.148427963256836,0.13572679460048676,recon_dom_01_10
3551,,,,,,,,,,2.7283730506896973,0.4974861741065979,33.25830078125,3.5584421157836914,0.1727900505065918,0.0,0.0,0.0,19.200624465942383,0.23966985940933228,26.312816619873047,0.13347268104553223,recon_dom_01_10
3552,,,,,,,,,,1.618610143661499,0.4380105435848236,42.156036376953125,2.4781811237335205,0.1660132259130478,0.00742931617423892,0.0,0.0,25.390491485595703,0.22166267037391663,31.78057289123535,0.15598201751708984,recon_dom_01_10
3553,,,,,,,,,,2.0644326210021973,0.42869070172309875,50.0,2.9931232929229736,1.7184971570968628,0.0,0.0,0.0,353.08135986328125,0.23561620712280273,378.42022705078125,0.13534045219421387,recon_dom_01_10
3554,,,,,,,,,,2.706772804260254,0.8490189909934998,7.446111679077148,3.6302528381347656,0.09733601659536362,0.0,0.0,0.0,3.335599660873413,0.23467713594436646,7.173329830169678,0.13698899745941162,recon_dom_01_10
3555,,,,,,,,,,2.575381278991699,1.188189148902893,6.062037467956543,3.824190855026245,0.10342562943696976,0.0,0.0,0.0,2.4947259426116943,0.23094546794891357,6.026363372802734,0.13907285034656525,recon_dom_01_10
3556,,,,0.0,0.0,0.0,100.0,50.0,100.0,2.516345500946045,0.8798605799674988,7.422266960144043,3.470428705215454,0.08567094802856445,0.0,0.0,0.0,3.412382125854492,0.23564857244491577,7.088495254516602,0.1371740698814392,recon_dom_01_10
3557,,,,,,,,,,2.566946029663086,0.24242399632930756,50.0,3.3093700408935547,0.6722859144210815,0.0,0.0,0.0,137.8994140625,0.23872797191143036,153.75253295898438,0.13235998153686523,recon_dom_01_10
3558,,,,,,,,,,2.997002601623535,0.40924182534217834,25.075780868530273,3.6570022106170654,0.15582960844039917,0.0,0.0,0.0,13.794933319091797,0.23871561884880066,20.928922653198242,0.1336807757616043,recon_dom_01_10
3559,,,,,,,,,,1.2093732357025146,5.942648887634277,1.8182066679000854,7.170204162597656,0.0637625902891159,0.0,0.0,0.0,0.4215050935745239,0.22920118272304535,2.081235408782959,0.14350751042366028,recon_dom_01_10
3560,,,,,,,,,,1.6496412754058838,0.24594789743423462,50.0,2.3955891132354736,0.7464627027511597,0.0,0.0,0.0,147.18646240234375,0.23549053072929382,162.05381774902344,0.13612565398216248,recon_dom_01_10
3561,,,,,,,,,,1.9802368879318237,0.5763660669326782,20.330678939819336,2.7599096298217773,0.12110166251659393,0.0,0.0,0.0,11.40499496459961,0.23723945021629333,16.565744400024414,0.13580456376075745,recon_dom_01_10
3562,,,,,,,,,,1.8893040418624878,1.380079984664917,6.125473976135254,3.330638885498047,0.0668812096118927,0.0,0.0,0.0,2.8943233489990234,0.23214219510555267,5.718902587890625,0.1407955139875412,recon_dom_01_10
3563,,,,,,,,,,2.7054431438446045,0.6336893439292908,10.906769752502441,3.448200225830078,0.10978776216506958,0.0,0.0,0.0,5.322537422180176,0.24029980599880219,9.995942115783691,0.13292434811592102,recon_dom_01_10
3564,,,,,,,,,,2.922755002975464,0.6655678153038025,13.343716621398926,3.7217600345611572,0.12560248374938965,0.0,0.0,0.0,6.455031871795654,0.23671290278434753,12.446919441223145,0.13541710376739502,recon_dom_01_10
3565,,,,,,,,,,2.7145938873291016,0.2563461363315582,50.0,3.470940113067627,0.5847554206848145,0.0,0.0,0.0,109.12113189697266,0.2419225573539734,126.84185028076172,0.1312313675880432,recon_dom_01_10
3566,,,,0.0,0.0,0.0,100.0,0.0,100.0,2.3622424602508545,1.516306757926941,6.589568138122559,3.9444448947906494,0.07166562974452972,0.0,0.0,0.0,2.968749761581421,0.23292481899261475,6.449612617492676,0.1439061164855957,recon_dom_01_10
3567,,,,,,,,,,1.174593448638916,6.998744964599609,1.1746422052383423,8.18508529663086,0.04910394549369812,0.0,0.0,0.0,0.20700982213020325,0.2278362512588501,1.3697985410690308,0.1442975103855133,recon_dom_01_10
3568,,,,,,,,,,1.7504843473434448,0.5714049339294434,20.21065902709961,2.523995876312256,0.10910921543836594,0.0,0.0,0.0,11.429604530334473,0.24033844470977783,16.395769119262695,0.13589681684970856,recon_dom_01_10
3569,,,,,,,,,,1.6321992874145508,1.3032546043395996,6.18118143081665,2.9972658157348633,0.06896323710680008,0.010111719369888306,0.0,0.0,2.981543779373169,0.23479555547237396,5.614355087280273,0.14052456617355347,recon_dom_01_10
3570,,,,,,,,,,1.8331570625305176,0.4473716914653778,32.61740493774414,2.6067028045654297,0.15287962555885315,0.0,0.0,0.0,19.431827545166016,0.23449373245239258,24.7673282623291,0.14065518975257874,recon_dom_01_10
3571,,,,,,,,,,2.1844680309295654,0.6669219136238098,13.632909774780273,2.9877190589904785,0.09298910945653915,0.0,0.0,0.0,7.371579170227051,0.23667936027050018,11.518095970153809,0.1366971731185913,recon_dom_01_10
3572,,,,,,,,,,1.4262754917144775,5.064828395843506,1.9062572717666626,6.510166645050049,0.05134457349777222,0.0,0.0,0.0,0.4634532928466797,0.23222565650939941,2.298006772994995,0.13855212926864624,recon_dom_01_10
3573,,,,,,,,,,2.701364517211914,0.23743793368339539,50.0,3.438802480697632,0.6209017038345337,0.0,0.0,0.0,126.73272705078125,0.24324434995651245,145.61538696289062,0.1308709681034088,recon_dom_01_10
3574,,,,,,,,,,1.9369750022888184,2.0189123153686523,3.220092296600342,3.9880881309509277,0.09049570560455322,0.0,0.0,0.0,0.9663400053977966,0.23463881015777588,3.528337001800537,0.13641226291656494,recon_dom_01_10
3575,,,,,,,,,,1.0983810424804688,6.445888519287109,1.5760431289672852,7.560029983520508,0.06456659734249115,6.91224486217834e-05,0.0,0.0,0.3441954553127289,0.23446199297904968,1.7433617115020752,0.13818484544754028,recon_dom_01_10
3576,,,,0.5,50.0,50.0,100.0,100.0,100.0,0.9098571538925171,7.299999237060547,0.8396510481834412,8.218253135681152,0.041382644325494766,0.009781114757061005,0.0,0.0,0.1255822777748108,0.22961783409118652,0.9196004867553711,0.14612437784671783,recon_dom_01_10
3577,,,,,,,,,,1.8932675123214722,1.785305142402649,3.0072546005249023,3.7086451053619385,0.0651162713766098,0.0,0.0,0.0,1.094389796257019,0.22889548540115356,3.100548028945923,0.14120012521743774,recon_dom_01_10
3578,,,,,,,,,,2.6907358169555664,0.21205157041549683,50.0,3.402787446975708,0.9638199806213379,0.0,0.0,0.0,206.94839477539062,0.2418975532054901,229.19911193847656,0.1321468949317932,recon_dom_01_10
3579,,,,,,,,,,2.8307976722717285,0.2648451626300812,50.0,3.5956428050994873,0.38966965675354004,0.0,0.0,0.0,65.37498474121094,0.2376089245080948,78.97006225585938,0.1327209770679474,recon_dom_01_10
3580,,,,,,,,,,1.982846975326538,1.561908483505249,3.9897818565368652,3.584653377532959,0.09699530899524689,0.0,0.0,0.0,1.5220978260040283,0.2353425920009613,3.8909473419189453,0.13699500262737274,recon_dom_01_10
3581,,,,,,,,,,2.228997230529785,1.2993898391723633,3.7087831497192383,3.5654749870300293,0.08875184506177902,0.0,0.0,0.0,1.2562670707702637,0.2358301281929016,3.9432432651519775,0.13552144169807434,recon_dom_01_10
3582,,,,,,,,,,3.021015167236328,0.3806961178779602,23.04054832458496,3.6321167945861816,0.15657629072666168,0.0,0.0,0.0,12.312243461608887,0.2379603236913681,19.816545486450195,0.1335592269897461,recon_dom_01_10
3583,,,,,,,,,,2.6420373916625977,0.34601619839668274,50.0,3.488053560256958,0.2574732303619385,0.0,0.0,0.0,38.41012954711914,0.2349514663219452,48.058135986328125,0.13564413785934448,recon_dom_01_10
3584,,,,,,,,,,2.115128517150879,1.806391954421997,3.516963005065918,3.9566900730133057,0.06786951422691345,0.0,0.0,0.0,1.2702422142028809,0.23482277989387512,3.740034580230713,0.1387370377779007,recon_dom_01_10
3585,,,,,,,,,,2.098287343978882,0.5254855751991272,26.3895320892334,2.8876681327819824,0.13963019847869873,0.0,0.0,0.0,15.26753044128418,0.23483455181121826,20.773143768310547,0.13794732093811035,recon_dom_01_10
3586,,,,0.0,0.0,0.0,100.0,100.0,100.0,2.906813144683838,0.6048625111579895,8.466917037963867,3.5963447093963623,0.10326728224754333,0.0,0.0,0.0,4.012306213378906,0.23742642998695374,7.802059173583984,0.13501796126365662,recon_dom_01_10
3587,,,,,,,,,,2.480025291442871,0.5694779753684998,9.565670013427734,3.145159959793091,0.11278589814901352,0.0,0.0,0.0,4.587588310241699,0.2365437150001526,8.754064559936523,0.13465261459350586,recon_dom_01_10
3588,,,,,,,,,,0.5171389579772949,11.378390312194824,0.5213969945907593,11.90074348449707,0.02008919231593609,0.0,0.0,0.0,0.11272159963846207,0.21273478865623474,0.5410606265068054,0.1642560064792633,recon_dom_01_10
3589,,,,,,,,,,2.486820697784424,0.5929986238479614,12.323224067687988,3.2030515670776367,0.10027088224887848,0.0,0.0,0.0,6.370779037475586,0.23574727773666382,10.82787799835205,0.13577517867088318,recon_dom_01_10
3590,,,,,,,,,,2.512302875518799,1.9264780282974243,2.6362500190734863,4.465143203735352,0.06269167363643646,0.0,0.0,0.0,0.7842377424240112,0.23416952788829803,3.002720355987549,0.13776841759681702,recon_dom_01_10
3591,,,,,,,,,,1.622459888458252,0.8504126071929932,9.270743370056152,2.565579891204834,0.08498181402683258,0.0,0.0,0.0,4.673287391662598,0.23366418480873108,8.270208358764648,0.1407582014799118,recon_dom_01_10
3592,,,,,,,,,,0.7212254405021667,9.69596004486084,0.6186710000038147,10.423372268676758,0.0241810604929924,0.007411818020045757,0.0,0.0,0.08154183626174927,0.2344224900007248,0.742215633392334,0.14261974394321442,recon_dom_01_10
3593,,,,,,,,,,2.72811222076416,0.2747984230518341,50.0,3.502910614013672,0.40635865926742554,0.0,0.0,0.0,72.93680572509766,0.24213165044784546,87.08139038085938,0.13260269165039062,recon_dom_01_10
3594,,,,,,,,,,2.6730589866638184,0.30192407965660095,50.0,3.474982976913452,0.3420035243034363,0.0,0.0,0.0,55.73476791381836,0.24058662354946136,66.46466827392578,0.13228949904441833,recon_dom_01_10
3595,,,,,,,,,,2.8179397583007812,0.2946736216545105,50.0,3.6126134395599365,0.31407204270362854,0.0,0.0,0.0,47.90769958496094,0.23804748058319092,58.57798385620117,0.1343694031238556,recon_dom_01_10
3596,,,,0.0,0.0,0.0,100.0,0.0,100.0,1.5898911952972412,0.23059096932411194,50.0,2.3204822540283203,0.8382357954978943,0.0,0.0,0.0,175.0924835205078,0.23688554763793945,190.83287048339844,0.13680283725261688,recon_dom_01_10
3597,,,,,,,,,,2.127163887023926,0.6104706525802612,16.495220184326172,2.9025866985321045,0.11537019908428192,0.0,0.0,0.0,8.902676582336426,0.23831775784492493,13.956563949584961,0.13576684892177582,recon_dom_01_10
3598,,,,,,,,,,1.042440414428711,6.14652681350708,0.9620222449302673,7.198587417602539,0.048980843275785446,0.0,0.0,0.0,0.12582024931907654,0.23261116445064545,1.1077897548675537,0.14141742885112762,recon_dom_01_10
3599,,,,,,,,,,1.9498389959335327,1.8742220401763916,3.804224967956543,3.862103223800659,0.06848523020744324,0.0,0.0,0.0,1.5180062055587769,0.23162633180618286,3.812877655029297,0.14191389083862305,recon_dom_01_10
3600,,,,,,,,,,1.9085168838500977,1.2523963451385498,4.701724529266357,3.207930564880371,0.08844976872205734,0.0,0.0,0.0,1.9249615669250488,0.23640623688697815,4.594560623168945,0.13593384623527527,recon_dom_01_10
3601,,,,,,,,,,1.9611685276031494,1.4424375295639038,4.458934307098389,3.448195457458496,0.07431919127702713,0.00034783862065523863,0.0,0.0,1.86686110496521,0.2266756296157837,4.366454124450684,0.14234553277492523,recon_dom_01_10
3602,,,,,,,,,,1.8260363340377808,0.30919012427330017,50.0,2.6352264881134033,0.4372677803039551,0.0,0.0,0.0,81.74020385742188,0.23566986620426178,94.1373519897461,0.1366851031780243,recon_dom_01_10
3603,,,,,,,,,,1.9219162464141846,1.6206645965576172,3.0298774242401123,3.5728795528411865,0.054683562368154526,0.0,0.0,0.0,1.1165140867233276,0.23271457850933075,3.205357551574707,0.13995526731014252,recon_dom_01_10
3604,,,,,,,,,,2.631500720977783,0.38354724645614624,39.107398986816406,3.4061219692230225,0.18532885611057281,0.0,0.0,0.0,22.897802352905273,0.2403399646282196,30.491369247436523,0.13235914707183838,recon_dom_01_10
3605,,,,,,,,,,1.3098622560501099,5.354998588562012,1.1610212326049805,6.67647123336792,0.03891460597515106,0.0,0.0,0.0,0.2266336977481842,0.23159947991371155,1.4049582481384277,0.1417534053325653,recon_dom_01_10
3606,,,,0.0,0.0,0.0,100.0,50.0,50.0,2.258714437484741,0.3372546136379242,50.0,3.0959689617156982,0.3055046498775482,0.0,0.0,0.0,51.4996337890625,0.23666134476661682,61.61640930175781,0.13502562046051025,recon_dom_01_10
3607,,,,,,,,,,2.7031962871551514,0.225168377161026,50.0,3.4283647537231445,1.039628505706787,0.0,0.0,0.0,220.71627807617188,0.24017319083213806,238.0607147216797,0.1332481950521469,recon_dom_01_10
3608,,,,,,,,,,1.836698055267334,1.0698455572128296,6.151263236999512,2.9680562019348145,0.06335597485303879,0.0,0.0,0.0,2.925302743911743,0.23123957216739655,5.743717670440674,0.14198125898838043,recon_dom_01_10
3609,,,,,,,,,,1.8530415296554565,0.901683509349823,6.655624866485596,2.8212811946868896,0.07770556211471558,0.0,0.0,0.0,3.076009511947632,0.22825931012630463,6.307142734527588,0.14689940214157104,recon_dom_01_10
3610,,,,,,,,,,2.9243545532226562,0.6991296410560608,8.760347366333008,3.711087703704834,0.08346922695636749,0.0,0.0,0.0,4.125441551208496,0.2358606904745102,8.36087703704834,0.13535110652446747,recon_dom_01_10
3611,,,,,,,,,,2.231618881225586,1.1609063148498535,4.683333396911621,3.4393584728240967,0.06881695985794067,0.0,0.0,0.0,1.9841406345367432,0.23123112320899963,4.635344505310059,0.14312656223773956,recon_dom_01_10
3612,,,,,,,,,,2.7038888931274414,0.2571181058883667,50.0,3.4610071182250977,0.4050084352493286,0.0,0.0,0.0,75.31787109375,0.2414046823978424,87.79181671142578,0.1332482397556305,recon_dom_01_10
3613,,,,,,,,,,3.0548293590545654,0.6417199373245239,10.405519485473633,3.8006045818328857,0.10118325054645538,0.0,0.0,0.0,4.877071380615234,0.2373218834400177,9.97053337097168,0.13533714413642883,recon_dom_01_10
3614,,,,,,,,,,2.372485637664795,0.8953486084938049,4.3938517570495605,3.3117728233337402,0.0666312724351883,0.0,0.0,0.0,1.7671921253204346,0.22908823192119598,4.513219356536865,0.13984902203083038,recon_dom_01_10
3615,,,,,,,,,,2.8899221420288086,0.28405243158340454,50.0,3.6739745140075684,0.2383141964673996,0.0,0.0,0.0,30.55152702331543,0.24216005206108093,40.17580795288086,0.1311771124601364,recon_dom_01_10
3616,,,,0.0,0.0,0.0,100.0,100.0,100.0,1.8445990085601807,1.0401073694229126,6.052616596221924,2.945232629776001,0.06300206482410431,0.0,0.0,0.0,2.9125254154205322,0.229179248213768,5.574733257293701,0.1479637175798416,recon_dom_01_10
3617,,,,,,,,,,2.84721040725708,0.6953129768371582,6.591543197631836,3.608438730239868,0.07054456323385239,0.0,0.0,0.0,3.0662927627563477,0.23186832666397095,6.270722389221191,0.1397959291934967,recon_dom_01_10
3618,,,,,,,,,,1.9311426877975464,0.38744857907295227,44.73154067993164,2.765906572341919,0.18314582109451294,0.0,0.0,0.0,26.74773406982422,0.23858442902565002,34.06120681762695,0.136135995388031,recon_dom_01_10
3619,,,,,,,,,,1.9176472425460815,1.3497121334075928,4.443232536315918,3.3117916584014893,0.0762554332613945,0.0,0.0,0.0,1.7909328937530518,0.22990091145038605,4.467522621154785,0.1427057981491089,recon_dom_01_10
3620,,,,,,,,,,2.2598214149475098,0.43728163838386536,23.430789947509766,2.931411027908325,0.1493876576423645,0.0,0.0,0.0,12.98122787475586,0.2366783618927002,19.330732345581055,0.13587531447410583,recon_dom_01_10
3621,,,,,,,,,,1.9269102811813354,2.8182005882263184,1.3959908485412598,4.759070873260498,0.05200192332267761,0.0,0.0,0.0,0.2639107406139374,0.22584816813468933,1.6699609756469727,0.14505118131637573,recon_dom_01_10
3622,,,,,,,,,,2.4805185794830322,0.7248851656913757,9.965513229370117,3.3050589561462402,0.0884307250380516,0.0,0.0,0.0,5.025256633758545,0.23158130049705505,8.921992301940918,0.1394941210746765,recon_dom_01_10
3623,,,,,,,,,,1.768170714378357,2.7457540035247803,1.4894108772277832,4.528818607330322,0.07333911210298538,0.0,0.0,0.0,0.2667319178581238,0.22705528140068054,1.6379848718643188,0.1428546905517578,recon_dom_01_10
3624,,,,,,,,,,2.6574995517730713,0.35939550399780273,22.649015426635742,3.2433853149414062,0.13187885284423828,0.0,0.0,0.0,12.904033660888672,0.24015477299690247,18.096250534057617,0.13445991277694702,recon_dom_01_10
3625,,,,,,,,,,2.8841893672943115,0.3341596722602844,21.094390869140625,3.429292917251587,0.130499467253685,0.0,0.0,0.0,11.639982223510742,0.2367725968360901,17.5295352935791,0.1346694678068161,recon_dom_01_10
3626,,,,0.0,0.0,0.0,100.0,50.0,100.0,2.7300829887390137,0.1896062046289444,50.0,3.419689178466797,0.6311154365539551,0.0,0.0,0.0,127.34439849853516,0.24183914065361023,145.56365966796875,0.1315416693687439,recon_dom_01_10
3627,,,,,,,,,,1.7527875900268555,1.2296772003173828,3.471813440322876,3.0171828269958496,0.04201741889119148,0.0,0.0,0.0,1.5299072265625,0.23342810571193695,3.3883137702941895,0.14319410920143127,recon_dom_01_10
3628,,,,,,,,,,2.97650408744812,0.4553060531616211,8.362495422363281,3.515434980392456,0.09686984866857529,0.0,0.0,0.0,3.846712589263916,0.23953166604042053,7.988306045532227,0.13327516615390778,recon_dom_01_10
3629,,,,,,,,,,3.038796901702881,0.2913171052932739,23.941652297973633,3.569530487060547,0.1469302922487259,0.0,0.0,0.0,13.25752067565918,0.2395123988389969,19.824325561523438,0.13365237414836884,recon_dom_01_10
3630,,,,,,,,,,1.2801765203475952,4.536877155303955,1.416304111480713,5.831216812133789,0.04557771235704422,0.0,0.0,0.0,0.3388296365737915,0.2168162316083908,1.6240745782852173,0.15867136418819427,recon_dom_01_10
3631,,,,,,,,,,2.2934107780456543,0.956342339515686,5.343616008758545,3.303189277648926,0.06874696910381317,0.0,0.0,0.0,2.335207939147949,0.23586785793304443,5.254711151123047,0.1373104453086853,recon_dom_01_10
3632,,,,,,,,,,2.3838624954223633,2.1017558574676514,2.4620728492736816,4.510239124298096,0.06717615574598312,0.0,0.0,0.0,0.7558091878890991,0.23115983605384827,2.6660099029541016,0.14261981844902039,recon_dom_01_10
3633,,,,,,,,,,2.990342140197754,0.3271234929561615,22.641647338867188,3.543882131576538,0.1577880084514618,0.0,0.0,0.0,12.286293029785156,0.23819001019001007,19.058433532714844,0.13379856944084167,recon_dom_01_10
3634,,,,,,,,,,1.7285892963409424,2.264821767807007,1.796526312828064,4.01137638092041,0.04581443592905998,0.0,0.0,0.0,0.5416213274002075,0.22547581791877747,1.9766265153884888,0.1497182995080948,recon_dom_01_10
3635,,,,,,,,,,1.9554479122161865,0.4408193826675415,21.298582077026367,2.609253168106079,0.10639578849077225,0.0,0.0,0.0,12.190688133239746,0.23528185486793518,17.07660675048828,0.14084216952323914,recon_dom_01_10
3636,,,,0.0,0.0,0.0,100.0,100.0,100.0,3.084918737411499,0.2542332410812378,50.0,3.8391518592834473,0.2172442525625229,0.0,0.0,0.0,29.852693557739258,0.24136625230312347,38.77492141723633,0.1320282518863678,recon_dom_01_10
3637,,,,,,,,,,1.9811824560165405,0.3835434913635254,30.349531173706055,2.6682212352752686,0.1507735550403595,0.0,0.0,0.0,17.750041961669922,0.22869718074798584,23.616661071777344,0.14420095086097717,recon_dom_01_10
3638,,,,,,,,,,2.7379226684570312,0.25909802317619324,29.578853607177734,3.292809247970581,0.15597793459892273,0.0,0.0,0.0,16.920974731445312,0.23607903718948364,23.681764602661133,0.13502201437950134,recon_dom_01_10
3639,,,,,,,,,,2.950965404510498,0.2631329596042633,50.0,3.7140984535217285,0.24621868133544922,0.0,0.0,0.0,36.87138366699219,0.2395360767841339,46.08552932739258,0.13367849588394165,recon_dom_01_10
3640,,,,,,,,,,2.906834602355957,0.3705063760280609,23.075712203979492,3.5080981254577637,0.14147451519966125,0.0,0.0,0.0,12.692155838012695,0.23896139860153198,19.27788734436035,0.13345158100128174,recon_dom_01_10
3641,,,,,,,,,,2.1805286407470703,0.5471689701080322,15.234079360961914,2.8800384998321533,0.10062121599912643,0.0,0.0,0.0,8.397247314453125,0.23151400685310364,12.593132972717285,0.1400747001171112,recon_dom_01_10
3642,,,,,,,,,,2.9787845611572266,0.35384392738342285,15.787946701049805,3.4905078411102295,0.12895870208740234,0.0,0.0,0.0,8.08021068572998,0.23781728744506836,14.051658630371094,0.1333165317773819,recon_dom_01_10
3643,,,,,,,,,,2.3005435466766357,0.8937497735023499,5.559051990509033,3.2498838901519775,0.07729990035295486,0.0,0.0,0.0,2.3493306636810303,0.23174619674682617,5.572437286376953,0.13828587532043457,recon_dom_01_10
3644,,,,,,,,,,1.8754053115844727,1.9594441652297974,3.773662805557251,3.8725860118865967,0.05290474742650986,0.0,0.0,0.0,1.5646562576293945,0.22763150930404663,3.8144030570983887,0.14518028497695923,recon_dom_01_10
3645,,,,,,,,,,1.7266610860824585,0.39595872163772583,30.123268127441406,2.4238524436950684,0.13592594861984253,0.0,0.0,0.0,17.719806671142578,0.2331753671169281,23.372364044189453,0.14330148696899414,recon_dom_01_10
3646,,,,0.0,0.0,0.0,100.0,50.0,100.0,2.83608341217041,0.2170843929052353,50.0,3.5531678199768066,0.5075627565383911,0.0,0.0,0.0,95.41378784179688,0.242434561252594,109.84912872314453,0.1314227283000946,recon_dom_01_10
3647,,,,,,,,,,2.2544305324554443,0.7607003450393677,8.467740058898926,3.0998082160949707,0.08374903351068497,0.0,0.0,0.0,4.209049224853516,0.2324218600988388,7.605496406555176,0.13955840468406677,recon_dom_01_10
3648,,,,,,,,,,2.758639335632324,0.5811122059822083,15.247451782226562,3.4922261238098145,0.11914105713367462,0.0,0.0,0.0,8.075502395629883,0.23612795770168304,13.077821731567383,0.13721546530723572,recon_dom_01_10
3649,,,,,,,,,,1.0225805044174194,5.391724586486816,50.0,6.914305210113525,2.003309726715088,0.0,0.0,0.0,420.8160095214844,0.2216234803199768,429.0555725097656,0.1439327597618103,recon_dom_01_10
3650,,,,,,,,,,1.4873967170715332,1.9931341409683228,2.878347396850586,3.5093142986297607,0.048289455473423004,0.0,0.0,0.0,1.109710931777954,0.2177891731262207,2.979206085205078,0.1580727994441986,recon_dom_01_10
3651,,,,,,,,,,2.346682071685791,1.942152500152588,4.031834602355957,4.329153060913086,0.07894212007522583,0.0,0.0,0.0,1.3856295347213745,0.23439472913742065,4.4289655685424805,0.1357264518737793,recon_dom_01_10
3652,,,,,,,,,,2.6306283473968506,0.4096245765686035,27.7506046295166,3.3177590370178223,0.16406139731407166,0.0,0.0,0.0,15.675515174865723,0.23752938210964203,22.434682846069336,0.13687573373317719,recon_dom_01_10
3653,,,,,,,,,,2.85374116897583,0.31039348244667053,50.0,3.6641347408294678,0.2485324740409851,0.0,0.0,0.0,35.768733978271484,0.24134811758995056,46.5958251953125,0.13279083371162415,recon_dom_01_10
3654,,,,,,,,,,2.895397901535034,0.7862322330474854,10.421207427978516,3.785842180252075,0.1002357006072998,0.0,0.0,0.0,4.950424671173096,0.2371545284986496,9.864669799804688,0.13553404808044434,recon_dom_01_10
3655,,,,,,,,,,2.752429962158203,1.2388337850570679,5.983791351318359,4.0511016845703125,0.08338246494531631,0.0,0.0,0.0,2.4988670349121094,0.2294785976409912,6.062175750732422,0.13976359367370605,recon_dom_01_10
3656,,,,0.0,0.0,0.0,100.0,100.0,100.0,0.6634736061096191,11.389715194702148,0.5812879204750061,12.059001922607422,0.02285834215581417,0.007951634004712105,0.0,0.0,0.07353397458791733,0.2273147851228714,0.6955558061599731,0.15001221001148224,recon_dom_01_10
3657,,,,,,,,,,2.7227206230163574,0.2279793918132782,50.0,3.450700044631958,0.4802383780479431,0.0,0.0,0.0,89.06843566894531,0.2385554313659668,103.33198547363281,0.1332758665084839,recon_dom_01_10
3658,,,,,,,,,,1.6427953243255615,3.436246156692505,1.9183086156845093,5.098224639892578,0.0512334406375885,0.0,0.0,0.0,0.48285526037216187,0.23002327978610992,2.2846148014068604,0.13976378738880157,recon_dom_01_10
3659,,,,,,,,,,2.740457534790039,0.2632420063018799,50.0,3.503699541091919,0.5993965864181519,0.0,0.0,0.0,117.8239974975586,0.24223065376281738,133.6677703857422,0.13126030564308167,recon_dom_01_10
3660,,,,,,,,,,2.280872344970703,1.2875359058380127,4.860637664794922,3.6170146465301514,0.11633150279521942,0.0,0.0,0.0,1.8059086799621582,0.23387187719345093,4.872210502624512,0.13578546047210693,recon_dom_01_10
3661,,,,,,,,,,1.5222538709640503,0.313777893781662,50.0,2.336031675338745,0.27251920104026794,0.0,0.0,0.0,44.920162200927734,0.23735421895980835,53.63663101196289,0.13824591040611267,recon_dom_01_10
3662,,,,,,,,,,0.6870676875114441,10.379315376281738,0.700493574142456,11.07338809967041,0.028970161452889442,0.0002970703935716301,0.0,0.0,0.0844939649105072,0.2259657382965088,0.866858720779419,0.1482572853565216,recon_dom_01_10
3663,,,,,,,,,,2.4196279048919678,0.20235973596572876,50.0,3.1219875812530518,0.8187611103057861,0.0,0.0,0.0,157.71194458007812,0.2442864626646042,177.7452392578125,0.1293608844280243,recon_dom_01_10
3664,,,,,,,,,,0.8949053287506104,5.947049140930176,1.1199579238891602,6.853154182434082,0.04704524949193001,0.0,0.0,0.0,0.2148629128932953,0.2301366925239563,1.2645928859710693,0.14558711647987366,recon_dom_01_10
3665,,,,,,,,,,1.720801591873169,0.5447646379470825,18.064014434814453,2.4462063312530518,0.10889919102191925,0.0,0.0,0.0,10.114169120788574,0.23426225781440735,14.73569393157959,0.1407657265663147,recon_dom_01_10
3666,,,,0.0,0.0,0.0,100.0,50.0,100.0,2.9063565731048584,0.5798989534378052,13.850570678710938,3.6247613430023193,0.12175285071134567,0.0,0.0,0.0,6.9325056076049805,0.2380175143480301,12.544017791748047,0.1348949670791626,recon_dom_01_10
3667,,,,,,,,,,2.610470771789551,0.22265520691871643,50.0,3.3331260681152344,0.5577601194381714,0.0,0.0,0.0,108.1292495727539,0.242760568857193,123.95713806152344,0.13013899326324463,recon_dom_01_10
3668,,,,,,,,,,1.2877141237258911,6.481955528259277,1.6822187900543213,7.786491870880127,0.06266958266496658,0.0,0.0,0.0,0.3771032691001892,0.2286330759525299,1.9091089963912964,0.14349818229675293,recon_dom_01_10
3669,,,,,,,,,,1.6833642721176147,1.5373921394348145,6.18133544921875,3.2825698852539062,0.07105597853660583,0.0,0.0,0.0,2.8318378925323486,0.22962833940982819,5.913933753967285,0.1428728997707367,recon_dom_01_10
3670,,,,,,,,,,1.6670222282409668,2.2056801319122314,3.751549005508423,3.910217761993408,0.06994954496622086,0.0,0.0,0.0,1.4396406412124634,0.23202437162399292,3.8496077060699463,0.14154405891895294,recon_dom_01_10
3671,,,,,,,,,,1.899986743927002,0.3621526062488556,50.0,2.762139320373535,0.2303636223077774,0.0,0.0,0.0,30.689916610717773,0.23449835181236267,38.39878463745117,0.13741479814052582,recon_dom_01_10
3672,,,,,,,,,,1.903828501701355,1.0292085409164429,6.11682653427124,2.9942052364349365,0.06754233688116074,0.0,0.0,0.0,2.8306026458740234,0.22968298196792603,5.8225860595703125,0.14251039922237396,recon_dom_01_10
3673,,,,,,,,,,0.4511379599571228,12.240958213806152,0.5255825519561768,12.697352409362793,0.021147698163986206,0.0,0.0,0.0,0.10914851725101471,0.2316051721572876,0.545909583568573,0.1458016037940979,recon_dom_01_10
3674,,,,,,,,,,2.8920085430145264,0.3947436511516571,20.451576232910156,3.4912679195404053,0.15268051624298096,0.0,0.0,0.0,10.955784797668457,0.23829981684684753,17.39041519165039,0.13352283835411072,recon_dom_01_10
3675,,,,,,,,,,2.039947509765625,0.4620097875595093,30.524425506591797,2.807201623916626,0.1761205792427063,0.0,0.0,0.0,17.698081970214844,0.2376595288515091,23.816892623901367,0.1352933943271637,recon_dom_01_10
3676,,,,0.0,0.0,0.0,100.0,50.0,100.0,2.8327653408050537,0.38597455620765686,26.643310546875,3.485172986984253,0.1588088572025299,0.0,0.0,0.0,14.88801097869873,0.23998430371284485,21.84784698486328,0.13335128128528595,recon_dom_01_10
3677,,,,,,,,,,2.8157739639282227,0.2782634496688843,50.0,3.5940375328063965,0.299688458442688,0.0,0.0,0.0,48.07768249511719,0.23922204971313477,58.440773010253906,0.1342441439628601,recon_dom_01_10
3678,,,,,,,,,,0.8827290534973145,8.203896522521973,0.7127863168716431,9.093753814697266,0.030837407335639,0.0,0.0,0.0,0.08556064963340759,0.22521165013313293,0.8712905645370483,0.14872199296951294,recon_dom_01_10
3679,,,,,,,,,,3.0741899013519287,0.5155755877494812,15.819867134094238,3.7479641437530518,0.12923061847686768,0.0,0.0,0.0,8.077765464782715,0.23912614583969116,14.117403030395508,0.133343905210495,recon_dom_01_10
3680,,,,,,,,,,2.330948829650879,1.7872577905654907,4.314761161804199,4.161354064941406,0.06666970252990723,0.0,0.0,0.0,1.6411864757537842,0.23419177532196045,4.606163024902344,0.13725410401821136,recon_dom_01_10
3681,,,,,,,,,,2.846740245819092,0.6805928945541382,8.990376472473145,3.617236852645874,0.08848782628774643,0.0,0.0,0.0,4.290083885192871,0.23595167696475983,8.441421508789062,0.13547572493553162,recon_dom_01_10
3682,,,,,,,,,,2.2455973625183105,0.3483640253543854,42.79268264770508,3.021888256072998,0.194327712059021,0.0,0.0,0.0,25.409774780273438,0.23563814163208008,32.74822998046875,0.13591235876083374,recon_dom_01_10
3683,,,,,,,,,,1.9238537549972534,0.4644748866558075,28.370025634765625,2.6720287799835205,0.14466454088687897,0.0,0.0,0.0,16.430736541748047,0.23923349380493164,22.357234954833984,0.13424772024154663,recon_dom_01_10
3684,,,,,,,,,,2.8407695293426514,0.26562339067459106,50.0,3.6063928604125977,0.30430033802986145,0.0,0.0,0.0,49.79454803466797,0.24117054045200348,61.739166259765625,0.13254699110984802,recon_dom_01_10
3685,,,,,,,,,,2.3284642696380615,0.2702884376049042,50.0,3.098752737045288,0.32668405771255493,0.0,0.0,0.0,55.08170700073242,0.23552533984184265,65.39971160888672,0.13527840375900269,recon_dom_01_10
3686,,,,0.0,0.0,50.0,50.0,50.0,100.0,2.089179754257202,1.675879716873169,3.5715131759643555,3.800774574279785,0.07077939808368683,0.0,0.0,0.0,1.2871935367584229,0.23471680283546448,3.7864489555358887,0.13726580142974854,recon_dom_01_10
3687,,,,,,,,,,1.1586387157440186,4.3176655769348145,1.8941198587417603,5.495245456695557,0.051292695105075836,0.0,0.0,0.0,0.5909249186515808,0.2330339550971985,2.0182321071624756,0.14312011003494263,recon_dom_01_10
3688,,,,,,,,,,1.4381632804870605,0.21165873110294342,50.0,2.1498219966888428,0.6193047761917114,0.0,0.0,0.0,122.32014465332031,0.236768901348114,135.34600830078125,0.13710111379623413,recon_dom_01_10
3689,,,,,,,,,,0.7182683348655701,11.73737621307373,0.6892521977424622,12.462536811828613,0.029133211821317673,5.995000174152665e-05,0.0,0.0,0.08490955829620361,0.22455289959907532,0.842498779296875,0.14911969006061554,recon_dom_01_10
3690,,,,,,,,,,2.680532455444336,0.239194855093956,50.0,3.419727325439453,0.5143948793411255,0.0,0.0,0.0,99.01221466064453,0.24128457903862,113.61900329589844,0.13237616419792175,recon_dom_01_10
3691,,,,,,,,,,2.650940418243408,0.34402719140052795,44.69910430908203,3.4419586658477783,0.2041986733675003,0.0,0.0,0.0,26.438186645507812,0.23642826080322266,34.405670166015625,0.13447991013526917,recon_dom_01_10
3692,,,,,,,,,,1.6729846000671387,0.29546356201171875,50.0,2.4684481620788574,0.3284478783607483,0.0,0.0,0.0,57.36953353881836,0.23335374891757965,66.67084503173828,0.1401238590478897,recon_dom_01_10
3693,,,,,,,,,,2.3406426906585693,1.1439541578292847,9.001470565795898,3.5746116638183594,0.09300027787685394,0.0,0.0,0.0,4.298078536987305,0.23153170943260193,8.402054786682129,0.14209845662117004,recon_dom_01_10
3694,,,,,,,,,,1.8638957738876343,2.1508617401123047,3.6004438400268555,4.050762176513672,0.08730851113796234,0.0,0.0,0.0,1.2575584650039673,0.23209132254123688,3.7386698722839355,0.13798722624778748,recon_dom_01_10
3695,,,,,,,,,,2.256746768951416,0.8790919780731201,10.827108383178711,3.244109869003296,0.10011281818151474,0.0,0.0,0.0,5.40138053894043,0.2382442057132721,9.775723457336426,0.13477778434753418,recon_dom_01_10
3696,,,,0.0,0.0,0.0,100.0,0.0,50.0,2.8826308250427246,0.29485827684402466,43.20387268066406,3.609527826309204,0.21343713998794556,0.0,0.0,0.0,24.912288665771484,0.24138367176055908,34.374168395996094,0.13171640038490295,recon_dom_01_10
3697,,,,,,,,,,2.267747402191162,1.0671244859695435,6.2098493576049805,3.396970272064209,0.09014245867729187,0.0,0.0,0.0,2.5853610038757324,0.23774178326129913,6.273217678070068,0.13392764329910278,recon_dom_01_10
3698,,,,,,,,,,2.984699010848999,0.3431985676288605,41.351905822753906,3.7414166927337646,0.19585885107517242,0.0,0.0,0.0,23.830970764160156,0.23999497294425964,33.00864028930664,0.13322687149047852,recon_dom_01_10
3699,,,,,,,,,,2.1234302520751953,0.6531897187232971,17.125160217285156,2.947871685028076,0.13528864085674286,0.0,0.0,0.0,9.306669235229492,0.2375214695930481,14.209606170654297,0.13492974638938904,recon_dom_01_10
3700,,,,,,,,,,2.573530673980713,0.9833479523658752,7.878332138061523,3.6356618404388428,0.09164741635322571,0.0,0.0,0.0,3.651427745819092,0.2361687868833542,7.463133811950684,0.13483655452728271,recon_dom_01_10
3701,,,,,,,,,,1.676222801208496,0.22006811201572418,50.0,2.3962910175323486,0.714647650718689,0.0,0.0,0.0,146.431884765625,0.23713189363479614,161.10415649414062,0.13529592752456665,recon_dom_01_10
3702,,,,,,,,,,1.7516173124313354,2.793562412261963,4.058356761932373,4.585763454437256,0.08424995839595795,0.0,0.0,0.0,1.5199346542358398,0.23718780279159546,4.159478187561035,0.13714618980884552,recon_dom_01_10
3703,,,,,,,,,,1.8036693334579468,0.5018591284751892,27.993837356567383,2.5854668617248535,0.13438308238983154,0.0,0.0,0.0,16.49858856201172,0.22770631313323975,21.57200813293457,0.14556148648262024,recon_dom_01_10
3704,,,,,,,,,,2.5833959579467773,0.20205122232437134,50.0,3.285447120666504,0.7557480931282043,0.0,0.0,0.0,150.99578857421875,0.24358245730400085,172.14483642578125,0.1299278438091278,recon_dom_01_10
3705,,,,,,,,,,1.4201314449310303,2.8390355110168457,3.144552230834961,4.290612697601318,0.08186889439821243,0.0,0.0,0.0,1.1098958253860474,0.23543508350849152,3.17608380317688,0.13726508617401123,recon_dom_01_10
3706,,,,0.0,0.0,0.0,100.0,100.0,100.0,1.6227209568023682,0.43329548835754395,35.259857177734375,2.4086151123046875,0.15790824592113495,0.008247737772762775,0.0,0.0,20.78449821472168,0.22435876727104187,27.279457092285156,0.1540449857711792,recon_dom_01_10
3707,,,,,,,,,,1.920792579650879,0.6256367564201355,21.953697204589844,2.7659664154052734,0.1374020129442215,0.0,0.0,0.0,12.399433135986328,0.23083752393722534,17.6601619720459,0.14090603590011597,recon_dom_01_10
3708,,,,,,,,,,2.318993091583252,1.2436572313308716,7.952941417694092,3.6421797275543213,0.08307182788848877,0.0,0.0,0.0,3.7146213054656982,0.23501326143741608,7.571579933166504,0.13669531047344208,recon_dom_01_10
3709,,,,,,,,,,1.407780408859253,4.763168811798096,2.414634943008423,6.195095539093018,0.048371851444244385,0.0,0.0,0.0,0.7352522015571594,0.2313975989818573,2.800431251525879,0.14167875051498413,recon_dom_01_10
3710,,,,,,,,,,2.4305641651153564,0.41597676277160645,36.09360122680664,3.207476854324341,0.17595724761486053,0.0,0.0,0.0,21.093019485473633,0.23660129308700562,28.167316436767578,0.13476991653442383,recon_dom_01_10
3711,,,,,,,,,,2.4950246810913086,0.19026729464530945,50.0,3.1852920055389404,1.374768853187561,0.0,0.0,0.0,294.28515625,0.2436402142047882,321.72998046875,0.13029323518276215,recon_dom_01_10
3712,,,,,,,,,,2.334282159805298,0.5315588712692261,24.401653289794922,3.1098575592041016,0.12899388372898102,0.0,0.0,0.0,13.89637279510498,0.2375635802745819,19.646060943603516,0.13522875308990479,recon_dom_01_10
3713,,,,,,,,,,1.5087711811065674,0.23701079189777374,50.0,2.245781898498535,0.6155317425727844,0.0,0.0,0.0,129.1243438720703,0.23896634578704834,142.75448608398438,0.1350945681333542,recon_dom_01_10
3714,,,,,,,,,,0.8091413378715515,7.903662204742432,1.348020315170288,8.72628402709961,0.03731551021337509,0.0,0.0,0.0,0.33469295501708984,0.22962169349193573,1.5785624980926514,0.14506307244300842,recon_dom_01_10
3715,,,,,,,,,,0.41346341371536255,14.232769966125488,0.5273643732070923,14.651507377624512,0.022109951823949814,0.0,0.0,0.0,0.10355524718761444,0.2273593246936798,0.5510636568069458,0.14991632103919983,recon_dom_01_10
3716,,,,0.0,0.0,0.0,100.0,100.0,100.0,1.848207712173462,0.9471432566642761,12.470514297485352,2.920056104660034,0.10961529612541199,0.0,0.0,0.0,6.634087085723877,0.2385169267654419,10.501702308654785,0.13646569848060608,recon_dom_01_10
3717,,,,,,,,,,1.6424281597137451,1.7626022100448608,5.189282417297363,3.456923246383667,0.059702664613723755,0.0,0.0,0.0,2.380831003189087,0.23000846803188324,4.945314884185791,0.14279979467391968,recon_dom_01_10
3718,,,,,,,,,,2.443002700805664,0.19731760025024414,50.0,3.140320301055908,0.908591628074646,0.0,0.0,0.0,180.30520629882812,0.24441999197006226,201.9647216796875,0.1293211430311203,recon_dom_01_10
3719,,,,,,,,,,1.879300594329834,0.9846457242965698,11.146520614624023,2.9754114151000977,0.10167218744754791,0.0,0.0,0.0,5.735653877258301,0.23704780638217926,9.73031997680664,0.1364019215106964,recon_dom_01_10
3720,,,,,,,,,,1.849514365196228,1.420290231704712,8.004106521606445,3.3498456478118896,0.08058565855026245,0.0,0.0,0.0,3.7422499656677246,0.23664256930351257,7.643156051635742,0.13686016201972961,recon_dom_01_10
3721,,,,,,,,,,0.46719619631767273,12.450162887573242,0.592573881149292,12.923284530639648,0.023060474544763565,0.0,0.0,0.0,0.07633772492408752,0.22775593400001526,0.7266061305999756,0.14855127036571503,recon_dom_01_10
3722,,,,,,,,,,2.833481788635254,0.2890879213809967,50.0,3.6225697994232178,0.3304263949394226,0.0,0.0,0.0,52.196205139160156,0.24164080619812012,65.21720886230469,0.13165009021759033,recon_dom_01_10
3723,,,,,,,,,,2.398294448852539,0.20330844819545746,50.0,3.101602792739868,1.3771922588348389,0.0,0.0,0.0,286.03240966796875,0.24313457310199738,313.3041076660156,0.13021129369735718,recon_dom_01_10
3724,,,,,,,,,,2.5533876419067383,0.21151989698410034,50.0,3.2649075984954834,0.8177629709243774,0.0,0.0,0.0,162.7227783203125,0.2402234971523285,179.79302978515625,0.1327357441186905,recon_dom_01_10
3725,,,,,,,,,,0.6973644495010376,8.163570404052734,0.9694802761077881,8.87062931060791,0.04734065383672714,0.0,0.0,0.0,0.1287890076637268,0.22852487862110138,1.1330991983413696,0.14585912227630615,recon_dom_01_10
3726,,,,0.0,0.0,0.0,100.0,100.0,100.0,1.525797724723816,2.014003038406372,3.4076948165893555,3.5738778114318848,0.0928993970155716,0.0,0.0,0.0,1.178807020187378,0.2338208258152008,3.4544260501861572,0.13795608282089233,recon_dom_01_10
3727,,,,,,,,,,1.6801328659057617,3.4212262630462646,2.6112732887268066,5.127471923828125,0.049459539353847504,0.0,0.0,0.0,0.8786553144454956,0.2333330512046814,2.8963775634765625,0.137981116771698,recon_dom_01_10
3728,,,,,,,,,,2.5295567512512207,0.2636175751686096,50.0,3.2931742668151855,0.4658060371875763,0.0,0.0,0.0,82.19615936279297,0.2419058382511139,95.79048156738281,0.1313336044549942,recon_dom_01_10
3729,,,,,,,,,,2.524594306945801,0.3759821951389313,49.256134033203125,3.3931379318237305,0.22465799748897552,0.0,0.0,0.0,29.322769165039062,0.23884239792823792,37.54584503173828,0.13265901803970337,recon_dom_01_10
3730,,,,,,,,,,2.6850199699401855,0.5268386006355286,28.724098205566406,3.4990994930267334,0.15891297161579132,0.0,0.0,0.0,16.08652687072754,0.23829473555088043,23.611583709716797,0.13386589288711548,recon_dom_01_10
3731,,,,,,,,,,1.7106761932373047,0.2664814293384552,50.0,2.4771575927734375,0.5994306206703186,0.0,0.0,0.0,123.74060821533203,0.2377135455608368,135.5267333984375,0.1357613503932953,recon_dom_01_10
3732,,,,,,,,,,2.250681161880493,1.0472183227539062,10.10228443145752,3.3989224433898926,0.09469453990459442,0.0,0.0,0.0,5.0957159996032715,0.2313203364610672,8.991894721984863,0.1401630938053131,recon_dom_01_10
3733,,,,,,,,,,1.5924381017684937,0.4155295193195343,34.8253173828125,2.3562207221984863,0.15351319313049316,0.0,0.0,0.0,20.514427185058594,0.23727035522460938,27.011320114135742,0.1393212080001831,recon_dom_01_10
3734,,,,,,,,,,2.2479469776153564,0.537723958492279,22.361909866333008,3.0092899799346924,0.12230019271373749,0.0,0.0,0.0,12.733939170837402,0.23420414328575134,17.95844841003418,0.13823841512203217,recon_dom_01_10
3735,,,,,,,,,,2.8596081733703613,0.3507753014564514,50.0,3.710383415222168,0.2910119891166687,0.0,0.0,0.0,44.11198806762695,0.24202486872673035,56.66857147216797,0.13192318379878998,recon_dom_01_10
3736,,,,0.0,0.0,0.0,100.0,100.0,50.0,2.703892230987549,0.23717914521694183,50.0,3.4410712718963623,0.8568102121353149,0.0,0.0,0.0,190.71925354003906,0.2390291392803192,207.98135375976562,0.13356269896030426,recon_dom_01_10
3737,,,,,,,,,,0.932836651802063,7.264455795288086,1.0805249214172363,8.208097457885742,0.04096837341785431,0.0,0.0,0.0,0.16587823629379272,0.23377664387226105,1.3451299667358398,0.13862189650535583,recon_dom_01_10
3738,,,,,,,,,,2.6111748218536377,0.5978165864944458,21.708553314208984,3.426076889038086,0.16067388653755188,0.0,0.0,0.0,11.66019344329834,0.23886451125144958,18.41559600830078,0.13307824730873108,recon_dom_01_10
3739,,,,,,,,,,1.7234033346176147,3.6541967391967773,3.1825265884399414,5.409425258636475,0.07506798207759857,0.0,0.0,0.0,1.0369164943695068,0.23519213497638702,3.4659323692321777,0.13784828782081604,recon_dom_01_10
3740,,,,,,,,,,1.084938883781433,4.507294654846191,1.9685428142547607,5.611918926239014,0.05071540176868439,0.0,0.0,0.0,0.5712186098098755,0.23582780361175537,2.2128868103027344,0.13721075654029846,recon_dom_01_10
3741,,,,,,,,,,1.6312153339385986,4.5378522872924805,50.0,6.6690673828125,1.9913334846496582,0.0,0.0,0.0,421.87274169921875,0.2273523509502411,445.9591064453125,0.14038541913032532,recon_dom_01_10
3742,,,,,,,,,,1.644049882888794,0.337313175201416,50.0,2.48136305809021,0.3336623013019562,0.0,0.0,0.0,59.5359992980957,0.2386874556541443,69.77847290039062,0.13479769229888916,recon_dom_01_10
3743,,,,,,,,,,2.7152669429779053,0.2855994999408722,50.0,3.500866413116455,0.636628270149231,0.0,0.0,0.0,127.61419677734375,0.2417953908443451,143.56671142578125,0.13244417309761047,recon_dom_01_10
3744,,,,,,,,,,1.5616440773010254,1.2512555122375488,6.124588489532471,2.8741455078125,0.06894748657941818,0.0,0.0,0.0,2.91477632522583,0.23622022569179535,5.654942512512207,0.13981665670871735,recon_dom_01_10
3745,,,,,,,,,,2.6448590755462646,0.28244930505752563,50.0,3.4273083209991455,0.4985719621181488,0.0,0.0,0.0,90.67423248291016,0.2426077127456665,107.24119567871094,0.13035565614700317,recon_dom_01_10
3746,,,,0.0,0.0,0.0,100.0,100.0,100.0,1.6402263641357422,0.8786267042160034,13.263092041015625,2.6514840126037598,0.10459772497415543,0.0,0.0,0.0,7.016827583312988,0.23093582689762115,11.372084617614746,0.14139114320278168,recon_dom_01_10
3747,,,,,,,,,,2.697089672088623,0.415818989276886,41.23612976074219,3.5252699851989746,0.1988920122385025,0.0,0.0,0.0,24.129810333251953,0.23625513911247253,32.149227142333984,0.13620443642139435,recon_dom_01_10
3748,,,,,,,,,,2.6667613983154297,0.3192000985145569,50.0,3.485961437225342,0.3354852795600891,0.0,0.0,0.0,53.79109573364258,0.23999947309494019,66.12498474121094,0.13177546858787537,recon_dom_01_10
3749,,,,,,,,,,0.6905568838119507,10.73790454864502,0.6994892954826355,11.435456275939941,0.030768781900405884,0.0001466799440095201,0.0,0.0,0.08418934047222137,0.22343263030052185,0.8481212854385376,0.14905476570129395,recon_dom_01_10
3750,,,,,,,,,,2.357386827468872,0.4814874827861786,50.0,3.338874340057373,0.24619382619857788,0.0,0.0,0.0,32.861019134521484,0.2402384877204895,42.63739776611328,0.13191302120685577,recon_dom_01_10
3751,,,,,,,,,,1.377387285232544,4.217517852783203,2.3858704566955566,5.6187639236450195,0.05656895786523819,0.0,0.0,0.0,0.7152261137962341,0.2325548380613327,2.7014055252075195,0.13841399550437927,recon_dom_01_10
3752,,,,,,,,,,2.6355223655700684,0.7005933523178101,20.961605072021484,3.545731782913208,0.1458624005317688,0.0,0.0,0.0,11.33046817779541,0.2399446666240692,17.729145050048828,0.13258492946624756,recon_dom_01_10
3753,,,,,,,,,,2.589306592941284,0.30534788966178894,50.0,3.3946545124053955,0.4530516564846039,0.0,0.0,0.0,84.4494857788086,0.23933973908424377,97.82640075683594,0.13316980004310608,recon_dom_01_10
3754,,,,,,,,,,1.093698263168335,5.985785961151123,1.563169240951538,7.095116138458252,0.05215495452284813,4.418254775373498e-06,0.0,0.0,0.3818005323410034,0.2286180853843689,1.766462802886963,0.1449631303548813,recon_dom_01_10
3755,,,,,,,,,,1.6535112857818604,3.2946715354919434,3.117941379547119,4.9793620109558105,0.0756162628531456,0.0,0.0,0.0,1.0496346950531006,0.22697505354881287,3.3067245483398438,0.14165647327899933,recon_dom_01_10
3756,,,,0.0,0.0,0.0,100.0,50.0,50.0,2.6463546752929688,0.2989708185195923,50.0,3.4453253746032715,0.42453354597091675,0.0,0.0,0.0,74.71062469482422,0.24249328672885895,89.97250366210938,0.13107046484947205,recon_dom_01_10
3757,,,,,,,,,,2.1902027130126953,1.3859646320343018,8.633439064025879,3.662501811981201,0.09899327158927917,0.0,0.0,0.0,4.0619096755981445,0.2374459207057953,8.078719139099121,0.13458594679832458,recon_dom_01_10
3758,,,,,,,,,,1.5047295093536377,0.34195345640182495,50.0,2.3466830253601074,0.3324386775493622,0.0,0.0,0.0,61.431453704833984,0.2382064163684845,71.92057800292969,0.13757134974002838,recon_dom_01_10
3759,,,,,,,,,,1.542109727859497,0.6502104997634888,24.027177810668945,2.4325919151306152,0.1379358321428299,0.0,0.0,0.0,13.790233612060547,0.23362743854522705,19.019895553588867,0.13954031467437744,recon_dom_01_10
3760,,,,,,,,,,1.7148752212524414,0.4661754369735718,42.961402893066406,2.6106646060943604,0.19207343459129333,0.0,0.0,0.0,25.560678482055664,0.23760169744491577,32.80621337890625,0.13492858409881592,recon_dom_01_10
3761,,,,,,,,,,1.5842994451522827,0.3515825867652893,50.0,2.435882091522217,0.2866511344909668,0.0,0.0,0.0,47.616275787353516,0.23715491592884064,56.07845687866211,0.13728339970111847,recon_dom_01_10
3762,,,,,,,,,,1.349971055984497,0.28992053866386414,50.0,2.1398916244506836,0.5418846011161804,0.0,0.0,0.0,101.92546081542969,0.2350521832704544,114.43190002441406,0.13815806806087494,recon_dom_01_10
3763,,,,,,,,,,1.3317489624023438,4.1659674644470215,2.9533026218414307,5.527249336242676,0.047973860055208206,0.0,0.0,0.0,1.0997449159622192,0.23754283785820007,3.1522629261016846,0.13802510499954224,recon_dom_01_10
3764,,,,,,,,,,2.5818426609039307,0.9139593243598938,12.802806854248047,3.6238300800323486,0.12401707470417023,0.0,0.0,0.0,6.246844291687012,0.23819079995155334,11.797325134277344,0.13396474719047546,recon_dom_01_10
3765,,,,,,,,,,1.358194351196289,2.485686779022217,3.521002769470215,3.879091262817383,0.051376618444919586,0.0,0.0,0.0,1.4700065851211548,0.22889861464500427,3.5133135318756104,0.14566664397716522,recon_dom_01_10
3766,,,,0.0,0.0,0.0,100.0,0.0,100.0,2.7480008602142334,0.2644234299659729,50.0,3.5124242305755615,0.7360163331031799,0.0,0.0,0.0,139.6287078857422,0.24117404222488403,158.44287109375,0.1314951777458191,recon_dom_01_10
3767,,,,,,,,,,0.417611688375473,14.446991920471191,0.5727365612983704,14.870330810546875,0.024970952421426773,0.0,0.0,0.0,0.07828003168106079,0.2268800586462021,0.6636970639228821,0.1506522297859192,recon_dom_01_10
3768,,,,,,,,,,2.9377706050872803,0.4625607430934906,30.155048370361328,3.7018818855285645,0.15368342399597168,0.0,0.0,0.0,17.131282806396484,0.23867493867874146,24.435977935791016,0.13490578532218933,recon_dom_01_10
3769,,,,,,,,,,1.6102051734924316,1.6525986194610596,6.359387397766113,3.326397657394409,0.07891528308391571,0.0,0.0,0.0,3.0040738582611084,0.22800838947296143,5.8468403816223145,0.1451590657234192,recon_dom_01_10
3770,,,,,,,,,,2.429823160171509,0.5264804363250732,28.051610946655273,3.2368197441101074,0.16259965300559998,0.0,0.0,0.0,15.905573844909668,0.23770229518413544,22.59174346923828,0.13395726680755615,recon_dom_01_10
3771,,,,,,,,,,1.7080256938934326,0.5717996954917908,40.28095245361328,2.6826348304748535,0.17186905443668365,0.0,0.0,0.0,23.917179107666016,0.23492740094661713,30.933534622192383,0.14169520139694214,recon_dom_01_10
3772,,,,,,,,,,2.4139561653137207,0.80130535364151,13.532754898071289,3.3505890369415283,0.11456789821386337,0.0,0.0,0.0,6.901156902313232,0.23820945620536804,12.04311466217041,0.13381348550319672,recon_dom_01_10
3773,,,,,,,,,,2.1814651489257812,1.8971195220947266,8.093362808227539,4.159518241882324,0.08935703337192535,0.0,0.0,0.0,3.772662401199341,0.23740503191947937,7.673151016235352,0.13599523901939392,recon_dom_01_10
3774,,,,,,,,,,2.3241379261016846,0.32714974880218506,50.0,3.15128755569458,0.3582228422164917,0.0,0.0,0.0,58.20470428466797,0.239080011844635,68.89141845703125,0.1324215531349182,recon_dom_01_10
3775,,,,,,,,,,1.3567070960998535,0.45394906401634216,50.0,2.3106560707092285,1.7365142107009888,0.0,0.0,0.0,362.8096923828125,0.2373504638671875,384.84173583984375,0.13551348447799683,recon_dom_01_10
3776,,,,0.0,0.0,0.0,100.0,100.0,100.0,2.330655813217163,1.620787262916565,6.561297416687012,4.017055988311768,0.0927191972732544,0.0,0.0,0.0,2.7198028564453125,0.2348690927028656,6.681802749633789,0.13510507345199585,recon_dom_01_10
3777,,,,,,,,,,0.7936177253723145,8.667865753173828,1.045823335647583,9.471941947937012,0.03965000435709953,0.0,0.0,0.0,0.16686266660690308,0.22769850492477417,1.2870187759399414,0.14431455731391907,recon_dom_01_10
3778,,,,,,,,,,2.6192314624786377,0.9359661340713501,8.714006423950195,3.6423375606536865,0.08430451154708862,0.0,0.0,0.0,4.089832305908203,0.23430505394935608,8.331067085266113,0.1368703544139862,recon_dom_01_10
3779,,,,,,,,,,2.58221173286438,0.7334772348403931,14.37978744506836,3.459486961364746,0.11815087497234344,0.0,0.0,0.0,7.4278740882873535,0.23890015482902527,12.64771842956543,0.13410037755966187,recon_dom_01_10
3780,,,,,,,,,,1.7981780767440796,2.518402338027954,5.009520053863525,4.36667537689209,0.08155739307403564,0.0,0.0,0.0,2.1131653785705566,0.2295651137828827,4.902690887451172,0.14265519380569458,recon_dom_01_10
3781,,,,,,,,,,2.3548288345336914,0.2494465857744217,50.0,3.1042754650115967,0.4676261246204376,0.0,0.0,0.0,91.0263442993164,0.23965877294540405,104.39203643798828,0.13371838629245758,recon_dom_01_10
3782,,,,,,,,,,2.78830885887146,0.26518553495407104,50.0,3.553494453430176,0.3023770749568939,0.0,0.0,0.0,44.772029876708984,0.24181251227855682,56.573516845703125,0.13140428066253662,recon_dom_01_10
3783,,,,,,,,,,2.3369596004486084,0.4466998279094696,34.71662139892578,3.1308257579803467,0.1658059060573578,0.0,0.0,0.0,20.1806640625,0.238737091422081,27.33924674987793,0.13432729244232178,recon_dom_01_10
3784,,,,,,,,,,2.716580867767334,0.21839483082294464,50.0,3.4349756240844727,0.5811583399772644,0.0,0.0,0.0,112.85488891601562,0.24362117052078247,131.96234130859375,0.13030117750167847,recon_dom_01_10
3785,,,,,,,,,,1.5277843475341797,2.7427334785461426,3.179654121398926,4.302314281463623,0.059618331491947174,0.0,0.0,0.0,1.14973783493042,0.23673643171787262,3.389160633087158,0.13570502400398254,recon_dom_01_10
3786,,,,0.0,0.0,0.0,100.0,0.0,50.0,2.737776756286621,0.41141432523727417,30.20915985107422,3.4512827396392822,0.16779106855392456,0.0,0.0,0.0,17.16713523864746,0.2384657859802246,24.331710815429688,0.13365885615348816,recon_dom_01_10
3787,,,,,,,,,,2.9946506023406982,0.45744502544403076,23.421005249023438,3.6863057613372803,0.1378125697374344,0.0,0.0,0.0,12.766380310058594,0.2410472333431244,19.85634422302246,0.13285785913467407,recon_dom_01_10
3788,,,,,,,,,,2.700639486312866,0.2679983377456665,50.0,3.4686379432678223,0.33860352635383606,0.0,0.0,0.0,54.52360916137695,0.24120032787322998,66.65939331054688,0.13170742988586426,recon_dom_01_10
3789,,,,,,,,,,2.1030805110931396,0.537937581539154,32.021263122558594,2.961230754852295,0.1642633080482483,0.0,0.0,0.0,18.38125228881836,0.234262615442276,25.563291549682617,0.13623356819152832,recon_dom_01_10
3790,,,,,,,,,,0.97760409116745,6.7001729011535645,1.4757182598114014,7.69253396987915,0.041775111109018326,0.0,0.0,0.0,0.3323008716106415,0.22796882688999176,1.7947415113449097,0.14374318718910217,recon_dom_01_10
3791,,,,,,,,,,2.525339126586914,0.30645108222961426,50.0,3.3317902088165283,0.34351301193237305,0.0,0.0,0.0,60.14982986450195,0.23873335123062134,71.48881530761719,0.13494116067886353,recon_dom_01_10
3792,,,,,,,,,,1.6735122203826904,0.43366628885269165,47.448814392089844,2.5816667079925537,0.2008955180644989,0.0,0.0,0.0,28.358577728271484,0.2314847856760025,36.09672546386719,0.1424611210823059,recon_dom_01_10
3793,,,,,,,,,,2.092585563659668,1.6493545770645142,7.0092902183532715,3.81203293800354,0.08551585674285889,0.0,0.0,0.0,3.2130486965179443,0.23515896499156952,6.662883758544922,0.13704535365104675,recon_dom_01_10
3794,,,,,,,,,,1.431144118309021,4.554619789123535,2.432182788848877,6.010085582733154,0.06419116258621216,0.0,0.0,0.0,0.7087013125419617,0.2344924658536911,2.730592727661133,0.13780313730239868,recon_dom_01_10
3795,,,,,,,,,,2.195774793624878,0.35679924488067627,50.0,3.0525741577148438,0.3570796847343445,0.0,0.0,0.0,57.97191619873047,0.23832421004772186,68.51451873779297,0.13344788551330566,recon_dom_01_10
3796,,,,0.0,0.0,0.0,100.0,0.0,100.0,1.7670080661773682,0.9019266963005066,13.92641830444336,2.808198928833008,0.12296171486377716,0.0,0.0,0.0,7.408198833465576,0.23763395845890045,11.732267379760742,0.1351279318332672,recon_dom_01_10
3797,,,,,,,,,,2.8183250427246094,0.6490215063095093,20.71341896057129,3.674480676651001,0.13236549496650696,0.0,0.0,0.0,11.173235893249512,0.23778113722801208,17.682153701782227,0.13501331210136414,recon_dom_01_10
3798,,,,,,,,,,3.01096773147583,0.42082348465919495,45.316734313964844,3.884958505630493,0.19749759137630463,0.0,0.0,0.0,26.368621826171875,0.23977719247341156,35.846466064453125,0.13414496183395386,recon_dom_01_10
3799,,,,,,,,,,2.4561665058135986,0.2957388758659363,50.0,3.2519054412841797,0.4152912497520447,0.0,0.0,0.0,83.12039184570312,0.24101796746253967,95.13388061523438,0.13317923247814178,recon_dom_01_10
3800,,,,,,,,,,1.0757856369018555,5.893235683441162,1.809457778930664,6.987115859985352,0.07515351474285126,0.0,0.0,0.0,0.4163593053817749,0.23259615898132324,1.9604322910308838,0.13855239748954773,recon_dom_01_10
3801,,,,,,,,,,1.5957722663879395,0.32927465438842773,50.0,2.425046920776367,0.32584869861602783,0.0,0.0,0.0,51.825904846191406,0.24061986804008484,61.54176712036133,0.13310064375400543,recon_dom_01_10
3802,,,,,,,,,,0.9974287748336792,1.4703291654586792,50.0,2.9677579402923584,1.809146761894226,0.0,0.0,0.0,389.9997863769531,0.22784793376922607,415.1112976074219,0.1425042748451233,recon_dom_01_10
3803,,,,,,,,,,1.701049566268921,0.9325427412986755,20.26780891418457,2.836270332336426,0.11266602575778961,0.0,0.0,0.0,11.4608793258667,0.23547454178333282,16.41259765625,0.13752871751785278,recon_dom_01_10
3804,,,,,,,,,,1.8878058195114136,2.469666004180908,4.859120845794678,4.406063079833984,0.0659872516989708,0.0,0.0,0.0,2.0325636863708496,0.2307378351688385,4.918991565704346,0.14051036536693573,recon_dom_01_10
3805,,,,,,,,,,1.7033634185791016,2.7419939041137695,5.318572044372559,4.4985432624816895,0.08807171881198883,0.0,0.0,0.0,2.173804521560669,0.23776020109653473,5.334199905395508,0.13532590866088867,recon_dom_01_10
3806,,,,0.0,0.0,0.0,100.0,100.0,100.0,0.9811323881149292,5.86595344543457,1.5290865898132324,6.862376689910889,0.07403503358364105,0.0,0.0,0.0,0.2872505486011505,0.23599234223365784,1.6685302257537842,0.13796553015708923,recon_dom_01_10
3807,,,,,,,,,,1.6145949363708496,3.367666721343994,3.606982707977295,5.018331527709961,0.0632026270031929,0.0,0.0,0.0,1.2539033889770508,0.2359611690044403,3.9995932579040527,0.13673275709152222,recon_dom_01_10
3808,,,,,,,,,,1.7934497594833374,2.6818037033081055,4.536014080047607,4.520613670349121,0.07335181534290314,0.0,0.0,0.0,1.843144416809082,0.23425692319869995,4.577823638916016,0.1377301812171936,recon_dom_01_10
3809,,,,,,,,,,1.5678153038024902,1.0859839916229248,7.066492557525635,2.724464178085327,0.06927106529474258,0.0,0.0,0.0,3.5387303829193115,0.22703593969345093,6.287757873535156,0.14824146032333374,recon_dom_01_10
3810,,,,,,,,,,1.5004676580429077,1.7037417888641357,5.032760143280029,3.2545371055603027,0.05452284589409828,0.007047051098197699,0.0,0.0,2.2704291343688965,0.23251119256019592,4.89005708694458,0.14390045404434204,recon_dom_01_10
3811,,,,,,,,,,2.942758083343506,0.43072590231895447,24.62258529663086,3.6197097301483154,0.14280936121940613,0.0,0.0,0.0,13.573357582092285,0.2383939027786255,20.595788955688477,0.1344597488641739,recon_dom_01_10
3812,,,,,,,,,,2.42856502532959,0.6511275768280029,11.84703540802002,3.1981630325317383,0.11584961414337158,0.0,0.0,0.0,5.962835788726807,0.23589451611042023,10.53566837310791,0.1352844536304474,recon_dom_01_10
3813,,,,,,,,,,2.702362060546875,0.24395932257175446,50.0,3.446321487426758,0.31772056221961975,0.0,0.0,0.0,45.412864685058594,0.24296343326568604,57.366416931152344,0.13043378293514252,recon_dom_01_10
3814,,,,,,,,,,1.9236935377120972,1.7782434225082397,3.850188970565796,3.740438938140869,0.06978784501552582,0.0,0.0,0.0,1.5088791847229004,0.23376496136188507,3.9104151725769043,0.13786587119102478,recon_dom_01_10
3815,,,,,,,,,,1.7414977550506592,0.8997191190719604,10.579075813293457,2.7470076084136963,0.0931001827120781,0.0,0.0,0.0,5.353167533874512,0.23658478260040283,9.445947647094727,0.13774101436138153,recon_dom_01_10
3816,,,,0.0,0.0,0.0,100.0,50.0,100.0,2.800609588623047,0.23956942558288574,50.0,3.5401790142059326,0.4204378128051758,0.0,0.0,0.0,74.93608093261719,0.24256712198257446,90.2055892944336,0.13090020418167114,recon_dom_01_10
3817,,,,,,,,,,2.34397554397583,0.48551705479621887,14.395885467529297,2.9734513759613037,0.12385769188404083,0.0,0.0,0.0,7.556846618652344,0.23628708720207214,12.36511516571045,0.13564425706863403,recon_dom_01_10
3818,,,,,,,,,,2.0876944065093994,0.2432178407907486,50.0,2.8309123516082764,0.4828014075756073,0.0,0.0,0.0,94.09538269042969,0.23797371983528137,106.18148803710938,0.13407190144062042,recon_dom_01_10
3819,,,,,,,,,,2.37748122215271,0.7138365507125854,12.876508712768555,3.2200827598571777,0.1089353933930397,0.0,0.0,0.0,6.6457200050354,0.23817545175552368,11.297555923461914,0.1351599395275116,recon_dom_01_10
3820,,,,,,,,,,1.4328759908676147,2.0581274032592773,2.9558916091918945,3.5205624103546143,0.06091618537902832,0.0,0.0,0.0,1.1059794425964355,0.22735530138015747,3.015676975250244,0.14757195115089417,recon_dom_01_10
3821,,,,,,,,,,2.711313247680664,0.34386059641838074,35.17658615112305,3.406939744949341,0.18995298445224762,0.0,0.0,0.0,20.285615921020508,0.23979255557060242,27.807632446289062,0.13407836854457855,recon_dom_01_10
3822,,,,,,,,,,2.8424506187438965,0.2764323055744171,48.6323127746582,3.60520601272583,0.23659788072109222,0.0,0.0,0.0,28.293094635009766,0.24087870121002197,38.237945556640625,0.1316707730293274,recon_dom_01_10
3823,,,,,,,,,,1.84767484664917,0.23031488060951233,50.0,2.5779898166656494,0.5498086214065552,0.0,0.0,0.0,116.35997772216797,0.24007388949394226,128.32078552246094,0.13543784618377686,recon_dom_01_10
3824,,,,,,,,,,2.1134281158447266,0.6646368503570557,12.30057430267334,2.9010705947875977,0.11492258310317993,0.0,0.0,0.0,6.343008995056152,0.2378361076116562,10.691390991210938,0.13474351167678833,recon_dom_01_10
3825,,,,,,,,,,1.5876860618591309,2.8727385997772217,2.919133424758911,4.4896159172058105,0.05080042779445648,0.0,0.0,0.0,1.041366457939148,0.22803878784179688,3.1726253032684326,0.14648368954658508,recon_dom_01_10
3826,,,,0.0,0.0,0.0,100.0,100.0,100.0,2.090815305709839,1.631751537322998,3.2644765377044678,3.755211591720581,0.07976343482732773,0.0,0.0,0.0,1.0369120836257935,0.231879323720932,3.583512783050537,0.13803091645240784,recon_dom_01_10
3827,,,,,,,,,,2.740140438079834,0.4313904643058777,24.442703247070312,3.4159579277038574,0.14745251834392548,0.0,0.0,0.0,13.712870597839355,0.23739221692085266,19.91055679321289,0.13552822172641754,recon_dom_01_10
3828,,,,,,,,,,1.83646821975708,0.6642452478408813,18.06426239013672,2.681356191635132,0.11380569636821747,0.0,0.0,0.0,9.969173431396484,0.23509514331817627,14.977298736572266,0.13901638984680176,recon_dom_01_10
3829,,,,,,,,,,1.508414626121521,0.22764916718006134,50.0,2.2360637187957764,0.4877544343471527,0.0,0.0,0.0,108.289794921875,0.23070520162582397,118.86556243896484,0.14636147022247314,recon_dom_01_10
3830,,,,,,,,,,2.819714307785034,0.26049327850341797,50.0,3.580207586288452,0.26923295855522156,0.0,0.0,0.0,39.056636810302734,0.2410982996225357,49.74347686767578,0.1314171552658081,recon_dom_01_10
3831,,,,,,,,,,0.33276093006134033,16.61641502380371,0.45907482504844666,16.953765869140625,0.017904633656144142,0.0,0.0,0.0,0.0727817565202713,0.21890690922737122,0.5174410939216614,0.16158679127693176,recon_dom_01_10
3832,,,,,,,,,,2.761592388153076,0.2953203618526459,50.0,3.556912660598755,0.2410161793231964,0.0,0.0,0.0,32.95042419433594,0.2421039193868637,42.560943603515625,0.13134607672691345,recon_dom_01_10
3833,,,,,,,,,,2.2925796508789062,0.5537447929382324,15.701802253723145,3.003342390060425,0.13037526607513428,0.0,0.0,0.0,8.227882385253906,0.23643746972084045,13.569734573364258,0.13532915711402893,recon_dom_01_10
3834,,,,,,,,,,2.910097122192383,0.387401282787323,30.46489906311035,3.602147340774536,0.16831445693969727,0.0,0.0,0.0,17.323379516601562,0.23994092643260956,24.525310516357422,0.1329764723777771,recon_dom_01_10
3835,,,,,,,,,,1.548316240310669,1.1904226541519165,6.300652980804443,2.8017454147338867,0.07582747936248779,0.0,0.0,0.0,2.9244070053100586,0.23566694557666779,5.919552803039551,0.1376592218875885,recon_dom_01_10
3836,,,,0.0,0.0,0.0,100.0,50.0,50.0,2.6858959197998047,0.29577985405921936,50.0,3.481675863265991,0.3015565276145935,0.0,0.0,0.0,42.31723403930664,0.24110114574432373,53.60392379760742,0.13203918933868408,recon_dom_01_10
3837,,,,,,,,,,1.690734624862671,2.159792184829712,4.632925987243652,3.8968560695648193,0.07891598343849182,0.0,0.0,0.0,1.961320400238037,0.2341582477092743,4.479671955108643,0.1377335488796234,recon_dom_01_10
3838,,,,,,,,,,2.1435914039611816,0.4238342344760895,35.90778350830078,2.9265034198760986,0.18212464451789856,0.0,0.0,0.0,21.07511329650879,0.23900067806243896,27.769577026367188,0.13351750373840332,recon_dom_01_10
3839,,,,,,,,,,1.5818347930908203,0.28660622239112854,50.0,2.368441104888916,0.38698580861091614,0.0,0.0,0.0,62.52165222167969,0.23731179535388947,72.08177185058594,0.1357751488685608,recon_dom_01_10
3840,,,,,,,,,,2.121368169784546,0.5595149397850037,28.55489158630371,2.9664320945739746,0.16242623329162598,0.0,0.0,0.0,16.26360321044922,0.2366398125886917,22.884071350097656,0.13457880914211273,recon_dom_01_10
3841,,,,,,,,,,0.4856480062007904,12.522171020507812,0.9919946193695068,13.017739295959473,0.051732130348682404,0.0,0.0,0.0,0.13513079285621643,0.23045367002487183,1.1216919422149658,0.14311909675598145,recon_dom_01_10
3842,,,,,,,,,,2.399901866912842,0.37262406945228577,50.0,3.2725260257720947,0.23310144245624542,0.0,0.0,0.0,30.303464889526367,0.23768582940101624,39.014076232910156,0.1334919035434723,recon_dom_01_10
3843,,,,,,,,,,1.3504364490509033,2.984243631362915,4.528465747833252,4.379964828491211,0.06236471235752106,0.0,0.0,0.0,1.9581202268600464,0.23066410422325134,4.442335605621338,0.1428733617067337,recon_dom_01_10
3844,,,,,,,,,,2.9187264442443848,0.5894978642463684,21.298786163330078,3.721212148666382,0.13278549909591675,0.0,0.0,0.0,11.57236099243164,0.23716814815998077,18.050350189208984,0.1360584795475006,recon_dom_01_10
3845,,,,,,,,,,2.296678304672241,1.1586318016052246,11.25723648071289,3.567882537841797,0.10406772792339325,0.0,0.0,0.0,5.547747611999512,0.23636065423488617,10.303865432739258,0.1358100026845932,recon_dom_01_10
3846,,,,0.0,0.0,0.0,100.0,50.0,100.0,1.5274008512496948,1.8365094661712646,7.2211503982543945,3.436121940612793,0.07143288850784302,0.0002442796831019223,0.0,0.0,3.5387587547302246,0.22915655374526978,6.575449466705322,0.14342281222343445,recon_dom_01_10
3847,,,,,,,,,,1.236616611480713,2.8685736656188965,3.9165759086608887,4.1443562507629395,0.06409350037574768,0.0,0.0,0.0,1.5432460308074951,0.23414868116378784,4.031278133392334,0.13808462023735046,recon_dom_01_10
3848,,,,,,,,,,2.6182289123535156,0.20860281586647034,50.0,3.326831817626953,0.5298062562942505,0.0,0.0,0.0,93.84228515625,0.24297145009040833,109.8552474975586,0.1301160305738449,recon_dom_01_10
3849,,,,,,,,,,1.4803208112716675,1.9555059671401978,5.279733657836914,3.488624095916748,0.0797281265258789,0.0,0.0,0.0,2.3668148517608643,0.2333296835422516,4.95363187789917,0.14129638671875,recon_dom_01_10
3850,,,,,,,,,,1.3010380268096924,5.063947677612305,1.9968945980072021,6.384954452514648,0.06509487330913544,0.0,0.0,0.0,0.49152088165283203,0.23036175966262817,2.285602331161499,0.14061954617500305,recon_dom_01_10
3851,,,,,,,,,,2.7376179695129395,0.24632588028907776,50.0,3.4839439392089844,0.38200727105140686,0.0,0.0,0.0,66.56221771240234,0.24316632747650146,80.19369506835938,0.1312517374753952,recon_dom_01_10
3852,,,,,,,,,,2.1657283306121826,0.22610405087471008,50.0,2.8918323516845703,0.5459505319595337,0.0,0.0,0.0,104.40425109863281,0.24049901962280273,114.58627319335938,0.13180100917816162,recon_dom_01_10
3853,,,,,,,,,,1.8565205335617065,2.1140503883361816,4.659494400024414,4.017165660858154,0.08150480687618256,0.0,0.0,0.0,1.7373008728027344,0.23628219962120056,4.955142974853516,0.13470059633255005,recon_dom_01_10
3854,,,,,,,,,,1.8290891647338867,0.24975629150867462,50.0,2.578845500946045,0.6711676120758057,0.0,0.0,0.0,131.92764282226562,0.24028493463993073,142.97186279296875,0.13292108476161957,recon_dom_01_10
3855,,,,,,,,,,2.6123032569885254,0.3091750144958496,50.0,3.421478271484375,0.2630535066127777,0.0,0.0,0.0,40.76744842529297,0.23719090223312378,50.76641845703125,0.13403353095054626,recon_dom_01_10
3856,,,,0.0,0.0,0.0,100.0,100.0,100.0,1.629286766052246,2.26425838470459,4.529759407043457,3.9388427734375,0.08652850240468979,0.0,0.0,0.0,1.8185113668441772,0.2356986403465271,4.482560157775879,0.1375587284564972,recon_dom_01_10
3857,,,,,,,,,,0.865896463394165,7.269686698913574,1.4126884937286377,8.149709701538086,0.054541170597076416,0.0,0.0,0.0,0.2784292995929718,0.23243537545204163,1.6487603187561035,0.13929705321788788,recon_dom_01_10
3858,,,,,,,,,,1.4705300331115723,1.1613805294036865,9.584099769592285,2.7277514934539795,0.0782112255692482,0.0,0.0,0.0,4.991174697875977,0.2302129715681076,8.328392028808594,0.14652171730995178,recon_dom_01_10
3859,,,,,,,,,,2.1863067150115967,0.35920771956443787,50.0,3.0455143451690674,0.2885851263999939,0.0,0.0,0.0,48.323402404785156,0.23891311883926392,58.35364532470703,0.13413244485855103,recon_dom_01_10
3860,,,,,,,,,,2.877584934234619,0.43813931941986084,40.089359283447266,3.7166178226470947,0.18502233922481537,0.0,0.0,0.0,22.935176849365234,0.24062861502170563,32.38329315185547,0.13362941145896912,recon_dom_01_10
3861,,,,,,,,,,2.567229747772217,0.3568669855594635,50.0,3.4240968227386475,0.2269221544265747,0.0,0.0,0.0,30.369251251220703,0.2398333102464676,39.70243453979492,0.13199511170387268,recon_dom_01_10
3862,,,,,,,,,,2.806051254272461,0.2783539891242981,50.0,3.5844051837921143,0.26513031125068665,0.0,0.0,0.0,32.18964385986328,0.24173006415367126,43.14833068847656,0.13099703192710876,recon_dom_01_10
3863,,,,,,,,,,1.3759777545928955,2.6408984661102295,4.775497913360596,4.06463098526001,0.08198440074920654,0.0,0.0,0.0,2.0148165225982666,0.2384919673204422,4.626613616943359,0.13603436946868896,recon_dom_01_10
3864,,,,,,,,,,1.304187297821045,4.701379776000977,2.2047924995422363,6.027615070343018,0.06750228255987167,0.0,0.0,0.0,0.6118994951248169,0.22849971055984497,2.4365715980529785,0.14245913922786713,recon_dom_01_10
3865,,,,,,,,,,1.857183814048767,0.5486375689506531,32.309478759765625,2.7289161682128906,0.18057824671268463,0.0,0.0,0.0,18.641633987426758,0.2365190088748932,25.455564498901367,0.1352168172597885,recon_dom_01_10
3866,,,,0.0,0.0,0.0,100.0,100.0,100.0,1.1056246757507324,6.0305376052856445,1.5024495124816895,7.151186943054199,0.05026201158761978,0.0,0.0,0.0,0.351834774017334,0.22623947262763977,1.7244831323623657,0.14439168572425842,recon_dom_01_10
3867,,,,,,,,,,2.6251158714294434,0.4844011664390564,26.737010955810547,3.376887083053589,0.17077131569385529,0.0,0.0,0.0,14.812698364257812,0.24213020503520966,22.066164016723633,0.13161930441856384,recon_dom_01_10
3868,,,,,,,,,,2.681605815887451,0.23650144040584564,50.0,3.418107271194458,0.44610756635665894,0.0,0.0,0.0,80.791015625,0.24220985174179077,94.54586791992188,0.13120092451572418,recon_dom_01_10
3869,,,,,,,,,,1.682419776916504,0.5100518465042114,30.022661209106445,2.4926981925964355,0.16350051760673523,0.0,0.0,0.0,17.359529495239258,0.2317371368408203,23.616737365722656,0.14086665213108063,recon_dom_01_10
3870,,,,,,,,,,2.927560329437256,0.4054299294948578,34.73719787597656,3.6803622245788574,0.18482175469398499,0.0,0.0,0.0,19.62535858154297,0.24098140001296997,28.300857543945312,0.1320369690656662,recon_dom_01_10
3871,,,,,,,,,,2.901005268096924,0.3008613884449005,50.0,3.701866626739502,0.24603399634361267,0.0,0.0,0.0,35.52439498901367,0.24137073755264282,45.559120178222656,0.13245120644569397,recon_dom_01_10
3872,,,,,,,,,,1.0303300619125366,5.463433742523193,1.767795205116272,6.511441707611084,0.07026270776987076,0.0,0.0,0.0,0.39294829964637756,0.23139749467372894,1.9728435277938843,0.13971853256225586,recon_dom_01_10
3873,,,,,,,,,,1.6092665195465088,0.600321888923645,25.482528686523438,2.464413642883301,0.12230180203914642,0.0,0.0,0.0,14.73194408416748,0.22974532842636108,20.202808380126953,0.146961510181427,recon_dom_01_10
3874,,,,,,,,,,2.6487815380096436,0.389676034450531,39.612876892089844,3.4345862865448,0.200417160987854,0.0,0.0,0.0,23.05004119873047,0.2394292652606964,31.046884536743164,0.13364948332309723,recon_dom_01_10
3875,,,,,,,,,,2.8115241527557373,0.3877880871295929,50.0,3.699312210083008,0.22478482127189636,0.0,0.0,0.0,30.842470169067383,0.23946931958198547,39.94807052612305,0.1346585750579834,recon_dom_01_10
3876,,,,0.0,0.0,0.0,100.0,100.0,50.0,1.8049368858337402,2.714657783508301,5.258906841278076,4.572183609008789,0.08939936757087708,0.0,0.0,0.0,2.009939193725586,0.23768839240074158,5.529474258422852,0.13464808464050293,recon_dom_01_10
3877,,,,,,,,,,2.2968592643737793,1.2078142166137695,10.676826477050781,3.6114418506622314,0.11870978027582169,0.0,0.0,0.0,5.20143461227417,0.23635703325271606,9.6895112991333,0.13451483845710754,recon_dom_01_10
3878,,,,,,,,,,1.426164984703064,0.1905258446931839,50.0,2.1166908740997314,1.1953513622283936,0.0,0.0,0.0,252.75650024414062,0.2348233461380005,268.73541259765625,0.13859538733959198,recon_dom_01_10
3879,,,,,,,,,,1.749143123626709,0.47477400302886963,37.37748336791992,2.5976920127868652,0.17301248013973236,0.0,0.0,0.0,22.325103759765625,0.23601752519607544,28.29986572265625,0.13784807920455933,recon_dom_01_10
3880,,,,,,,,,,1.1633316278457642,4.410696983337402,50.0,6.074028491973877,2.0443880558013916,0.0,0.0,0.0,420.12933349609375,0.2321699559688568,442.2998352050781,0.13709469139575958,recon_dom_01_10
3881,,,,,,,,,,1.013869047164917,6.5101447105407715,1.982622504234314,7.543839931488037,0.06052415445446968,0.0,0.0,0.0,0.5033991932868958,0.23004284501075745,2.279008388519287,0.14093852043151855,recon_dom_01_10
3882,,,,,,,,,,0.2258835881948471,18.84375,0.46694445610046387,19.074302673339844,0.018948152661323547,0.0,0.0,0.0,0.07178714126348495,0.22823980450630188,0.524989664554596,0.15097714960575104,recon_dom_01_10
3883,,,,,,,,,,2.7558581829071045,0.3024733364582062,50.0,3.5583314895629883,0.2837976813316345,0.0,0.0,0.0,40.83433151245117,0.24155259132385254,51.65989303588867,0.13206222653388977,recon_dom_01_10
3884,,,,,,,,,,1.9763226509094238,2.8922410011291504,50.0,5.368563652038574,1.9536726474761963,0.0,0.0,0.0,418.1702880859375,0.2326602339744568,443.6962585449219,0.13697010278701782,recon_dom_01_10
3885,,,,,,,,,,1.673949122428894,2.6747992038726807,8.457953453063965,4.433327674865723,0.0737781822681427,0.0,0.0,0.0,3.9953033924102783,0.2373574674129486,8.11234188079834,0.13852396607398987,recon_dom_01_10
3886,,,,0.0,0.0,0.0,100.0,100.0,100.0,1.4109705686569214,1.9662715196609497,5.962661266326904,3.436868667602539,0.07724712789058685,0.0,0.0,0.0,2.6416397094726562,0.23560002446174622,5.794928550720215,0.1376156508922577,recon_dom_01_10
3887,,,,,,,,,,1.5269153118133545,0.35437214374542236,50.0,2.3812875747680664,0.21263711154460907,0.0,0.0,0.0,34.929954528808594,0.23934325575828552,42.19571304321289,0.13713005185127258,recon_dom_01_10
3888,,,,,,,,,,0.926066517829895,5.257637023925781,1.9038984775543213,6.202742576599121,0.05700920522212982,0.0,0.0,0.0,0.5603064298629761,0.23085492849349976,2.042057991027832,0.14431512355804443,recon_dom_01_10
3889,,,,,,,,,,2.6660757064819336,0.18570782244205475,50.0,3.351783514022827,0.7999546527862549,0.0,0.0,0.0,166.06248474121094,0.23988077044487,183.01565551757812,0.13211148977279663,recon_dom_01_10
3890,,,,,,,,,,1.5478625297546387,0.21473638713359833,50.0,2.262598991394043,0.9311683773994446,0.0,0.0,0.0,197.99497985839844,0.2402593195438385,215.00437927246094,0.13419261574745178,recon_dom_01_10
3891,,,,,,,,,,2.6477036476135254,0.21169905364513397,50.0,3.359402656555176,0.573392391204834,0.0,0.0,0.0,106.06509399414062,0.24223509430885315,123.14356994628906,0.13095515966415405,recon_dom_01_10
3892,,,,,,,,,,2.2599639892578125,0.2065424621105194,50.0,2.9665064811706543,0.7488162517547607,0.0,0.0,0.0,145.98318481445312,0.24000316858291626,163.03379821777344,0.1335664689540863,recon_dom_01_10
3893,,,,,,,,,,2.687352180480957,0.303386390209198,50.0,3.4907386302948,0.29523760080337524,0.0,0.0,0.0,46.40099334716797,0.24113121628761292,57.175575256347656,0.13255912065505981,recon_dom_01_10
3894,,,,,,,,,,2.529935836791992,0.9567161202430725,11.169328689575195,3.5983452796936035,0.11225561797618866,0.0,0.0,0.0,5.542710304260254,0.23488959670066833,10.05650520324707,0.1359897255897522,recon_dom_01_10
3895,,,,,,,,,,2.75592041015625,0.2429933100938797,50.0,3.4989137649536133,0.4367741644382477,0.0,0.0,0.0,77.18643188476562,0.24204224348068237,91.96040344238281,0.1311137080192566,recon_dom_01_10
3896,,,,0.0,0.0,0.0,100.0,100.0,100.0,1.5130486488342285,0.20312529802322388,50.0,2.2161738872528076,0.9280803203582764,0.0,0.0,0.0,197.0403594970703,0.2382810413837433,215.1081085205078,0.13493698835372925,recon_dom_01_10
3897,,,,,,,,,,1.428083896636963,3.8517112731933594,3.7088170051574707,5.316883563995361,0.08033573627471924,0.0,0.0,0.0,1.2640143632888794,0.23720881342887878,4.011946678161621,0.13429570198059082,recon_dom_01_10
3898,,,,,,,,,,2.686915874481201,0.4492204189300537,40.92279815673828,3.5453643798828125,0.2043897956609726,0.0,0.0,0.0,23.547460556030273,0.2421550750732422,32.63200759887695,0.13169750571250916,recon_dom_01_10
3899,,,,,,,,,,1.1063772439956665,5.662457466125488,2.5872645378112793,6.794707298278809,0.0932147353887558,0.0,0.0,0.0,0.700831413269043,0.23223310708999634,2.7665398120880127,0.13866031169891357,recon_dom_01_10
3900,,,,,,,,,,2.5832576751708984,0.5725548267364502,20.15677261352539,3.3573801517486572,0.16086435317993164,0.0,0.0,0.0,10.628042221069336,0.24055115878582,17.374378204345703,0.13166365027427673,recon_dom_01_10
3901,,,,,,,,,,0.5823632478713989,9.06286334991455,1.0385977029800415,9.65561294555664,0.03357832878828049,0.007151521742343903,0.0,0.0,0.21619273722171783,0.22308272123336792,1.2198197841644287,0.15143676102161407,recon_dom_01_10
3902,,,,,,,,,,2.234287738800049,1.2438853979110718,12.792961120605469,3.606102705001831,0.11152438819408417,0.0,0.0,0.0,6.43817138671875,0.23734034597873688,11.519996643066406,0.1343603879213333,recon_dom_01_10
3903,,,,,,,,,,2.5933637619018555,0.20328475534915924,50.0,3.2966485023498535,0.8239935636520386,0.0,0.0,0.0,165.77200317382812,0.24080830812454224,182.26763916015625,0.1320972889661789,recon_dom_01_10
3904,,,,,,,,,,1.1298251152038574,4.459609508514404,2.483337879180908,5.614267826080322,0.06683036684989929,0.0,0.0,0.0,0.7223513722419739,0.23579731583595276,2.779294013977051,0.1360795497894287,recon_dom_01_10
3905,,,,,,,,,,2.0313010215759277,1.2322341203689575,15.458595275878906,3.418121099472046,0.11500585824251175,0.0,0.0,0.0,8.065357208251953,0.23885208368301392,13.561591148376465,0.13527703285217285,recon_dom_01_10
3906,,,,0.5,50.0,50.0,100.0,100.0,100.0,0.3016224801540375,14.934423446655273,0.6091129779815674,15.24213695526123,0.023930102586746216,0.0,0.0,0.0,0.07813436537981033,0.22062961757183075,0.7464586496353149,0.16035860776901245,recon_dom_01_10
3907,,,,,,,,,,2.4874496459960938,0.3260734975337982,50.0,3.313523054122925,0.31316691637039185,0.0,0.0,0.0,55.002769470214844,0.24234482645988464,66.34718322753906,0.13234248757362366,recon_dom_01_10
3908,,,,,,,,,,1.6625785827636719,1.3397413492202759,12.079154968261719,3.1231114864349365,0.08812510967254639,0.0,0.0,0.0,6.393543243408203,0.23504222929477692,10.414962768554688,0.14001697301864624,recon_dom_01_10
3909,,,,,,,,,,1.2247161865234375,3.642521619796753,3.6984927654266357,4.9042229652404785,0.062048524618148804,0.0,0.0,0.0,1.5422471761703491,0.23136290907859802,3.6174867153167725,0.14123353362083435,recon_dom_01_10
3910,,,,,,,,,,1.592645525932312,0.3500378727912903,50.0,2.442683458328247,0.23775267601013184,0.0,0.0,0.0,38.65003967285156,0.23709306120872498,46.588661193847656,0.13719084858894348,recon_dom_01_10
3911,,,,,,,,,,1.6469635963439941,2.579714775085449,3.3918609619140625,4.260596752166748,0.0967344269156456,0.0,0.0,0.0,1.0819023847579956,0.23371756076812744,3.578369617462158,0.13729962706565857,recon_dom_01_10
3912,,,,,,,,,,0.9621504545211792,3.821748971939087,2.419111728668213,4.808090686798096,0.05493514984846115,0.0,0.0,0.0,0.8315006494522095,0.23628877103328705,2.5506784915924072,0.13967210054397583,recon_dom_01_10
3913,,,,,,,,,,1.9578012228012085,2.041491985321045,5.266563892364502,4.051959037780762,0.08403123170137405,0.0,0.0,0.0,2.1602258682250977,0.23857024312019348,5.297922611236572,0.133639857172966,recon_dom_01_10
3914,,,,,,,,,,2.488719940185547,0.9764930009841919,13.056625366210938,3.5957791805267334,0.09589198231697083,0.0,0.0,0.0,6.725032329559326,0.23852553963661194,11.629297256469727,0.1363285332918167,recon_dom_01_10
3915,,,,,,,,,,1.3571197986602783,4.346072673797607,2.962388753890991,5.732816219329834,0.04751664027571678,0.0,0.0,0.0,1.085889220237732,0.23375371098518372,3.2031960487365723,0.13943064212799072,recon_dom_01_10
3916,,,,0.0,0.0,0.0,100.0,50.0,100.0,1.8063567876815796,0.2821100652217865,50.0,2.5884668827056885,0.3461075723171234,0.0,0.0,0.0,63.457977294921875,0.23647628724575043,74.52989959716797,0.13575226068496704,recon_dom_01_10
3917,,,,,,,,,,2.3050811290740967,0.25662916898727417,50.0,3.0617103576660156,0.30694258213043213,0.0,0.0,0.0,48.42039108276367,0.23909449577331543,58.20183181762695,0.1333988904953003,recon_dom_01_10
3918,,,,,,,,,,1.9900583028793335,0.931134045124054,13.40642261505127,3.0552566051483154,0.0920792818069458,0.0,0.0,0.0,7.303114414215088,0.22974953055381775,11.211382865905762,0.1424555629491806,recon_dom_01_10
3919,,,,,,,,,,1.2995474338531494,1.9217363595962524,3.378007411956787,3.255063772201538,0.05651663988828659,0.0,0.0,0.0,1.324627161026001,0.2147693783044815,3.4668092727661133,0.15915179252624512,recon_dom_01_10
3920,,,,,,,,,,2.8031649589538574,0.2390970140695572,50.0,3.542262077331543,0.29541364312171936,0.0,0.0,0.0,44.00154113769531,0.24181529879570007,56.06279754638672,0.13129475712776184,recon_dom_01_10
3921,,,,,,,,,,2.820915699005127,0.34531110525131226,27.44129180908203,3.4406397342681885,0.16306374967098236,0.0,0.0,0.0,15.484563827514648,0.2415703535079956,22.208215713500977,0.13146036863327026,recon_dom_01_10
3922,,,,,,,,,,2.5530853271484375,0.4513343572616577,19.9384765625,3.2038044929504395,0.12661927938461304,0.0,0.0,0.0,11.063573837280273,0.23892027139663696,16.409082412719727,0.1337433159351349,recon_dom_01_10
3923,,,,,,,,,,2.4483752250671387,0.27049562335014343,50.0,3.2188708782196045,0.3291897177696228,0.0,0.0,0.0,54.43589401245117,0.24067756533622742,65.85511016845703,0.1319921612739563,recon_dom_01_10
3924,,,,,,,,,,0.5681704878807068,11.557680130004883,0.5998395681381226,12.13184928894043,0.026588115841150284,0.0,0.0,0.0,0.08709493279457092,0.21675550937652588,0.6839190125465393,0.16169027984142303,recon_dom_01_10
3925,,,,,,,,,,2.5599849224090576,0.5604662299156189,13.966480255126953,3.2601158618927,0.1250465214252472,0.0,0.0,0.0,7.187309265136719,0.2389105260372162,12.233511924743652,0.13291248679161072,recon_dom_01_10
3926,,,,0.0,0.0,0.0,100.0,100.0,100.0,1.250983476638794,6.333095073699951,1.6645750999450684,7.600724220275879,0.055811136960983276,0.0,0.0,0.0,0.3667980134487152,0.2330898493528366,1.9631623029708862,0.13831353187561035,recon_dom_01_10
3927,,,,,,,,,,2.0267114639282227,0.3402405083179474,50.0,2.8669519424438477,0.23167107999324799,0.0,0.0,0.0,34.466739654541016,0.2378658652305603,42.83037567138672,0.13516484200954437,recon_dom_01_10
3928,,,,,,,,,,2.99491548538208,0.33222076296806335,30.458648681640625,3.6317226886749268,0.18674692511558533,0.0,0.0,0.0,16.95016098022461,0.24121013283729553,25.07494354248047,0.13159401714801788,recon_dom_01_10
3929,,,,,,,,,,1.9370744228363037,1.5262904167175293,6.8199005126953125,3.5315637588500977,0.08661530911922455,0.0,0.0,0.0,3.1483006477355957,0.23766835033893585,6.402491569519043,0.13509884476661682,recon_dom_01_10
3930,,,,,,,,,,2.0473270416259766,2.514070510864258,2.717453718185425,4.588572025299072,0.06614279001951218,0.0,0.0,0.0,0.8354400396347046,0.23410329222679138,3.028252601623535,0.13763242959976196,recon_dom_01_10
3931,,,,,,,,,,2.7641007900238037,0.1645863950252533,50.0,3.42868709564209,0.75936359167099,0.0,0.0,0.0,151.64967346191406,0.24239429831504822,169.81689453125,0.13109788298606873,recon_dom_01_10
3932,,,,,,,,,,2.8725552558898926,0.43256327509880066,18.565021514892578,3.4907686710357666,0.1334625780582428,0.0,0.0,0.0,9.81965160369873,0.2393718957901001,16.081512451171875,0.13365314900875092,recon_dom_01_10
3933,,,,,,,,,,2.4897401332855225,0.20602905750274658,50.0,3.1957693099975586,0.43503397703170776,0.0,0.0,0.0,74.65834045410156,0.24006026983261108,87.42012023925781,0.1322387158870697,recon_dom_01_10
3934,,,,,,,,,,2.107043743133545,0.17392893135547638,50.0,2.780972719192505,0.7878519892692566,0.0,0.0,0.0,166.33218383789062,0.23633502423763275,181.79148864746094,0.1348842978477478,recon_dom_01_10
3935,,,,,,,,,,2.8368940353393555,0.7598384022712708,12.37757682800293,3.720508098602295,0.1163446307182312,0.0,0.0,0.0,5.9644622802734375,0.23589429259300232,11.588571548461914,0.13516370952129364,recon_dom_01_10
3936,,,,0.0,0.0,0.0,100.0,50.0,50.0,2.8429410457611084,0.41767174005508423,29.722881317138672,3.5578415393829346,0.16514447331428528,0.0,0.0,0.0,16.884910583496094,0.23944543302059174,23.949800491333008,0.13402976095676422,recon_dom_01_10
3937,,,,,,,,,,2.1692447662353516,0.3435216248035431,50.0,3.0127663612365723,0.20944836735725403,0.0,0.0,0.0,31.0487117767334,0.23694977164268494,39.17039489746094,0.13668259978294373,recon_dom_01_10
3938,,,,,,,,,,1.8116130828857422,1.5585782527923584,7.1774702072143555,3.4419660568237305,0.07010851800441742,0.0,0.0,0.0,3.41723370552063,0.239342600107193,6.7443695068359375,0.13574635982513428,recon_dom_01_10
3939,,,,,,,,,,2.1306331157684326,1.350896954536438,6.69171667098999,3.5484471321105957,0.1043657660484314,0.0,0.0,0.0,2.9926321506500244,0.2312513291835785,6.280672073364258,0.13794609904289246,recon_dom_01_10
3940,,,,,,,,,,1.9842828512191772,0.5842347145080566,28.872520446777344,2.8572428226470947,0.16068002581596375,0.0,0.0,0.0,16.61306381225586,0.2379394769668579,22.837482452392578,0.1352306604385376,recon_dom_01_10
3941,,,,,,,,,,2.575392961502075,0.4940742254257202,23.53293800354004,3.3047964572906494,0.13321182131767273,0.0,0.0,0.0,13.210968017578125,0.2381434440612793,19.237470626831055,0.1336037516593933,recon_dom_01_10
3942,,,,,,,,,,2.8464667797088623,0.2560916543006897,50.0,3.6025583744049072,0.3550954759120941,0.0,0.0,0.0,56.55085754394531,0.24155282974243164,69.41050720214844,0.13106973469257355,recon_dom_01_10
3943,,,,,,,,,,2.6937246322631836,0.8152584433555603,12.80245590209961,3.637007713317871,0.11085791885852814,0.0,0.0,0.0,6.396797180175781,0.2396571785211563,11.628177642822266,0.13314661383628845,recon_dom_01_10
3944,,,,,,,,,,2.372225761413574,0.6861328482627869,21.223934173583984,3.2705979347229004,0.1276177167892456,0.0,0.0,0.0,11.920283317565918,0.239042267203331,17.2564640045166,0.13428102433681488,recon_dom_01_10
3945,,,,,,,,,,2.7646656036376953,0.32799655199050903,50.0,3.5926620960235596,0.2608002722263336,0.0,0.0,0.0,33.959632873535156,0.24292218685150146,45.194305419921875,0.13059672713279724,recon_dom_01_10
3946,,,,0.0,0.0,0.0,100.0,0.0,100.0,2.165468454360962,1.1112297773361206,10.092926025390625,3.377627372741699,0.12995591759681702,0.0,0.0,0.0,4.750895977020264,0.23805716633796692,9.310182571411133,0.13353893160820007,recon_dom_01_10
3947,,,,,,,,,,0.48051175475120544,12.782538414001465,0.6987956166267395,13.270037651062012,0.027378536760807037,0.0,0.0,0.0,0.08376895636320114,0.22796101868152618,0.880709171295166,0.14983299374580383,recon_dom_01_10
3948,,,,,,,,,,2.519408702850342,1.0499475002288818,11.63359546661377,3.685692071914673,0.10530512779951096,0.0,0.0,0.0,5.643336772918701,0.23935699462890625,10.85279655456543,0.13399317860603333,recon_dom_01_10
3949,,,,,,,,,,1.8008897304534912,0.32744669914245605,50.0,2.6283364295959473,0.30104392766952515,0.0,0.0,0.0,48.907188415527344,0.2366732358932495,58.612510681152344,0.13541947305202484,recon_dom_01_10
3950,,,,,,,,,,0.7311558723449707,9.806705474853516,1.202831506729126,10.54988956451416,0.06108235940337181,0.0,0.0,0.0,0.17271068692207336,0.22761744260787964,1.3751436471939087,0.14375457167625427,recon_dom_01_10
3951,,,,,,,,,,0.7164680361747742,7.667078495025635,1.365570306777954,8.397202491760254,0.10051865875720978,0.0,0.0,0.0,0.17544770240783691,0.23089778423309326,1.3009109497070312,0.13984107971191406,recon_dom_01_10
3952,,,,0.0,0.0,0.0,100.0,100.0,50.0,1.63106107711792,0.9956761598587036,12.237808227539062,2.749115228652954,0.09169033169746399,0.0,0.0,0.0,6.544316291809082,0.23520749807357788,10.395448684692383,0.13794878125190735,recon_dom_01_10
3953,,,,,,,,,,1.6716859340667725,2.31746244430542,5.659278392791748,4.045741081237793,0.06588377058506012,0.0,0.0,0.0,2.5759880542755127,0.23364844918251038,5.433476448059082,0.13768413662910461,recon_dom_01_10
3954,,,,,,,,,,1.8959369659423828,0.5691055059432983,35.61141586303711,2.8211567401885986,0.16781507432460785,0.0,0.0,0.0,20.946746826171875,0.2394719421863556,27.576522827148438,0.13383127748966217,recon_dom_01_10
3955,,,,,,,,,,1.5624091625213623,3.2686100006103516,2.370687484741211,4.8547258377075195,0.06774873286485672,0.0,0.0,0.0,0.6523041725158691,0.2326822578907013,2.685093402862549,0.1382473111152649,recon_dom_01_10
3956,,,,,,,,,,1.3579109907150269,2.6703405380249023,2.913381338119507,4.057385444641113,0.06251934170722961,0.0,0.0,0.0,1.0081745386123657,0.2306366264820099,3.1107699871063232,0.14161357283592224,recon_dom_01_10
3957,,,,,,,,,,1.705708384513855,0.6416400671005249,19.24602508544922,2.539808750152588,0.1124851331114769,0.0,0.0,0.0,10.627304077148438,0.23342490196228027,16.037473678588867,0.1421581208705902,recon_dom_01_10
3958,,,,,,,,,,2.208846092224121,1.3757930994033813,7.042985439300537,3.65506911277771,0.09298492223024368,0.0,0.0,0.0,3.214693069458008,0.2356232851743698,6.652401447296143,0.13604554533958435,recon_dom_01_10
3959,,,,,,,,,,2.863581418991089,0.41682976484298706,33.80711364746094,3.6184823513031006,0.18746723234653473,0.0,0.0,0.0,19.18697738647461,0.24077706038951874,27.290912628173828,0.13264773786067963,recon_dom_01_10
3960,,,,,,,,,,1.1049960851669312,4.350792407989502,2.0467400550842285,5.476255893707275,0.08445094525814056,0.0,0.0,0.0,0.49871787428855896,0.23427040874958038,2.1771080493927,0.1378633975982666,recon_dom_01_10
3961,,,,,,,,,,1.8257296085357666,0.33658891916275024,50.0,2.662318468093872,0.21082447469234467,0.0,0.0,0.0,32.98574447631836,0.2389191836118698,40.57283020019531,0.13454218208789825,recon_dom_01_10
3962,,,,0.0,0.0,0.0,100.0,50.0,100.0,2.5100173950195312,0.6276468634605408,12.424263000488281,3.261906862258911,0.10736940801143646,0.0,0.0,0.0,6.398096084594727,0.23970317840576172,10.903969764709473,0.1336517632007599,recon_dom_01_10
3963,,,,,,,,,,3.0129008293151855,0.5767516493797302,15.857402801513672,3.7482264041900635,0.11648711562156677,0.0,0.0,0.0,8.221607208251953,0.23594829440116882,14.032318115234375,0.13604894280433655,recon_dom_01_10
3964,,,,,,,,,,2.942147731781006,0.381154328584671,29.123933792114258,3.6145412921905518,0.1580820083618164,0.0,0.0,0.0,16.486495971679688,0.23558998107910156,23.61996078491211,0.13488005101680756,recon_dom_01_10
3965,,,,,,,,,,2.518331527709961,0.14177288115024567,50.0,3.160104513168335,1.2764605283737183,0.0,0.0,0.0,263.13092041015625,0.24354711174964905,289.46942138671875,0.12963497638702393,recon_dom_01_10
3966,,,,,,,,,,2.512669563293457,0.13810104131698608,50.0,3.150770664215088,1.5174474716186523,0.0,0.0,0.0,321.85662841796875,0.24350228905677795,351.55731201171875,0.12993404269218445,recon_dom_01_10
3967,,,,,,,,,,1.8045930862426758,1.0051692724227905,12.43981647491455,2.9341604709625244,0.0891336053609848,0.0,0.0,0.0,6.574934959411621,0.2365184724330902,10.763814926147461,0.13654738664627075,recon_dom_01_10
3968,,,,,,,,,,2.0553171634674072,0.8352449536323547,12.208467483520508,3.0126466751098633,0.1085377037525177,0.0,0.0,0.0,6.240180015563965,0.23586761951446533,10.776979446411133,0.1352262645959854,recon_dom_01_10
3969,,,,,,,,,,3.035809278488159,0.5019093751907349,15.53943157196045,3.693112850189209,0.11273090541362762,0.0,0.0,0.0,8.13515567779541,0.23853904008865356,13.606648445129395,0.13442611694335938,recon_dom_01_10
3970,,,,,,,,,,2.4544737339019775,1.1839903593063354,5.83088493347168,3.696773052215576,0.08103799819946289,0.0,0.0,0.0,2.4259583950042725,0.23641030490398407,5.9252424240112305,0.13474057614803314,recon_dom_01_10
3971,,,,,,,,,,1.066525936126709,5.878873825073242,1.5866069793701172,6.961266040802002,0.056804291903972626,0.0,0.0,0.0,0.3705306947231293,0.23127710819244385,1.7896888256072998,0.14082767069339752,recon_dom_01_10
3972,,,,0.0,0.0,0.0,100.0,50.0,50.0,2.96366024017334,0.33835479617118835,38.00988006591797,3.6821138858795166,0.19641661643981934,0.0,0.0,0.0,21.68901252746582,0.24078583717346191,30.60297966003418,0.13215938210487366,recon_dom_01_10
3973,,,,,,,,,,2.3798952102661133,0.9984354376792908,6.2141876220703125,3.4404726028442383,0.09767831861972809,0.0,0.0,0.0,2.5521063804626465,0.23777194321155548,6.273170471191406,0.1332745999097824,recon_dom_01_10
3974,,,,,,,,,,1.6299400329589844,0.22745583951473236,50.0,2.357395887374878,0.3435351848602295,0.007558660116046667,0.0,0.0,65.12641143798828,0.23173514008522034,75.0481185913086,0.14523372054100037,recon_dom_01_10
3975,,,,,,,,,,2.6057918071746826,0.14880649745464325,50.0,3.254598379135132,0.9065269231796265,0.0,0.0,0.0,189.12002563476562,0.2378104329109192,206.15802001953125,0.1359390765428543,recon_dom_01_10
3976,,,,,,,,,,2.058556079864502,0.31546810269355774,48.39226150512695,2.8579468727111816,0.20253054797649384,0.0,0.0,0.0,29.10073471069336,0.23589029908180237,36.483211517333984,0.13676434755325317,recon_dom_01_10
3977,,,,,,,,,,1.189035177230835,5.155534267425537,1.4831585884094238,6.359401226043701,0.06830772757530212,0.0,0.0,0.0,0.2727992534637451,0.22781838476657867,1.6633753776550293,0.14351139962673187,recon_dom_01_10
3978,,,,,,,,,,2.8000543117523193,0.47165510058403015,15.932174682617188,3.4310312271118164,0.12209060788154602,0.0,0.0,0.0,8.315858840942383,0.2390284240245819,13.93698501586914,0.1346709430217743,recon_dom_01_10
3979,,,,,,,,,,2.00366473197937,0.17403391003608704,50.0,2.6776986122131348,0.7178136110305786,0.0,0.0,0.0,147.04664611816406,0.24052587151527405,161.9984588623047,0.134614035487175,recon_dom_01_10
3980,,,,,,,,,,1.6990602016448975,2.6322953701019287,3.0697004795074463,4.3620524406433105,0.06346592307090759,0.0,0.0,0.0,1.1236836910247803,0.23219504952430725,3.1829590797424316,0.1398804932832718,recon_dom_01_10
3981,,,,,,,,,,2.7534196376800537,0.44727450609207153,16.17902374267578,3.3624844551086426,0.12431660294532776,0.0,0.0,0.0,8.416358947753906,0.2374214231967926,14.207616806030273,0.13531261682510376,recon_dom_01_10
3982,,,,0.0,0.0,0.0,100.0,50.0,50.0,1.8239896297454834,0.3666737973690033,50.0,2.6906633377075195,0.30548095703125,0.0,0.0,0.0,48.150028228759766,0.23872506618499756,57.28084945678711,0.13349944353103638,recon_dom_01_10
3983,,,,,,,,,,1.7631430625915527,0.2268914133310318,50.0,2.490034580230713,0.3226953148841858,0.0,0.0,0.0,58.9105224609375,0.23174704611301422,69.7054443359375,0.14110293984413147,recon_dom_01_10
3984,,,,,,,,,,1.9210013151168823,0.5353329181671143,18.50691032409668,2.6414034366607666,0.12667351961135864,0.0,0.0,0.0,10.258282661437988,0.23761016130447388,15.155869483947754,0.135627880692482,recon_dom_01_10
3985,,,,,,,,,,1.7704901695251465,0.5271045565605164,26.03025245666504,2.5578973293304443,0.12299984693527222,0.0,0.0,0.0,15.135197639465332,0.22962185740470886,20.485353469848633,0.14414650201797485,recon_dom_01_10
3986,,,,,,,,,,0.8948199152946472,6.0205278396606445,1.7412652969360352,6.932760238647461,0.0545303076505661,0.0,0.0,0.0,0.41039103269577026,0.23506617546081543,2.041919708251953,0.1375623643398285,recon_dom_01_10
3987,,,,,,,,,,1.6472314596176147,0.21021857857704163,50.0,2.357450008392334,0.5873465538024902,0.0,0.0,0.0,111.1119613647461,0.239637553691864,124.59355926513672,0.1339038908481598,recon_dom_01_10
3988,,,,,,,,,,1.4826525449752808,0.16140161454677582,50.0,2.1440541744232178,1.1664824485778809,0.0010471701389178634,0.0,0.0,246.18380737304688,0.2382327914237976,263.4723815917969,0.1361691951751709,recon_dom_01_10
3989,,,,,,,,,,1.5996575355529785,0.26206734776496887,50.0,2.361724853515625,0.3243747651576996,0.00011581632861634716,0.0,0.0,61.7480583190918,0.22784698009490967,72.01807403564453,0.14461427927017212,recon_dom_01_10
3990,,,,,,,,,,1.2081376314163208,5.9600043296813965,1.918370008468628,7.187325477600098,0.05151565372943878,0.0,0.0,0.0,0.46732935309410095,0.2291715145111084,2.3129615783691406,0.1406438797712326,recon_dom_01_10
3991,,,,,,,,,,2.8722081184387207,0.42907869815826416,27.50946617126465,3.5763814449310303,0.15878957509994507,0.0,0.0,0.0,15.453474998474121,0.2397366762161255,22.449487686157227,0.1332709640264511,recon_dom_01_10
3992,,,,0.0,0.0,0.0,100.0,100.0,100.0,1.9368629455566406,0.1961502879858017,50.0,2.6330132484436035,0.8578222393989563,0.0,0.0,0.0,168.4070587158203,0.23455554246902466,186.41183471679688,0.13684555888175964,recon_dom_01_10
3993,,,,,,,,,,2.626150608062744,0.8662382960319519,10.725318908691406,3.599642038345337,0.1173136904835701,0.0,0.0,0.0,5.183260917663574,0.23561444878578186,9.836898803710938,0.13479068875312805,recon_dom_01_10
3994,,,,,,,,,,2.7623581886291504,0.2394305020570755,50.0,3.50178861618042,0.3264803886413574,0.0,0.0,0.0,48.127925872802734,0.24169085919857025,59.125091552734375,0.13102057576179504,recon_dom_01_10
3995,,,,,,,,,,0.3816095292568207,13.089460372924805,0.8319282531738281,13.479389190673828,0.04340798780322075,0.0,0.0,0.0,0.11784490942955017,0.2299654185771942,0.9190654754638672,0.14514073729515076,recon_dom_01_10
3996,,,,,,,,,,0.641463577747345,10.50044059753418,1.1629520654678345,11.153533935546875,0.0392596609890461,1.4424824712477857e-07,0.0,0.0,0.23086893558502197,0.22058388590812683,1.3977420330047607,0.14855247735977173,recon_dom_01_10
3997,,,,,,,,,,1.7407721281051636,1.3955332040786743,12.657330513000488,3.262878656387329,0.10873976349830627,0.0,0.0,0.0,6.636876583099365,0.23605400323867798,10.878787994384766,0.13755503296852112,recon_dom_01_10
3998,,,,,,,,,,2.4780752658843994,0.9416508674621582,15.26358413696289,3.572361946105957,0.1185542643070221,0.0,0.0,0.0,7.823198318481445,0.23844030499458313,13.620809555053711,0.13366271555423737,recon_dom_01_10
3999,,,,,,,,,,2.690567970275879,0.77914959192276,17.45052146911621,3.6442227363586426,0.12838536500930786,0.0,0.0,0.0,9.16232681274414,0.23988471925258636,15.217906951904297,0.13326317071914673,recon_dom_01_10
4000,,,,,,,,,,1.657873511314392,1.963440179824829,7.8692946434021,3.7000067234039307,0.1099655032157898,0.0,0.0,0.0,3.6523141860961914,0.2351066768169403,7.2601494789123535,0.13567715883255005,recon_dom_01_10
4001,,,,,,,,,,2.3794198036193848,0.705135703086853,21.035858154296875,3.2949140071868896,0.1456327587366104,0.0,0.0,0.0,11.397422790527344,0.23898211121559143,17.746122360229492,0.13313892483711243,recon_dom_01_10
4002,,,,0.0,0.0,0.0,100.0,0.0,100.0,1.8028016090393066,3.46197509765625,4.703735828399658,5.311813831329346,0.07518969476222992,0.0,0.0,0.0,1.7920106649398804,0.23377837240695953,4.997652530670166,0.1357264220714569,recon_dom_01_10
4003,,,,,,,,,,2.3708763122558594,1.185442566871643,8.972108840942383,3.6460399627685547,0.09913276135921478,0.0,0.0,0.0,4.182285308837891,0.23918446898460388,8.513941764831543,0.13271135091781616,recon_dom_01_10
4004,,,,,,,,,,2.7368075847625732,0.30215319991111755,50.0,3.5389606952667236,0.23211795091629028,0.0,0.0,0.0,31.516447067260742,0.238784521818161,40.99353790283203,0.13345018029212952,recon_dom_01_10
4005,,,,,,,,,,0.6045099496841431,9.893332481384277,0.9472124576568604,10.507314682006836,0.051644936203956604,0.0,0.0,0.0,0.13499559462070465,0.22388526797294617,1.033665657043457,0.14770787954330444,recon_dom_01_10
4006,,,,,,,,,,2.508134126663208,0.21386998891830444,50.0,3.2220041751861572,0.44601529836654663,0.0,0.0,0.0,86.81148529052734,0.24007073044776917,99.22113800048828,0.1335875540971756,recon_dom_01_10
4007,,,,,,,,,,2.5958104133605957,0.15792778134346008,50.0,3.2537381649017334,1.266709566116333,0.0,0.0,0.0,273.28826904296875,0.24138665199279785,284.981689453125,0.13184571266174316,recon_dom_01_10
4008,,,,,,,,,,2.02901554107666,1.232074499130249,9.50079345703125,3.356097936630249,0.12169049680233002,0.0,0.0,0.0,4.452959060668945,0.2362050563097,8.804646492004395,0.13437631726264954,recon_dom_01_10
4009,,,,,,,,,,2.738708019256592,0.7050712704658508,17.104087829589844,3.6148202419281006,0.12131285667419434,0.0,0.0,0.0,9.047994613647461,0.23731818795204163,14.824563026428223,0.13515719771385193,recon_dom_01_10
4010,,,,,,,,,,1.747580885887146,0.35281607508659363,42.94731521606445,2.52987003326416,0.20045877993106842,0.0,0.0,0.0,25.641752243041992,0.2359086573123932,32.53207015991211,0.13646508753299713,recon_dom_01_10
4011,,,,,,,,,,2.900604009628296,0.2642153799533844,46.42483901977539,3.629067897796631,0.22226452827453613,0.0,0.0,0.0,26.95309066772461,0.24067197740077972,36.64636993408203,0.13172006607055664,recon_dom_01_10
4012,,,,0.0,0.0,0.0,100.0,50.0,100.0,2.3163509368896484,1.2581186294555664,6.194942951202393,3.6364190578460693,0.09111303091049194,0.0,0.0,0.0,2.691525936126709,0.23644070327281952,6.021359920501709,0.13528335094451904,recon_dom_01_10
4013,,,,,,,,,,1.9599618911743164,1.0936189889907837,11.425188064575195,3.167832851409912,0.12887254357337952,0.0,0.0,0.0,5.783845901489258,0.23895391821861267,9.919395446777344,0.13386361300945282,recon_dom_01_10
4014,,,,,,,,,,2.899857521057129,0.316264271736145,45.296810150146484,3.6690897941589355,0.20889726281166077,0.0,0.0,0.0,26.634262084960938,0.23963280022144318,35.16154861450195,0.1332303285598755,recon_dom_01_10
4015,,,,,,,,,,2.818113088607788,0.20613661408424377,50.0,3.524249792098999,0.30221307277679443,0.0,0.0,0.0,42.32343292236328,0.24198681116104126,53.735294342041016,0.13101017475128174,recon_dom_01_10
4016,,,,,,,,,,2.3169727325439453,0.15641777217388153,50.0,2.973390579223633,1.142038106918335,0.0,0.0,0.0,238.13560485839844,0.23924961686134338,256.8735046386719,0.13246676325798035,recon_dom_01_10
4017,,,,,,,,,,1.268712043762207,4.663815975189209,1.957720398902893,5.9521050453186035,0.05923297628760338,5.503490683622658e-06,0.0,0.0,0.5656211376190186,0.23078623414039612,2.1170034408569336,0.1434851586818695,recon_dom_01_10
4018,,,,,,,,,,2.5187790393829346,0.1988358497619629,50.0,3.2176148891448975,0.4715922772884369,0.0,0.0,0.0,92.60905456542969,0.23912307620048523,106.04047393798828,0.13502103090286255,recon_dom_01_10
4019,,,,,,,,,,1.3107749223709106,3.418314218521118,2.302703857421875,4.7521162033081055,0.045190900564193726,0.0,0.0,0.0,0.8082455396652222,0.23567813634872437,2.4621918201446533,0.138403058052063,recon_dom_01_10
4020,,,,,,,,,,0.7239538431167603,7.782738208770752,1.1223270893096924,8.517915725708008,0.04391441494226456,0.0,0.0,0.0,0.1774488389492035,0.23529666662216187,1.3761279582977295,0.13712462782859802,recon_dom_01_10
4021,,,,,,,,,,1.8433064222335815,2.1842079162597656,4.093168258666992,4.068446159362793,0.06536559760570526,0.0,0.0,0.0,1.602301836013794,0.23816439509391785,4.2534708976745605,0.13486585021018982,recon_dom_01_10
4022,,,,0.0,0.0,0.0,100.0,100.0,100.0,1.9474241733551025,1.7389436960220337,6.712993144989014,3.753497838973999,0.07602221518754959,0.0,0.0,0.0,3.1068503856658936,0.2351311445236206,6.377045631408691,0.139959454536438,recon_dom_01_10
4023,,,,,,,,,,3.0042333602905273,0.3630886971950531,30.76131820678711,3.6749353408813477,0.16453205049037933,0.0,0.0,0.0,17.340612411499023,0.23851585388183594,25.121536254882812,0.13425210118293762,recon_dom_01_10
4024,,,,,,,,,,1.911928653717041,0.18606585264205933,50.0,2.597994565963745,1.461567997932434,0.0,0.0,0.0,319.05596923828125,0.2332541048526764,338.8329162597656,0.1377418041229248,recon_dom_01_10
4025,,,,,,,,,,2.6347014904022217,0.2535719871520996,49.86452102661133,3.386918783187866,0.23368985950946808,0.0,0.0,0.0,29.491405487060547,0.24056345224380493,38.334815979003906,0.13201867043972015,recon_dom_01_10
4026,,,,,,,,,,0.8697301745414734,7.340500354766846,1.1655683517456055,8.22188663482666,0.05092296749353409,0.0,0.0,0.0,0.17825549840927124,0.23057560622692108,1.3907910585403442,0.1424483358860016,recon_dom_01_10
4027,,,,,,,,,,1.777130126953125,2.0536131858825684,6.432312488555908,3.895066499710083,0.07659601420164108,0.0,0.0,0.0,3.0016252994537354,0.23828312754631042,6.020404815673828,0.13676570355892181,recon_dom_01_10
4028,,,,,,,,,,1.2771236896514893,3.0297656059265137,2.1929938793182373,4.328819274902344,0.04455317556858063,0.0,0.0,0.0,0.7188079953193665,0.22723717987537384,2.4282145500183105,0.14589083194732666,recon_dom_01_10
4029,,,,,,,,,,2.2150113582611084,1.6522926092147827,6.005921363830566,3.927363157272339,0.08643797039985657,0.0,0.0,0.0,2.602465867996216,0.23557353019714355,5.868289470672607,0.13562902808189392,recon_dom_01_10
4030,,,,,,,,,,1.621984839439392,0.9857318997383118,7.847352504730225,2.686190366744995,0.0874575525522232,0.0,0.0,0.0,3.7727818489074707,0.23531916737556458,7.199742794036865,0.13879334926605225,recon_dom_01_10
4031,,,,,,,,,,1.7314834594726562,0.36146071553230286,32.60716247558594,2.419015884399414,0.14639797806739807,0.022947611287236214,0.0,0.0,19.24123764038086,0.23935748636722565,25.147279739379883,0.13413259387016296,recon_dom_01_10
4032,,,,0.0,0.0,0.0,100.0,50.0,50.0,2.6726999282836914,0.43664464354515076,20.753543853759766,3.316879987716675,0.14380156993865967,0.0,0.0,0.0,11.19320011138916,0.24134257435798645,17.6080379486084,0.13182109594345093,recon_dom_01_10
4033,,,,,,,,,,2.980635166168213,0.24533070623874664,47.33559036254883,3.699321746826172,0.225630521774292,0.0,0.0,0.0,27.462352752685547,0.24061504006385803,37.415687561035156,0.13173961639404297,recon_dom_01_10
4034,,,,,,,,,,1.353073000907898,6.187363147735596,2.3955140113830566,7.564391136169434,0.04443658888339996,0.0,0.0,0.0,0.7290591597557068,0.2355121672153473,2.8133115768432617,0.14065060019493103,recon_dom_01_10
4035,,,,,,,,,,1.5191601514816284,2.8306264877319336,2.4479780197143555,4.374266624450684,0.05901040881872177,1.833147689467296e-05,0.0,0.0,0.8129687905311584,0.22864732146263123,2.6055283546447754,0.143099844455719,recon_dom_01_10
4036,,,,,,,,,,2.989170789718628,0.23163358867168427,50.0,3.720804452896118,0.29203733801841736,0.0,0.0,0.0,44.03257369995117,0.2408057451248169,56.190589904785156,0.13233694434165955,recon_dom_01_10
4037,,,,,,,,,,1.850420355796814,2.660721778869629,2.8885793685913086,4.540028095245361,0.08110111951828003,0.0,0.0,0.0,0.8751024603843689,0.23397278785705566,3.1418004035949707,0.13673725724220276,recon_dom_01_10
4038,,,,,,,,,,1.5995087623596191,1.0178977251052856,8.20829963684082,2.6994895935058594,0.0727224349975586,0.0,0.0,0.0,4.105805397033691,0.22310924530029297,7.4020514488220215,0.155446857213974,recon_dom_01_10
4039,,,,,,,,,,2.732067108154297,0.7841959595680237,7.705663681030273,3.5933196544647217,0.09549201279878616,0.0,0.0,0.0,3.5031023025512695,0.23822152614593506,7.375576972961426,0.13490521907806396,recon_dom_01_10
4040,,,,,,,,,,1.7648042440414429,1.7743240594863892,4.365623474121094,3.582784652709961,0.05469755828380585,0.0,0.0,0.0,1.8160706758499146,0.23046240210533142,4.476927757263184,0.1455458253622055,recon_dom_01_10
4041,,,,,,,,,,2.493042230606079,0.2629461884498596,50.0,3.255988359451294,0.29862311482429504,0.0,0.0,0.0,48.4963264465332,0.2377612590789795,58.84819793701172,0.13391020894050598,recon_dom_01_10
4042,,,,0.0,0.0,0.0,100.0,50.0,100.0,2.585017681121826,0.6294460296630859,9.500967025756836,3.3094732761383057,0.11577500402927399,0.0,0.0,0.0,4.408884525299072,0.23608842492103577,8.952220916748047,0.13488662242889404,recon_dom_01_10
4043,,,,,,,,,,2.097956657409668,0.37828314304351807,39.445396423339844,2.8706936836242676,0.18549327552318573,0.0,0.0,0.0,23.23697280883789,0.236477792263031,30.487215042114258,0.13702455163002014,recon_dom_01_10
4044,,,,,,,,,,1.8493738174438477,1.1258505582809448,5.298354148864746,3.028208017349243,0.07732469588518143,0.0,0.0,0.0,2.363391876220703,0.23632586002349854,5.022042751312256,0.13685151934623718,recon_dom_01_10
4045,,,,,,,,,,2.143205165863037,1.0906049013137817,5.840329170227051,3.2922134399414062,0.08492767065763474,0.0,0.0,0.0,2.5631492137908936,0.23725491762161255,5.630375385284424,0.13628944754600525,recon_dom_01_10
4046,,,,,,,,,,1.7394355535507202,1.6920561790466309,2.857876777648926,3.4600706100463867,0.04702731966972351,0.0,0.0,0.0,1.103797197341919,0.2292778491973877,2.962606906890869,0.1471155881881714,recon_dom_01_10
4047,,,,,,,,,,2.9028940200805664,0.4853062331676483,12.654335021972656,3.5147435665130615,0.11680170893669128,0.0,0.0,0.0,6.306296348571777,0.2370469570159912,11.453554153442383,0.13548144698143005,recon_dom_01_10
4048,,,,,,,,,,2.237143039703369,0.13876116275787354,50.0,2.875904083251953,1.1121920347213745,0.0,0.0,0.0,229.4915008544922,0.2393115758895874,245.81324768066406,0.13399945199489594,recon_dom_01_10
4049,,,,,,,,,,1.6727683544158936,0.3665361702442169,30.158214569091797,2.3408865928649902,0.14911365509033203,0.0,0.0,0.0,17.687326431274414,0.23727905750274658,23.375261306762695,0.13957920670509338,recon_dom_01_10
4050,,,,,,,,,,2.2537851333618164,0.19171029329299927,50.0,2.945495367050171,0.4710713326931,0.0,0.0,0.0,95.03612518310547,0.23851044476032257,106.83189392089844,0.13474760949611664,recon_dom_01_10
4051,,,,,,,,,,1.6579101085662842,0.2670450210571289,50.0,2.424955129623413,0.2333424836397171,0.0,0.0,0.0,40.142127990722656,0.2344515174627304,48.57331848144531,0.14189749956130981,recon_dom_01_10
4052,,,,0.0,0.0,0.0,100.0,100.0,100.0,2.73121976852417,0.2096790224313736,50.0,3.440898895263672,0.27228662371635437,0.0,0.0,0.0,38.763484954833984,0.24252472817897797,48.69051742553711,0.1309272199869156,recon_dom_01_10
4053,,,,,,,,,,2.5376176834106445,0.22442826628684998,50.0,3.2620458602905273,0.29241907596588135,0.0,0.0,0.0,50.255855560302734,0.23828110098838806,59.67524719238281,0.13378804922103882,recon_dom_01_10
4054,,,,,,,,,,1.1438724994659424,4.512317657470703,1.4336180686950684,5.670526504516602,0.0507611520588398,0.0,0.0,0.0,0.3531137704849243,0.22148066759109497,1.5787156820297241,0.1519259810447693,recon_dom_01_10
4055,,,,,,,,,,2.1963374614715576,0.13643299043178558,50.0,2.832770347595215,0.7280676960945129,0.0,0.0,0.0,157.3953399658203,0.236412912607193,171.6661834716797,0.13515324890613556,recon_dom_01_10
4056,,,,,,,,,,2.388828754425049,0.7243778109550476,5.886865139007568,3.1720752716064453,0.07550406455993652,0.0,0.0,0.0,2.620028018951416,0.230848491191864,5.704356670379639,0.14053727686405182,recon_dom_01_10
4057,,,,,,,,,,0.7722469568252563,8.86125373840332,0.8149526119232178,9.641650199890137,0.036804962903261185,0.0,0.0,0.0,0.11775443702936172,0.2334497720003128,0.951146125793457,0.14255362749099731,recon_dom_01_10
4058,,,,,,,,,,0.9380050897598267,7.074668884277344,0.7218763828277588,8.019892692565918,0.03280114755034447,0.0,0.0,0.0,0.08436481654644012,0.22464630007743835,0.8719841241836548,0.1504911184310913,recon_dom_01_10
4059,,,,,,,,,,2.813323974609375,0.15772460401058197,50.0,3.471048593521118,0.6288449168205261,0.0,0.0,0.0,124.92100524902344,0.24009805917739868,140.2898406982422,0.1321789026260376,recon_dom_01_10
4060,,,,,,,,,,2.9759411811828613,0.19813230633735657,50.0,3.6740734577178955,0.3803420066833496,0.0,0.0,0.0,59.00986099243164,0.2418501377105713,73.33477020263672,0.131331205368042,recon_dom_01_10
4061,,,,,,,,,,1.5159976482391357,0.2116355150938034,50.0,2.227633237838745,0.256452351808548,0.0,0.0,0.0,47.008365631103516,0.23404520750045776,55.60036087036133,0.14168253540992737,recon_dom_01_10
4062,,,,0.0,0.0,0.0,100.0,100.0,100.0,1.8909008502960205,2.7959067821502686,2.203958034515381,4.7088470458984375,0.06013954430818558,0.0,0.0,0.0,0.6186483502388,0.2353888899087906,2.49462890625,0.13758647441864014,recon_dom_01_10
4063,,,,,,,,,,0.7764424681663513,7.649483680725098,0.7635394334793091,8.433561325073242,0.027227535843849182,0.0,0.0,0.0,0.12045803666114807,0.23103958368301392,0.9386313557624817,0.14524072408676147,recon_dom_01_10
4064,,,,,,,,,,0.879173994064331,7.782841205596924,0.8109415769577026,8.670125007629395,0.031891338527202606,0.0,0.0,0.0,0.12885168194770813,0.23380127549171448,0.9701294898986816,0.14188289642333984,recon_dom_01_10
4065,,,,,,,,,,2.2360880374908447,1.2188533544540405,4.106239318847656,3.4960038661956787,0.07631970942020416,0.0,0.0,0.0,1.5892374515533447,0.2305273413658142,4.196810245513916,0.1394553780555725,recon_dom_01_10
4066,,,,,,,,,,2.917217254638672,0.32341039180755615,20.686607360839844,3.4474937915802,0.14901801943778992,0.0,0.0,0.0,11.16040325164795,0.23834240436553955,17.487815856933594,0.1336877942085266,recon_dom_01_10
4067,,,,,,,,,,2.2102184295654297,0.6467610001564026,11.031034469604492,2.967289686203003,0.09792420268058777,0.0,0.0,0.0,5.604186058044434,0.2385122925043106,9.79977798461914,0.1348779946565628,recon_dom_01_10
4068,,,,,,,,,,2.9198226928710938,0.5623569488525391,10.92155647277832,3.591395139694214,0.11351891607046127,0.0,0.0,0.0,5.214777946472168,0.23765712976455688,10.20406436920166,0.13386166095733643,recon_dom_01_10
4069,,,,,,,,,,3.0107173919677734,0.22601832449436188,50.0,3.7367358207702637,0.24371623992919922,0.0,0.0,0.0,35.51949691772461,0.2400617003440857,45.02516174316406,0.13366785645484924,recon_dom_01_10
4070,,,,,,,,,,3.1375012397766113,0.3768937587738037,21.641490936279297,3.7308099269866943,0.12909439206123352,0.0,0.0,0.0,11.725582122802734,0.2406121790409088,18.46598243713379,0.13385699689388275,recon_dom_01_10
4071,,,,,,,,,,2.5895838737487793,0.14368680119514465,50.0,3.2332706451416016,1.0255118608474731,0.0,0.0,0.0,218.88043212890625,0.23880675435066223,236.26385498046875,0.1333279013633728,recon_dom_01_10
4072,,,,0.0,0.0,0.0,100.0,100.0,100.0,2.459371328353882,0.6741895079612732,15.7545166015625,3.2911059856414795,0.10125620663166046,0.0,0.0,0.0,8.627148628234863,0.23450225591659546,13.167534828186035,0.13868603110313416,recon_dom_01_10
4073,,,,,,,,,,2.2233972549438477,0.2828271985054016,42.706661224365234,2.933290958404541,0.1799466609954834,0.0,0.0,0.0,25.580791473388672,0.23792070150375366,32.377655029296875,0.13516679406166077,recon_dom_01_10
4074,,,,,,,,,,2.623164653778076,0.6487944722175598,8.18917465209961,3.353850841522217,0.10982276499271393,0.0,0.0,0.0,3.6150896549224854,0.23557472229003906,7.975910186767578,0.13459599018096924,recon_dom_01_10
4075,,,,,,,,,,3.059983253479004,0.2204975038766861,50.0,3.7804808616638184,0.2933017611503601,0.0,0.0,0.0,43.86119079589844,0.24074864387512207,57.2331657409668,0.13235166668891907,recon_dom_01_10
4076,,,,,,,,,,2.802823781967163,0.1664813756942749,50.0,3.4693050384521484,0.5297834873199463,0.0,0.0,0.0,100.23088073730469,0.2420712411403656,115.56378173828125,0.13160181045532227,recon_dom_01_10
4077,,,,,,,,,,2.4949467182159424,0.6770845651626587,11.449565887451172,3.286526918411255,0.1047060638666153,0.0,0.0,0.0,5.78751802444458,0.2381148636341095,10.202479362487793,0.13465383648872375,recon_dom_01_10
4078,,,,,,,,,,2.575235366821289,0.19340769946575165,50.0,3.2686431407928467,0.6137028932571411,0.0,0.0,0.0,126.7472915649414,0.2401696741580963,141.00711059570312,0.13224910199642181,recon_dom_01_10
4079,,,,,,,,,,0.7435078620910645,8.059359550476074,1.000532627105713,8.812872886657715,0.05202370136976242,0.0,0.0,0.0,0.1368091106414795,0.2285761535167694,1.1327024698257446,0.14396147429943085,recon_dom_01_10
4080,,,,,,,,,,1.836644172668457,2.263810873031616,4.1554341316223145,4.142009258270264,0.06344010680913925,0.0,0.0,0.0,1.6512811183929443,0.23611114919185638,4.299508571624756,0.13587021827697754,recon_dom_01_10
4081,,,,,,,,,,1.7672622203826904,4.334592342376709,2.2046170234680176,6.123900890350342,0.05349578335881233,0.0,0.0,0.0,0.594761848449707,0.23292618989944458,2.6106948852539062,0.13736245036125183,recon_dom_01_10
4082,,,,0.0,0.0,0.0,100.0,50.0,100.0,2.9894015789031982,0.3783183693885803,29.36347770690918,3.6613547801971436,0.18090346455574036,0.0,0.0,0.0,16.13505744934082,0.24051526188850403,24.57331085205078,0.1319691240787506,recon_dom_01_10
4083,,,,,,,,,,2.5235815048217773,0.2953702509403229,50.0,3.3189518451690674,0.23185135424137115,0.0,0.0,0.0,33.370758056640625,0.23870541155338287,42.26728057861328,0.13389214873313904,recon_dom_01_10
4084,,,,,,,,,,2.0082433223724365,0.17365427315235138,50.0,2.6818976402282715,0.9518769383430481,0.0,0.0,0.0,201.39796447753906,0.234607994556427,216.62074279785156,0.13736379146575928,recon_dom_01_10
4085,,,,,,,,,,1.764931082725525,0.37913328409194946,50.0,2.644064426422119,0.20034348964691162,0.0,0.0,0.0,32.26724624633789,0.23987767100334167,40.2783203125,0.13776227831840515,recon_dom_01_10
4086,,,,,,,,,,1.6640217304229736,1.561625599861145,6.310978412628174,3.288757085800171,0.07308429479598999,0.0,0.0,0.0,2.985866069793701,0.2336314618587494,5.844668865203857,0.1399315893650055,recon_dom_01_10
4087,,,,,,,,,,0.8248494863510132,8.86873722076416,1.0368189811706543,9.703954696655273,0.033018384128808975,0.010336018167436123,0.0,0.0,0.2005167305469513,0.2355155348777771,1.2467617988586426,0.13941839337348938,recon_dom_01_10
4088,,,,,,,,,,2.724724531173706,0.49583280086517334,26.531444549560547,3.4858717918395996,0.1566391885280609,0.0,0.0,0.0,14.86430549621582,0.23867209255695343,21.693466186523438,0.1334342658519745,recon_dom_01_10
4089,,,,,,,,,,1.2871966361999512,4.6365203857421875,1.9927279949188232,5.9436445236206055,0.06557159870862961,5.517086901818402e-05,0.0,0.0,0.5501853823661804,0.23216213285923004,2.1549150943756104,0.1395566761493683,recon_dom_01_10
4090,,,,,,,,,,2.361252784729004,1.1198228597640991,7.041553974151611,3.5514912605285645,0.10866323113441467,0.0,0.0,0.0,3.0765750408172607,0.2373417317867279,6.769011974334717,0.1342274248600006,recon_dom_01_10
4091,,,,,,,,,,2.094364643096924,0.3903864920139313,50.0,2.9847512245178223,0.22735126316547394,0.0,0.0,0.0,31.21241569519043,0.2398693561553955,39.10178756713867,0.13275662064552307,recon_dom_01_10
4092,,,,0.0,0.0,0.0,100.0,100.0,50.0,1.514634132385254,2.6765458583831787,2.996269464492798,4.221142768859863,0.052750229835510254,0.0,0.0,0.0,1.1180323362350464,0.22980180382728577,3.1542842388153076,0.1436343938112259,recon_dom_01_10
4093,,,,,,,,,,2.721055746078491,0.3113802671432495,50.0,3.532435894012451,0.25585073232650757,0.0,0.0,0.0,40.05944061279297,0.241443932056427,49.97447967529297,0.13270659744739532,recon_dom_01_10
4094,,,,,,,,,,1.6571353673934937,0.2309088557958603,50.0,2.3880441188812256,0.5260437726974487,0.0,0.0,0.0,107.94982147216797,0.2354048788547516,120.63704681396484,0.13881716132164001,recon_dom_01_10
4095,,,,,,,,,,1.0922460556030273,5.762214183807373,1.9705654382705688,6.874166011810303,0.059488460421562195,1.8113303667632863e-05,0.0,0.0,0.5516480207443237,0.22591882944107056,2.1685333251953125,0.14598563313484192,recon_dom_01_10
4096,,,,,,,,,,1.5310487747192383,2.838236093521118,3.2930665016174316,4.402215480804443,0.08164519816637039,0.0,0.0,0.0,1.1592289209365845,0.23183673620224,3.376969814300537,0.13942843675613403,recon_dom_01_10
4097,,,,,,,,,,1.5316669940948486,1.324439287185669,6.112905502319336,2.9172353744506836,0.07170570641756058,0.010140292346477509,0.0,0.0,2.905912160873413,0.23261722922325134,5.601491451263428,0.14317238330841064,recon_dom_01_10
4098,,,,,,,,,,1.8569116592407227,0.34996581077575684,50.0,2.7068774700164795,0.2200998067855835,0.0,0.0,0.0,32.5294075012207,0.23789793252944946,39.961021423339844,0.1364326775074005,recon_dom_01_10
4099,,,,,,,,,,2.32582426071167,0.4019832909107208,31.70724105834961,3.044879913330078,0.20225898921489716,0.0,0.0,0.0,18.107994079589844,0.23784802854061127,25.10162353515625,0.13353383541107178,recon_dom_01_10
4100,,,,,,,,,,1.4560693502426147,0.23441347479820251,50.0,2.1904828548431396,0.49402791261672974,0.0,0.0,0.0,108.15817260742188,0.23130449652671814,120.08120727539062,0.14656496047973633,recon_dom_01_10
4101,,,,,,,,,,2.3922600746154785,1.4142308235168457,7.928967475891113,3.8857805728912354,0.09382499754428864,0.0,0.0,0.0,3.6176321506500244,0.23747959733009338,7.610030651092529,0.13447466492652893,recon_dom_01_10
4102,,,,0.0,0.0,0.0,100.0,100.0,100.0,1.7955145835876465,0.4475727677345276,37.71575164794922,2.6202449798583984,0.17911900579929352,0.0,0.0,0.0,22.20274543762207,0.23752370476722717,29.160131454467773,0.13590863347053528,recon_dom_01_10
4103,,,,,,,,,,1.4872807264328003,0.20770584046840668,50.0,2.194986581802368,0.7821482419967651,0.0,0.0,0.0,157.6679229736328,0.2360120415687561,173.20765686035156,0.13688528537750244,recon_dom_01_10
4104,,,,,,,,,,2.871068000793457,0.42201465368270874,22.4433536529541,3.5175161361694336,0.14890381693840027,0.0,0.0,0.0,12.052409172058105,0.23785191774368286,19.218666076660156,0.13307450711727142,recon_dom_01_10
4105,,,,,,,,,,2.168757915496826,0.4629910886287689,40.21193313598633,3.0338683128356934,0.1732979714870453,0.0,0.0,0.0,23.61473846435547,0.23834019899368286,31.38637924194336,0.13683444261550903,recon_dom_01_10
4106,,,,,,,,,,1.2011488676071167,4.866427421569824,1.671195387840271,6.084288120269775,0.05654874071478844,0.0,0.0,0.0,0.3618023991584778,0.2289912849664688,1.9791953563690186,0.14152514934539795,recon_dom_01_10
4107,,,,,,,,,,2.8517072200775146,0.50767982006073,25.696449279785156,3.61635160446167,0.15751567482948303,0.0,0.0,0.0,14.20551872253418,0.23979559540748596,21.33205223083496,0.13345825672149658,recon_dom_01_10
4108,,,,,,,,,,1.2796924114227295,0.41846147179603577,50.0,2.1981539726257324,1.7995399236679077,0.0,0.0,0.0,362.7315979003906,0.23656721413135529,383.5744323730469,0.13696694374084473,recon_dom_01_10
4109,,,,,,,,,,1.6736078262329102,0.2555701434612274,50.0,2.42917799949646,0.4475964605808258,0.0,0.0,0.0,85.17719268798828,0.23625431954860687,97.46257781982422,0.13618683815002441,recon_dom_01_10
4110,,,,,,,,,,1.1142265796661377,6.108181953430176,1.748112678527832,7.239889621734619,0.057175297290086746,0.0,0.0,0.0,0.4213433265686035,0.2271738350391388,2.0077552795410156,0.14297908544540405,recon_dom_01_10
4111,,,,,,,,,,2.4761247634887695,0.25112172961235046,50.0,3.2272465229034424,0.44543546438217163,0.0,0.0,0.0,78.61778259277344,0.24158945679664612,91.04315948486328,0.13221803307533264,recon_dom_01_10
4112,,,,0.0,0.0,0.0,100.0,0.0,50.0,2.107093334197998,0.5935879945755005,47.181373596191406,3.172495126724243,0.20742732286453247,0.0,0.0,0.0,28.040557861328125,0.23582449555397034,36.13285446166992,0.13673704862594604,recon_dom_01_10
4113,,,,,,,,,,1.3646764755249023,3.9366555213928223,4.069366931915283,5.3420257568359375,0.07158102095127106,0.0,0.0,0.0,1.5364301204681396,0.23520120978355408,4.275769233703613,0.1362701654434204,recon_dom_01_10
4114,,,,,,,,,,1.563265085220337,2.498778820037842,6.8047194480896,4.130091190338135,0.08594609797000885,0.0,0.0,0.0,3.1867101192474365,0.23536577820777893,6.301952838897705,0.13765975832939148,recon_dom_01_10
4115,,,,,,,,,,2.7557878494262695,0.7347612977027893,22.976097106933594,3.7203102111816406,0.14944344758987427,0.0,0.0,0.0,12.31654167175293,0.2388659119606018,19.75025177001953,0.1332375407218933,recon_dom_01_10
4116,,,,,,,,,,1.605090618133545,1.369636058807373,10.747319221496582,3.082199811935425,0.085245780646801,0.0,0.0,0.0,5.544638633728027,0.23710089921951294,9.478018760681152,0.137315571308136,recon_dom_01_10
4117,,,,,,,,,,1.7412385940551758,0.7789309024810791,26.103952407836914,2.7812089920043945,0.1322573721408844,0.0,0.0,0.0,15.097743034362793,0.24182364344596863,20.614974975585938,0.13252508640289307,recon_dom_01_10
4118,,,,,,,,,,1.1141142845153809,4.44043493270874,2.657456874847412,5.5811238288879395,0.06660409271717072,0.0,0.0,0.0,0.8573363423347473,0.23257780075073242,2.859893798828125,0.13895371556282043,recon_dom_01_10
4119,,,,,,,,,,0.39952361583709717,13.261430740356445,0.7737244367599487,13.668691635131836,0.02837499976158142,0.0,0.0,0.0,0.1252397894859314,0.23219719529151917,0.9380695819854736,0.14355194568634033,recon_dom_01_10
4120,,,,,,,,,,2.547529458999634,0.4230943024158478,45.16444396972656,3.4222681522369385,0.20982709527015686,0.0,0.0,0.0,26.669458389282227,0.24063798785209656,34.81711196899414,0.13230161368846893,recon_dom_01_10
4121,,,,,,,,,,1.657723307609558,0.6946509480476379,23.760530471801758,2.589979648590088,0.13006392121315002,0.0,0.0,0.0,13.58802604675293,0.23640769720077515,18.969524383544922,0.1378234326839447,recon_dom_01_10
4122,,,,0.0,0.0,0.0,100.0,50.0,50.0,1.6044515371322632,1.1397417783737183,11.753129959106445,2.861724615097046,0.093700110912323,0.0,0.0,0.0,6.0946760177612305,0.23735056817531586,10.305293083190918,0.13570675253868103,recon_dom_01_10
4123,,,,,,,,,,2.711320400238037,0.9900301694869995,9.700494766235352,3.7983555793762207,0.10404525697231293,0.0,0.0,0.0,4.462199687957764,0.2340622991323471,9.362017631530762,0.1365378201007843,recon_dom_01_10
4124,,,,,,,,,,0.6160212755203247,10.152449607849121,1.0410308837890625,10.778881072998047,0.06244002282619476,0.0,0.0,0.0,0.1339097023010254,0.22557419538497925,1.1151586771011353,0.147843137383461,recon_dom_01_10
4125,,,,,,,,,,1.626084566116333,3.3146913051605225,3.455258369445801,4.97532844543457,0.06298670917749405,0.0,0.0,0.0,1.2971656322479248,0.23417609930038452,3.611504316329956,0.13989710807800293,recon_dom_01_10
4126,,,,,,,,,,2.9711482524871826,0.3235573470592499,41.77861022949219,3.712491750717163,0.2146700918674469,0.0,0.0,0.0,23.885786056518555,0.23926988244056702,33.56462860107422,0.132337287068367,recon_dom_01_10
4127,,,,,,,,,,0.9302674531936646,7.740190505981445,1.5833508968353271,8.686291694641113,0.05142761394381523,0.0,0.0,0.0,0.3987056612968445,0.2342643439769745,1.779991626739502,0.14084959030151367,recon_dom_01_10
4128,,,,,,,,,,1.36418616771698,4.074456691741943,2.2580459117889404,5.461223125457764,0.07796334475278854,0.0,0.0,0.0,0.6090071201324463,0.23353615403175354,2.4441518783569336,0.13792522251605988,recon_dom_01_10
4129,,,,,,,,,,1.5180257558822632,5.8115153312683105,2.257770299911499,7.352118968963623,0.05247362703084946,0.0,0.0,0.0,0.638176441192627,0.23338547348976135,2.6398861408233643,0.1394416093826294,recon_dom_01_10
4130,,,,,,,,,,2.816343307495117,0.5354073643684387,21.286283493041992,3.5646135807037354,0.12832441926002502,0.0,0.0,0.0,11.661436080932617,0.2373865395784378,17.89183235168457,0.1357075273990631,recon_dom_01_10
4131,,,,,,,,,,2.589284658432007,0.37739601731300354,22.645368576049805,3.193134307861328,0.15268206596374512,0.0,0.0,0.0,12.48931884765625,0.24012327194213867,18.71062660217285,0.13313287496566772,recon_dom_01_10
4132,,,,0.0,50.0,0.0,100.0,100.0,50.0,1.9809048175811768,1.4137541055679321,6.328025817871094,3.4579391479492188,0.06432083249092102,0.0,0.0,0.0,3.034451484680176,0.23004832863807678,5.8694329261779785,0.14248767495155334,recon_dom_01_10
4133,,,,,,,,,,2.718231201171875,0.35887616872787476,20.605979919433594,3.2831671237945557,0.1607380509376526,0.0,0.0,0.0,11.132241249084473,0.23845921456813812,17.265762329101562,0.1332063376903534,recon_dom_01_10
4134,,,,,,,,,,1.771413803100586,0.3519008457660675,41.63290786743164,2.5396437644958496,0.18846046924591064,0.0,0.0,0.0,24.858224868774414,0.228896826505661,31.58991050720215,0.145365908741951,recon_dom_01_10
4135,,,,,,,,,,2.4849157333374023,0.3810763955116272,22.384246826171875,3.089834690093994,0.157691091299057,0.0,0.0,0.0,12.236306190490723,0.23977699875831604,18.644424438476562,0.1329801231622696,recon_dom_01_10
4136,,,,,,,,,,2.532407760620117,0.27835988998413086,36.89188766479492,3.1796865463256836,0.19062799215316772,0.0,0.0,0.0,21.38859748840332,0.23935763537883759,29.025888442993164,0.13269144296646118,recon_dom_01_10
4137,,,,,,,,,,2.0479846000671387,1.4377963542938232,6.69858980178833,3.552766799926758,0.08538707345724106,0.0,0.0,0.0,3.0628421306610107,0.23161496222019196,6.343405723571777,0.13947945833206177,recon_dom_01_10
4138,,,,,,,,,,2.9247279167175293,0.18879272043704987,50.0,3.613520622253418,0.35057783126831055,0.0,0.0,0.0,56.94978332519531,0.24305635690689087,70.30067443847656,0.1315149962902069,recon_dom_01_10
4139,,,,,,,,,,2.019315242767334,1.0596234798431396,8.402751922607422,3.162966251373291,0.10266716778278351,0.0,0.0,0.0,4.034255504608154,0.23575787246227264,7.6356353759765625,0.13766822218894958,recon_dom_01_10
4140,,,,,,,,,,2.860714912414551,0.41876456141471863,18.639728546142578,3.465876817703247,0.12916199862957,0.0,0.0,0.0,9.990456581115723,0.23835431039333344,15.932367324829102,0.13443288207054138,recon_dom_01_10
4141,,,,,,,,,,1.3379467725753784,3.0217907428741455,2.809666633605957,4.387834072113037,0.05031529814004898,0.0,0.0,0.0,1.0238382816314697,0.23036283254623413,2.993705987930298,0.14362865686416626,recon_dom_01_10
4142,,,,0.5,50.0,50.0,100.0,50.0,50.0,1.7298622131347656,0.7179759740829468,13.232095718383789,2.5801591873168945,0.0871846154332161,0.0,0.0,0.0,7.1323418617248535,0.23488205671310425,11.252573013305664,0.1405465453863144,recon_dom_01_10
4143,,,,,,,,,,3.0176310539245605,0.5258833169937134,13.02900505065918,3.673804521560669,0.09878550469875336,0.0,0.0,0.0,6.559676647186279,0.23872682452201843,11.876121520996094,0.1346818208694458,recon_dom_01_10
4144,,,,,,,,,,1.8249080181121826,2.1160340309143066,3.990081310272217,3.9808428287506104,0.07477661222219467,0.0,0.0,0.0,1.5570586919784546,0.2336907684803009,4.043848037719727,0.1384623795747757,recon_dom_01_10
4145,,,,,,,,,,2.7029104232788086,0.7472195625305176,17.085628509521484,3.620986223220825,0.11208667606115341,0.0,0.0,0.0,9.04217529296875,0.23738795518875122,14.891288757324219,0.13635538518428802,recon_dom_01_10
4146,,,,,,,,,,3.075148344039917,0.6098263263702393,13.267853736877441,3.817653179168701,0.10555550456047058,0.0,0.0,0.0,6.823229789733887,0.2384478747844696,11.759110450744629,0.13445624709129333,recon_dom_01_10
4147,,,,,,,,,,2.9511985778808594,0.523057758808136,12.350076675415039,3.59775710105896,0.12149611115455627,0.0,0.0,0.0,5.939886093139648,0.2384440004825592,11.531118392944336,0.1330711543560028,recon_dom_01_10
4148,,,,,,,,,,2.7793779373168945,0.21675530076026917,50.0,3.496133327484131,0.2684405744075775,0.0,0.0,0.0,36.41135025024414,0.2405996024608612,45.8347282409668,0.1318492740392685,recon_dom_01_10
4149,,,,,,,,,,2.017402172088623,0.8037522435188293,10.451957702636719,2.9256739616394043,0.085708849132061,0.0,0.0,0.0,5.397547721862793,0.23091048002243042,9.177133560180664,0.14208641648292542,recon_dom_01_10
4150,,,,,,,,,,0.6908392310142517,10.471274375915527,0.6952992677688599,11.169066429138184,0.028671711683273315,0.0,0.0,0.0,0.08476649224758148,0.2269284725189209,0.8596240282058716,0.14669328927993774,recon_dom_01_10
4151,,,,,,,,,,1.4825541973114014,2.4372060298919678,2.998713731765747,3.949747323989868,0.0482376366853714,0.0,0.0,0.0,1.1260792016983032,0.23770460486412048,3.187863349914551,0.13744193315505981,recon_dom_01_10
4152,,,,0.0,0.0,0.0,100.0,100.0,100.0,1.9529247283935547,3.287372589111328,2.112556219100952,5.261423110961914,0.08331656455993652,0.0,0.0,0.0,0.4939956068992615,0.23692014813423157,2.329531669616699,0.1352013647556305,recon_dom_01_10
4153,,,,,,,,,,2.6523025035858154,0.11644212901592255,50.0,3.268744707107544,0.9482340812683105,0.0,0.0,0.0,192.69329833984375,0.2439921498298645,216.5256805419922,0.12996172904968262,recon_dom_01_10
4154,,,,,,,,,,3.031358242034912,0.2198200821876526,50.0,3.75117826461792,0.24122071266174316,0.0,0.0,0.0,30.58037567138672,0.23990949988365173,41.292137145996094,0.13185282051563263,recon_dom_01_10
4155,,,,,,,,,,2.9023683071136475,0.22982743382453918,35.13254928588867,3.4835212230682373,0.1930827796459198,0.0,0.0,0.0,19.818363189697266,0.2402946650981903,28.623136520385742,0.13174405694007874,recon_dom_01_10
4156,,,,,,,,,,2.8135571479797363,0.1832425445318222,50.0,3.4967997074127197,0.3903251588344574,0.0,0.0,0.0,59.22310256958008,0.2431979775428772,71.56393432617188,0.13060779869556427,recon_dom_01_10
4157,,,,,,,,,,1.3550655841827393,3.2573037147521973,2.5326967239379883,4.637696266174316,0.05679359287023544,0.0,0.0,0.0,0.8648253083229065,0.23297879099845886,2.6924192905426025,0.14395835995674133,recon_dom_01_10
4158,,,,,,,,,,1.7203915119171143,3.472658395767212,2.2919888496398926,5.215969562530518,0.05202128738164902,0.0,0.0,0.0,0.6514122486114502,0.23566146194934845,2.6865739822387695,0.13617099821567535,recon_dom_01_10
4159,,,,,,,,,,10.0,100.0,50.0,110.5,0.47155216336250305,0.0,0.0,0.0,93.28728485107422,0.23786938190460205,106.80365753173828,0.13372482359409332,recon_dom_01_10
4160,,,,,,,,,,2.2371068000793457,1.4944345951080322,7.202836990356445,3.803569793701172,0.10665811598300934,0.0,0.0,0.0,3.2150559425354004,0.23611468076705933,6.834292411804199,0.13732123374938965,recon_dom_01_10
4161,,,,,,,,,,2.574618101119995,0.7375046610832214,10.838764190673828,3.4205102920532227,0.11752107739448547,0.0,0.0,0.0,5.403918743133545,0.23907530307769775,9.619970321655273,0.13348019123077393,recon_dom_01_10
4162,,,,0.0,0.0,0.0,100.0,0.0,100.0,2.097125291824341,0.21540160477161407,50.0,2.8125269412994385,0.32922133803367615,0.0,0.0,0.0,54.65343475341797,0.24041339755058289,64.24198150634766,0.1326536238193512,recon_dom_01_10
4163,,,,,,,,,,1.8141427040100098,0.48241502046585083,21.448978424072266,2.511047601699829,0.12145910412073135,0.0,0.0,0.0,12.243023872375488,0.23267996311187744,17.12210464477539,0.14338001608848572,recon_dom_01_10
4164,,,,,,,,,,2.073753595352173,1.9951847791671753,3.271005630493164,4.101648330688477,0.0803351029753685,0.0,0.0,0.0,1.094495415687561,0.23669347167015076,3.4752206802368164,0.1355506181716919,recon_dom_01_10
4165,,,,,,,,,,2.210186004638672,0.2753790616989136,50.0,2.985565185546875,0.2621406018733978,0.0,0.0,0.0,43.076202392578125,0.2394706755876541,51.84785461425781,0.1350129097700119,recon_dom_01_10
4166,,,,,,,,,,2.9693524837493896,0.28534847497940063,29.294490814208984,3.5476458072662354,0.18390503525733948,0.0,0.0,0.0,16.080581665039062,0.24226810038089752,24.514083862304688,0.1311270147562027,recon_dom_01_10
4167,,,,,,,,,,2.2461681365966797,1.1324042081832886,6.479496955871582,3.4433672428131104,0.09382838010787964,0.0,0.0,0.0,2.804349184036255,0.23963378369808197,6.337503910064697,0.13290178775787354,recon_dom_01_10
4168,,,,,,,,,,2.3577399253845215,0.6995774507522583,10.010326385498047,3.1574206352233887,0.10912389308214188,0.0,0.0,0.0,4.946098804473877,0.23612932860851288,8.962786674499512,0.13602077960968018,recon_dom_01_10
4169,,,,,,,,,,2.020620822906494,1.9623985290527344,3.287086009979248,4.015890121459961,0.08313219249248505,0.0,0.0,0.0,1.0906912088394165,0.23306024074554443,3.4872355461120605,0.13809914886951447,recon_dom_01_10
4170,,,,,,,,,,2.1837856769561768,0.69560307264328,10.07917594909668,2.980180501937866,0.10197488963603973,0.0,0.0,0.0,5.043931007385254,0.23613983392715454,8.976325988769531,0.13593554496765137,recon_dom_01_10
4171,,,,,,,,,,2.7192800045013428,0.22764338552951813,50.0,3.4469234943389893,0.2747316360473633,0.0,0.0,0.0,40.08515167236328,0.2366735339164734,50.72773742675781,0.1343597024679184,recon_dom_01_10
4172,,,,0.0,0.0,0.0,100.0,100.0,100.0,0.455628365278244,12.93222427368164,0.5797747373580933,13.39365005493164,0.02613607794046402,0.0,0.0,0.0,0.07832978665828705,0.23111867904663086,0.6663416624069214,0.14481857419013977,recon_dom_01_10
4173,,,,,,,,,,2.6482925415039062,1.4560308456420898,4.457873344421387,4.14890193939209,0.07260991632938385,0.0,0.0,0.0,1.6372284889221191,0.2324688732624054,4.841378211975098,0.13659483194351196,recon_dom_01_10
4174,,,,,,,,,,1.7965338230133057,0.7559334635734558,10.327054977416992,2.65573787689209,0.08478254079818726,0.010145150125026703,0.0,0.0,5.248583793640137,0.221016526222229,9.213502883911133,0.15560169517993927,recon_dom_01_10
4175,,,,,,,,,,1.9990575313568115,0.5093833208084106,20.19064712524414,2.7103474140167236,0.12220814824104309,0.0,0.0,0.0,11.267229080200195,0.23522350192070007,16.550247192382812,0.13730615377426147,recon_dom_01_10
4176,,,,,,,,,,2.40211820602417,1.0077983140945435,5.4182281494140625,3.4640986919403076,0.08054836839437485,0.0,0.0,0.0,2.228919506072998,0.2372911274433136,5.49857234954834,0.13551442325115204,recon_dom_01_10
4177,,,,,,,,,,1.7200806140899658,0.38791051506996155,30.229658126831055,2.410287618637085,0.13515497744083405,0.008053621277213097,0.0,0.0,17.81801986694336,0.23084202408790588,23.380170822143555,0.14638197422027588,recon_dom_01_10
4178,,,,,,,,,,2.3373074531555176,0.44409215450286865,20.423294067382812,2.9856326580047607,0.13681389391422272,0.0,0.0,0.0,11.33543586730957,0.2378595620393753,16.732952117919922,0.13524609804153442,recon_dom_01_10
4179,,,,,,,,,,2.5740959644317627,0.2495410293340683,50.0,3.323637008666992,0.23932234942913055,0.0,0.0,0.0,35.37619400024414,0.2386869639158249,43.6645622253418,0.13387644290924072,recon_dom_01_10
4180,,,,,,,,,,3.1174962520599365,0.32824650406837463,18.39712905883789,3.629714012145996,0.1337532103061676,0.0,0.0,0.0,9.547944068908691,0.23773065209388733,16.286502838134766,0.133965864777565,recon_dom_01_10
4181,,,,,,,,,,1.1440706253051758,4.96083927154541,1.4945765733718872,6.119855880737305,0.0698198527097702,0.0,0.0,0.0,0.268356591463089,0.23365634679794312,1.6798663139343262,0.13821902871131897,recon_dom_01_10
4182,,,,0.0,0.0,0.0,100.0,100.0,100.0,2.01029896736145,0.33872631192207336,42.71601486206055,2.7761855125427246,0.20765094459056854,0.0,0.0,0.0,25.306148529052734,0.23594941198825836,32.66878890991211,0.1362396478652954,recon_dom_01_10
4183,,,,,,,,,,1.4462571144104004,0.1743965595960617,50.0,2.1206536293029785,0.33802106976509094,0.0,0.0,0.0,64.36499786376953,0.2342638075351715,74.20527648925781,0.14167898893356323,recon_dom_01_10
4184,,,,,,,,,,1.9832680225372314,0.4406377077102661,50.0,2.923905849456787,1.7168641090393066,0.0,0.0,0.0,364.60552978515625,0.22375495731830597,386.911376953125,0.14443357288837433,recon_dom_01_10
4185,,,,,,,,,,3.0542006492614746,0.21248909831047058,46.8720817565918,3.735410451889038,0.21976572275161743,0.0,0.0,0.0,27.182626724243164,0.24169906973838806,37.10649108886719,0.13211539387702942,recon_dom_01_10
4186,,,,,,,,,,2.11868953704834,1.8739893436431885,3.691099166870117,4.029589653015137,0.07550710439682007,0.0,0.0,0.0,1.3389095067977905,0.23353804647922516,3.8753433227539062,0.1362845003604889,recon_dom_01_10
4187,,,,,,,,,,2.8810248374938965,0.23402687907218933,37.11335372924805,3.486185312271118,0.19166898727416992,0.0,0.0,0.0,21.27785873413086,0.23988677561283112,29.679868698120117,0.13223522901535034,recon_dom_01_10
4188,,,,,,,,,,2.8252923488616943,0.15637509524822235,50.0,3.4816675186157227,0.4339936673641205,0.0,0.0,0.0,71.32403564453125,0.24340173602104187,85.56753540039062,0.1303461492061615,recon_dom_01_10
4189,,,,,,,,,,2.769153356552124,0.1386834681034088,50.0,3.4078369140625,0.8775670528411865,0.0,0.0,0.0,170.46237182617188,0.24244359135627747,190.33900451660156,0.13092973828315735,recon_dom_01_10
4190,,,,,,,,,,2.179211378097534,0.5584070682525635,26.95138168334961,3.0071322917938232,0.1772482991218567,0.0,0.0,0.0,15.190356254577637,0.2379661351442337,21.674774169921875,0.13601508736610413,recon_dom_01_10
4191,,,,,,,,,,2.1561288833618164,0.36674758791923523,49.264854431152344,3.0155251026153564,0.222883939743042,0.0,0.0,0.0,29.273942947387695,0.2390916347503662,37.67858123779297,0.1329149603843689,recon_dom_01_10
4192,,,,0.0,0.0,0.0,100.0,50.0,50.0,2.8069748878479004,0.31870120763778687,42.512451171875,3.5508005619049072,0.21401280164718628,0.0,0.0,0.0,24.623003005981445,0.23940834403038025,33.564361572265625,0.13260185718536377,recon_dom_01_10
4193,,,,,,,,,,2.679097890853882,0.4581250846385956,47.21910095214844,3.6094141006469727,0.22231964766979218,0.0,0.0,0.0,27.744014739990234,0.24066023528575897,36.6523323059082,0.13257017731666565,recon_dom_01_10
4194,,,,,,,,,,1.953728199005127,1.666290044784546,8.332401275634766,3.7033421993255615,0.097086101770401,0.0,0.0,0.0,3.9125258922576904,0.23845964670181274,7.794549465179443,0.13323843479156494,recon_dom_01_10
4195,,,,,,,,,,0.34891510009765625,12.279566764831543,0.9280520677566528,12.637762069702148,0.03880825638771057,0.0,0.0,0.0,0.13448281586170197,0.23666508495807648,1.1241755485534668,0.13773728907108307,recon_dom_01_10
4196,,,,,,,,,,2.61368465423584,0.4596148431301117,28.45465087890625,3.3578460216522217,0.17327457666397095,0.0,0.0,0.0,15.884971618652344,0.23948504030704498,23.332202911376953,0.13257156312465668,recon_dom_01_10
4197,,,,,,,,,,2.669201374053955,0.14805063605308533,50.0,3.3172519207000732,1.3094608783721924,0.0,0.0,0.0,271.69000244140625,0.2416975200176239,295.57012939453125,0.13147425651550293,recon_dom_01_10
4198,,,,,,,,,,1.6308708190917969,0.2892274558544159,50.0,2.420098304748535,0.3934851288795471,0.0,0.0,0.0,69.93257904052734,0.2391079068183899,80.91666412353516,0.13349956274032593,recon_dom_01_10
4199,,,,,,,,,,2.085590124130249,1.0641310214996338,19.17997169494629,3.3415207862854004,0.12654098868370056,0.0,0.0,0.0,10.472105026245117,0.23796314001083374,16.075809478759766,0.13459479808807373,recon_dom_01_10
4200,,,,,,,,,,2.5721731185913086,0.24463911354541779,50.0,3.31681227684021,0.45300641655921936,0.0,0.0,0.0,78.5017318725586,0.23936383426189423,91.51178741455078,0.1335926055908203,recon_dom_01_10
4201,,,,,,,,,,1.4938857555389404,0.3251667320728302,50.0,2.3190524578094482,0.3381420373916626,0.0,0.0,0.0,56.97021484375,0.23386794328689575,66.18631744384766,0.13812409341335297,recon_dom_01_10
4202,,,,0.0,0.0,0.0,100.0,100.0,100.0,0.8372678160667419,8.705124855041504,2.4055001735687256,9.566447257995605,0.0622803196310997,0.0,0.0,0.0,0.6992810368537903,0.23250766098499298,2.7152762413024902,0.13928556442260742,recon_dom_01_10
4203,,,,,,,,,,1.5378143787384033,0.9177760481834412,14.719473838806152,2.602785110473633,0.08695419877767563,0.0,0.0,0.0,8.257615089416504,0.22861450910568237,11.978795051574707,0.14829592406749725,recon_dom_01_10
4204,,,,,,,,,,2.67684268951416,0.42879030108451843,44.56024932861328,3.5512354373931885,0.22432926297187805,0.0,0.0,0.0,25.95060920715332,0.23770637810230255,34.90177536010742,0.1333610713481903,recon_dom_01_10
4205,,,,,,,,,,2.282163619995117,1.4456396102905273,13.62210750579834,3.8640244007110596,0.11241128295660019,0.0,0.0,0.0,6.920738697052002,0.238583505153656,12.204093933105469,0.1340712457895279,recon_dom_01_10
4206,,,,,,,,,,1.9935238361358643,0.3041083812713623,50.0,2.7976322174072266,0.42596685886383057,0.0,0.0,0.0,78.51622772216797,0.23730716109275818,90.97450256347656,0.1343069076538086,recon_dom_01_10
4207,,,,,,,,,,2.6425955295562744,0.753657877445221,27.226139068603516,3.6685147285461426,0.17233262956142426,0.0,0.0,0.0,15.001537322998047,0.24096263945102692,22.65133285522461,0.13177034258842468,recon_dom_01_10
4208,,,,,,,,,,2.623415470123291,0.49319928884506226,50.0,3.616614818572998,0.2594141364097595,0.0,0.0,0.0,34.64860916137695,0.24228359758853912,45.933380126953125,0.13180601596832275,recon_dom_01_10
4209,,,,,,,,,,0.7928465604782104,7.421097755432129,3.1440181732177734,8.245384216308594,0.0757230818271637,0.0,0.0,0.0,1.0479958057403564,0.23281657695770264,3.3606605529785156,0.13794946670532227,recon_dom_01_10
4210,,,,,,,,,,1.093386173248291,2.849759101867676,4.102417945861816,3.9841694831848145,0.05800241604447365,0.0,0.0,0.0,1.7574487924575806,0.22931498289108276,4.035155773162842,0.14447611570358276,recon_dom_01_10
4211,,,,,,,,,,0.46769964694976807,11.600284576416016,1.4406147003173828,12.082390785217285,0.057306550443172455,0.0,0.0,0.0,0.280753493309021,0.2343662977218628,1.672062635421753,0.13860535621643066,recon_dom_01_10
4212,,,,0.0,0.0,0.0,50.0,100.0,50.0,1.4612716436386108,2.463878631591797,7.174938678741455,3.9968996047973633,0.08274874091148376,0.0,0.0,0.0,3.3874011039733887,0.22738869488239288,6.673010349273682,0.1454976201057434,recon_dom_01_10
4213,,,,,,,,,,1.3256219625473022,2.2629072666168213,7.2490081787109375,3.6610193252563477,0.07290837168693542,2.3579272237839177e-05,0.0,0.0,3.545703172683716,0.23226147890090942,6.602861404418945,0.1408299207687378,recon_dom_01_10
4214,,,,,,,,,,2.7847201824188232,0.396230012178421,50.0,3.680950164794922,0.24857290089130402,0.0,0.0,0.0,34.435611724853516,0.24072879552841187,44.27940368652344,0.13252389430999756,recon_dom_01_10
4215,,,,,,,,,,2.8831100463867188,0.45036086440086365,32.36186981201172,3.6570897102355957,0.17532628774642944,0.0,0.0,0.0,18.238895416259766,0.23952364921569824,26.41812515258789,0.1332932412624359,recon_dom_01_10
4216,,,,,,,,,,1.4404014348983765,0.24670900404453278,50.0,2.187110424041748,0.6569180488586426,0.0,0.0,0.0,125.67929077148438,0.23433133959770203,139.005859375,0.13783346116542816,recon_dom_01_10
4217,,,,,,,,,,1.6048039197921753,0.2816953957080841,50.0,2.3864994049072266,0.45921486616134644,0.0,0.0,0.0,84.7341079711914,0.23723165690898895,97.11309051513672,0.1348050981760025,recon_dom_01_10
4218,,,,,,,,,,2.689880132675171,0.2878074645996094,50.0,3.4776875972747803,0.3336544632911682,0.0,0.0,0.0,49.453575134277344,0.2429337054491043,62.34961700439453,0.13040392100811005,recon_dom_01_10
4219,,,,,,,,,,1.0218913555145264,7.252129554748535,3.1939034461975098,8.305959701538086,0.05526953935623169,0.0,0.0,0.0,1.1035126447677612,0.2347109615802765,3.5534167289733887,0.13863785564899445,recon_dom_01_10
4220,,,,,,,,,,1.7680968046188354,0.4354405105113983,50.0,2.7035372257232666,0.290518581867218,0.0,0.0,0.0,49.01240158081055,0.23306095600128174,58.56610870361328,0.1398915946483612,recon_dom_01_10
4221,,,,,,,,,,2.3012852668762207,0.7549073696136475,32.382659912109375,3.380019187927246,0.1545504629611969,0.0,0.0,0.0,18.72110366821289,0.24039673805236816,25.70261001586914,0.13459797203540802,recon_dom_01_10
4222,,,,0.0,0.0,0.0,100.0,100.0,50.0,0.7286081314086914,7.722065448760986,2.4619226455688477,8.475293159484863,0.08754462003707886,0.0,0.0,0.0,0.6447608470916748,0.23463305830955505,2.684647798538208,0.1365155428647995,recon_dom_01_10
4223,,,,,,,,,,1.8180922269821167,0.292146772146225,50.0,2.610239028930664,0.42184486985206604,0.0,0.0,0.0,84.14955139160156,0.23774227499961853,95.6768798828125,0.13435053825378418,recon_dom_01_10
4224,,,,,,,,,,2.874890089035034,0.34610167145729065,50.0,3.720991849899292,0.2782888412475586,0.0,0.0,0.0,40.20882034301758,0.2408829629421234,51.865055084228516,0.13234683871269226,recon_dom_01_10
4225,,,,,,,,,,0.21138936281204224,16.525657653808594,0.5845835208892822,16.74289321899414,0.02525268867611885,0.0,0.0,0.0,0.07691802084445953,0.22172951698303223,0.6876577138900757,0.15400190651416779,recon_dom_01_10
4226,,,,,,,,,,2.011676073074341,0.477201372385025,50.0,2.988877534866333,0.23815204203128815,0.0,0.0,0.0,29.956308364868164,0.24165931344032288,38.292015075683594,0.1315591037273407,recon_dom_01_10
4227,,,,,,,,,,2.2987217903137207,0.3368285894393921,50.0,3.1355504989624023,0.4633674621582031,0.0,0.0,0.0,83.82356262207031,0.23951885104179382,96.4102554321289,0.13316284120082855,recon_dom_01_10
4228,,,,,,,,,,1.5816168785095215,1.406004548072815,12.111421585083008,3.1087355613708496,0.11067438125610352,0.0,0.0,0.0,6.333634853363037,0.23630008101463318,10.374286651611328,0.13641855120658875,recon_dom_01_10
4229,,,,,,,,,,0.2299891710281372,14.456642150878906,0.9603726863861084,14.696234703063965,0.05010003596544266,0.0,0.0,0.0,0.12896578013896942,0.22937458753585815,1.0872725248336792,0.14332984387874603,recon_dom_01_10
4230,,,,,,,,,,1.9152486324310303,2.104187488555908,11.616451263427734,4.135600566864014,0.1100916713476181,0.0,0.0,0.0,5.802211284637451,0.23545929789543152,10.453426361083984,0.13522417843341827,recon_dom_01_10
4231,,,,,,,,,,1.3755474090576172,0.2578656077384949,50.0,2.133413076400757,0.45543158054351807,0.00034429659717716277,0.0,0.0,87.90349578857422,0.2409399449825287,99.41165161132812,0.1352313756942749,recon_dom_01_10
4232,,,,0.0,0.0,0.0,100.0,100.0,100.0,2.3531482219696045,1.2790049314498901,18.312042236328125,3.8152735233306885,0.1350468099117279,0.0,0.0,0.0,9.736623764038086,0.23746076226234436,15.725820541381836,0.13528276979923248,recon_dom_01_10
4233,,,,,,,,,,0.2148844301700592,16.350614547729492,0.5819529891014099,16.571317672729492,0.022900152951478958,0.0,0.0,0.0,0.07885514199733734,0.22431451082229614,0.702010989189148,0.15160143375396729,recon_dom_01_10
4234,,,,,,,,,,1.5053929090499878,0.8929334282875061,23.939146041870117,2.6377177238464355,0.14989221096038818,0.0,0.0,0.0,13.583890914916992,0.2344055473804474,19.136962890625,0.13869637250900269,recon_dom_01_10
4235,,,,,,,,,,1.454437017440796,1.5058256387710571,9.072391510009766,3.0509865283966064,0.09576684981584549,0.0,0.0,0.0,4.373775959014893,0.23940949141979218,8.364819526672363,0.13430756330490112,recon_dom_01_10
4236,,,,,,,,,,1.4186681509017944,4.345068454742432,5.055165767669678,5.814288139343262,0.07051021605730057,0.0,0.0,0.0,2.11346435546875,0.2332134246826172,5.104253768920898,0.13702206313610077,recon_dom_01_10
4237,,,,,,,,,,2.601219892501831,0.7770470380783081,21.61437225341797,3.5944106578826904,0.15499836206436157,0.0,0.0,0.0,11.591888427734375,0.23821772634983063,18.420684814453125,0.1332751363515854,recon_dom_01_10
4238,,,,,,,,,,1.7697200775146484,0.905221700668335,22.043243408203125,2.895374298095703,0.14096716046333313,0.0,0.0,0.0,12.447189331054688,0.23545971512794495,17.70807456970215,0.13635072112083435,recon_dom_01_10
4239,,,,,,,,,,1.7490004301071167,1.2133549451828003,17.255048751831055,3.1349058151245117,0.1181795746088028,0.0,0.0,0.0,9.503894805908203,0.2375762164592743,14.245865821838379,0.1356496959924698,recon_dom_01_10
4240,,,,,,,,,,2.7851452827453613,0.3548891246318817,50.0,3.6400344371795654,0.25383052229881287,0.0,0.0,0.0,37.6158561706543,0.24154745042324066,47.919097900390625,0.13247114419937134,recon_dom_01_10
4241,,,,,,,,,,2.557529926300049,0.16655942797660828,50.0,3.2240893840789795,1.1563875675201416,0.0,0.0,0.0,236.72434997558594,0.24320948123931885,260.89483642578125,0.13072489202022552,recon_dom_01_10
4242,,,,0.0,0.0,0.0,100.0,100.0,100.0,1.6767452955245972,1.0532327890396118,13.339645385742188,2.8633744716644287,0.0969291627407074,0.000842425914015621,0.0,0.0,7.117589473724365,0.2361985743045807,11.398406028747559,0.13746105134487152,recon_dom_01_10
4243,,,,,,,,,,1.6155061721801758,0.6852158308029175,19.932756423950195,2.500049591064453,0.1069427952170372,0.0,0.0,0.0,11.290929794311523,0.23718437552452087,16.138906478881836,0.13940709829330444,recon_dom_01_10
4244,,,,,,,,,,2.0274062156677246,1.2940528392791748,13.085817337036133,3.452317237854004,0.11896802484989166,0.0,0.0,0.0,6.621224403381348,0.2345048487186432,11.665214538574219,0.13694988191127777,recon_dom_01_10
4245,,,,,,,,,,0.7985830307006836,3.1960885524749756,50.0,4.494671821594238,2.019716262817383,0.00018206684035249054,0.0,0.0,417.27728271484375,0.22617992758750916,441.7320251464844,0.14147502183914185,recon_dom_01_10
4246,,,,,,,,,,0.7223669290542603,8.513495445251465,1.5040464401245117,9.250903129577637,0.07193371653556824,0.0,0.0,0.0,0.27370938658714294,0.2305908203125,1.6669867038726807,0.1411607563495636,recon_dom_01_10
4247,,,,,,,,,,1.7854069471359253,1.4005428552627563,11.338529586791992,3.29933500289917,0.09988582879304886,0.0,0.0,0.0,5.88625431060791,0.2317013144493103,9.831012725830078,0.14170897006988525,recon_dom_01_10
4248,,,,,,,,,,1.0870637893676758,6.719714164733887,2.022078514099121,7.826998710632324,0.05036880075931549,0.0,0.0,0.0,0.538272500038147,0.23298490047454834,2.3891711235046387,0.14078126847743988,recon_dom_01_10
4249,,,,,,,,,,0.992009162902832,6.434292316436768,1.5241551399230957,7.441543102264404,0.048439279198646545,0.0,0.0,0.0,0.3660314083099365,0.23179471492767334,1.7571384906768799,0.14178651571273804,recon_dom_01_10
4250,,,,,,,,,,2.442171096801758,0.16625909507274628,50.0,3.1084301471710205,0.7843300104141235,0.0,0.0,0.0,161.01486206054688,0.24282556772232056,176.21995544433594,0.13106238842010498,recon_dom_01_10
4251,,,,,,,,,,2.645136833190918,0.868787407875061,10.169659614562988,3.6156208515167236,0.1113266795873642,0.0,0.0,0.0,4.662694454193115,0.23956522345542908,9.826162338256836,0.13293889164924622,recon_dom_01_10
4252,,,,0.0,0.0,0.0,100.0,100.0,100.0,2.9153385162353516,0.6905490756034851,14.09283447265625,3.7468159198760986,0.10635006427764893,0.0,0.0,0.0,7.225001335144043,0.23993408679962158,12.59732723236084,0.13426557183265686,recon_dom_01_10
4253,,,,,,,,,,2.8123912811279297,0.3316039443016052,29.712297439575195,3.4411182403564453,0.16787292063236237,0.0,0.0,0.0,16.817129135131836,0.23867329955101013,24.037235260009766,0.1331786960363388,recon_dom_01_10
4254,,,,,,,,,,2.741860866546631,0.3673677146434784,22.4724063873291,3.3339526653289795,0.14247262477874756,0.0,0.0,0.0,12.50129508972168,0.23781004548072815,18.443115234375,0.1340816617012024,recon_dom_01_10
4255,,,,,,,,,,2.0215773582458496,0.7720780372619629,11.117313385009766,2.9048285484313965,0.10116638243198395,0.0,0.0,0.0,5.697404861450195,0.23520883917808533,9.753800392150879,0.13656380772590637,recon_dom_01_10
4256,,,,,,,,,,2.3438146114349365,0.2614399492740631,50.0,3.105254650115967,0.4154326617717743,0.0,0.0,0.0,71.76307678222656,0.24028009176254272,82.633544921875,0.13329361379146576,recon_dom_01_10
4257,,,,,,,,,,1.8112492561340332,0.2359626293182373,50.0,2.5472118854522705,0.3895356059074402,0.0,0.0,0.0,73.13493347167969,0.24074292182922363,84.33757781982422,0.13356928527355194,recon_dom_01_10
4258,,,,,,,,,,2.8584442138671875,0.29346829652786255,30.575942993164062,3.457671880722046,0.1629067212343216,0.0,0.0,0.0,17.429813385009766,0.23917202651500702,24.588504791259766,0.13423970341682434,recon_dom_01_10
4259,,,,,,,,,,0.5813233852386475,10.416340827941895,0.798190712928772,11.005645751953125,0.04616667702794075,0.0,0.0,0.0,0.0925276130437851,0.23574984073638916,0.8745338320732117,0.13987797498703003,recon_dom_01_10
4260,,,,,,,,,,1.5174617767333984,3.8745782375335693,1.5850725173950195,5.407890796661377,0.04439595714211464,0.0,0.0,0.0,0.35208234190940857,0.23184221982955933,1.9476661682128906,0.13993197679519653,recon_dom_01_10
4261,,,,,,,,,,2.671802520751953,1.2398797273635864,5.775311470031738,3.969435453414917,0.08609634637832642,0.0,0.0,0.0,2.3144280910491943,0.23108932375907898,5.987161636352539,0.13712430000305176,recon_dom_01_10
4262,,,,0.0,0.0,0.0,100.0,100.0,100.0,2.77964448928833,0.16368679702281952,50.0,3.443331241607666,0.6111620664596558,0.0,0.0,0.0,118.26551818847656,0.2432568520307541,136.06753540039062,0.13072305917739868,recon_dom_01_10
4263,,,,,,,,,,0.49547523260116577,11.986486434936523,0.608830451965332,12.488049507141113,0.02602948620915413,0.0,0.0,0.0,0.07720397412776947,0.23191827535629272,0.727429986000061,0.1457221359014511,recon_dom_01_10
4264,,,,,,,,,,1.4169652462005615,2.8975672721862793,2.1123223304748535,4.335655689239502,0.05449782684445381,0.0,0.0,0.0,0.6050140261650085,0.23411962389945984,2.3953166007995605,0.13748770952224731,recon_dom_01_10
4265,,,,,,,,,,1.6703298091888428,2.471693515777588,2.5646414756774902,4.167669773101807,0.05554034560918808,0.0,0.0,0.0,0.7955814599990845,0.2331957221031189,2.9082798957824707,0.13898779451847076,recon_dom_01_10
4266,,,,,,,,,,2.064152240753174,0.7592568397521973,10.748717308044434,2.930896282196045,0.10369675606489182,0.0,0.0,0.0,5.420392990112305,0.2371276319026947,9.54517650604248,0.13539382815361023,recon_dom_01_10
4267,,,,,,,,,,3.1125059127807617,0.30738168954849243,24.66250228881836,3.6665127277374268,0.14124810695648193,0.0,0.0,0.0,13.748594284057617,0.2386004626750946,20.340707778930664,0.1345314085483551,recon_dom_01_10
4268,,,,,,,,,,3.1017682552337646,0.3622533977031708,18.321197509765625,3.647233724594116,0.13933797180652618,0.0,0.0,0.0,9.642252922058105,0.24087810516357422,15.889745712280273,0.13293692469596863,recon_dom_01_10
4269,,,,,,,,,,1.795548915863037,0.4114952087402344,24.004636764526367,2.4470903873443604,0.1518438160419464,0.0,0.0,0.0,13.678082466125488,0.23816066980361938,19.059810638427734,0.1361461728811264,recon_dom_01_10
4270,,,,,,,,,,2.842559337615967,0.3965156376361847,15.62833309173584,3.3953583240509033,0.1304909586906433,0.0,0.0,0.0,8.08793830871582,0.2388269007205963,13.701539039611816,0.13288754224777222,recon_dom_01_10
4271,,,,,,,,,,2.452727794647217,0.23291726410388947,50.0,3.18564510345459,0.2854992747306824,0.0,0.0,0.0,46.766353607177734,0.23868948221206665,57.228851318359375,0.13423603773117065,recon_dom_01_10
4272,,,,0.0,0.0,0.0,100.0,50.0,100.0,1.832445502281189,0.7122132778167725,10.143961906433105,2.6460983753204346,0.08013151586055756,0.0,0.0,0.0,5.0807414054870605,0.22973647713661194,9.249953269958496,0.14612862467765808,recon_dom_01_10
4273,,,,,,,,,,2.975710391998291,0.35711273550987244,22.561901092529297,3.5584421157836914,0.15518125891685486,0.0,0.0,0.0,12.104937553405762,0.24089007079601288,19.287372589111328,0.13281822204589844,recon_dom_01_10
4274,,,,,,,,,,2.9420461654663086,0.27883076667785645,28.55963706970215,3.5064733028411865,0.17139065265655518,0.0,0.0,0.0,15.850860595703125,0.24091804027557373,23.629066467285156,0.13198812305927277,recon_dom_01_10
4275,,,,,,,,,,2.612273693084717,0.9144971966743469,7.47408390045166,3.6015117168426514,0.09124398976564407,0.0,0.0,0.0,3.4007034301757812,0.23531001806259155,7.159854888916016,0.13701984286308289,recon_dom_01_10
4276,,,,,,,,,,2.082833766937256,0.4827408492565155,18.69510269165039,2.752525568008423,0.12404706329107285,0.0,0.0,0.0,10.40651798248291,0.23484686017036438,15.262102127075195,0.13815325498580933,recon_dom_01_10
4277,,,,,,,,,,1.7969231605529785,0.18744485080242157,50.0,2.484368085861206,0.458937406539917,0.0,0.0,0.0,85.72074127197266,0.23723259568214417,97.44548797607422,0.13578809797763824,recon_dom_01_10
4278,,,,,,,,,,1.2251777648925781,5.176731586456299,1.4917562007904053,6.4168267250061035,0.04228086769580841,0.0,0.0,0.0,0.3633790910243988,0.22813695669174194,1.759545087814331,0.1438661366701126,recon_dom_01_10
4279,,,,,,,,,,2.70950984954834,0.23070254921913147,50.0,3.4402124881744385,0.27606719732284546,0.0,0.0,0.0,43.45803451538086,0.23985713720321655,53.774803161621094,0.1334545910358429,recon_dom_01_10
4280,,,,,,,,,,2.0773656368255615,0.5476422905921936,26.391277313232422,2.888920783996582,0.1390950083732605,0.0,0.0,0.0,15.225979804992676,0.23942461609840393,20.86488151550293,0.13442173600196838,recon_dom_01_10
4281,,,,,,,,,,2.87101149559021,0.7692109942436218,9.606910705566406,3.7362916469573975,0.09989996999502182,0.0,0.0,0.0,4.476873874664307,0.23566067218780518,9.18680191040039,0.13570177555084229,recon_dom_01_10
4282,,,,0.0,0.0,0.0,100.0,100.0,50.0,0.8685299158096313,7.322536468505859,1.5828876495361328,8.206894874572754,0.050129327923059464,0.0,0.0,0.0,0.3866720199584961,0.23234285414218903,1.8160443305969238,0.14312487840652466,recon_dom_01_10
4283,,,,,,,,,,2.2452611923217773,0.5696811676025391,30.606189727783203,3.121004343032837,0.14288191497325897,0.0,0.0,0.0,17.73838996887207,0.23618033528327942,24.2320613861084,0.13744203746318817,recon_dom_01_10
4284,,,,,,,,,,2.744070053100586,0.18676796555519104,50.0,3.430838108062744,0.41376954317092896,0.0,0.0,0.0,75.06073760986328,0.24229997396469116,89.31481170654297,0.1308172643184662,recon_dom_01_10
4285,,,,,,,,,,2.8545491695404053,0.31505286693573,32.65441131591797,3.4961462020874023,0.18224196135997772,0.0,0.0,0.0,18.551469802856445,0.24255448579788208,26.308677673339844,0.13137851655483246,recon_dom_01_10
4286,,,,,,,,,,1.310528039932251,1.013486385345459,50.0,2.82401442527771,1.9235692024230957,0.0,0.0,0.0,393.43212890625,0.23019039630889893,418.80328369140625,0.13799962401390076,recon_dom_01_10
4287,,,,,,,,,,0.632079005241394,9.69184398651123,0.9828452467918396,10.333751678466797,0.051140911877155304,8.032436937810417e-08,0.0,0.0,0.12756973505020142,0.2260597050189972,1.1247467994689941,0.14591436088085175,recon_dom_01_10
4288,,,,,,,,,,2.372248649597168,1.2147005796432495,7.990048408508301,3.6668496131896973,0.09336580336093903,0.0,0.0,0.0,3.6803746223449707,0.23831966519355774,7.611191749572754,0.1341712325811386,recon_dom_01_10
4289,,,,,,,,,,1.8449448347091675,0.6867862939834595,22.007862091064453,2.75180983543396,0.13099855184555054,0.0,0.0,0.0,12.38145637512207,0.23243841528892517,17.868532180786133,0.13902682065963745,recon_dom_01_10
4290,,,,,,,,,,2.9383790493011475,0.41263347864151,27.34900665283203,3.624502658843994,0.15875089168548584,0.0,0.0,0.0,15.040843963623047,0.23792307078838348,22.95442771911621,0.13403019309043884,recon_dom_01_10
4291,,,,,,,,,,1.768619418144226,0.28846171498298645,50.0,2.5570812225341797,0.30612507462501526,0.0,0.0,0.0,52.201385498046875,0.2343459129333496,61.0228385925293,0.13784515857696533,recon_dom_01_10
4292,,,,0.0,0.0,0.0,100.0,100.0,100.0,1.6306092739105225,1.2601559162139893,8.356825828552246,2.9743335247039795,0.08772066235542297,0.0,0.0,0.0,4.128078937530518,0.235355943441391,7.5054731369018555,0.1387154459953308,recon_dom_01_10
4293,,,,,,,,,,1.9411414861679077,1.670832633972168,7.823550701141357,3.6902096271514893,0.09988915175199509,0.0,0.0,0.0,3.697305679321289,0.23565849661827087,7.179035663604736,0.13715650141239166,recon_dom_01_10
4294,,,,,,,,,,2.7547624111175537,0.4514109790325165,29.207534790039062,3.498248815536499,0.1639694720506668,0.0,0.0,0.0,16.564496994018555,0.23702850937843323,23.57206153869629,0.13457827270030975,recon_dom_01_10
4295,,,,,,,,,,2.9417405128479004,0.31933867931365967,39.743316650390625,3.6585123538970947,0.206564262509346,0.0,0.0,0.0,22.585735321044922,0.24081625044345856,32.17499923706055,0.1318058967590332,recon_dom_01_10
4296,,,,,,,,,,2.880829334259033,0.5965447425842285,14.997517585754395,3.6273491382598877,0.11968516558408737,0.0,0.0,0.0,7.68195915222168,0.237582266330719,13.35976791381836,0.13490892946720123,recon_dom_01_10
4297,,,,,,,,,,1.2104942798614502,5.026027679443359,2.804661273956299,6.26456880569458,0.04435717314481735,0.0,0.0,0.0,1.0087910890579224,0.23038920760154724,3.0737106800079346,0.1419018805027008,recon_dom_01_10
4298,,,,,,,,,,1.666823148727417,1.6693226099014282,7.745345115661621,3.4135992527008057,0.0848095566034317,0.0,0.0,0.0,3.650271415710449,0.2366398125886917,7.267723560333252,0.13499999046325684,recon_dom_01_10
4299,,,,,,,,,,2.0671825408935547,2.4987356662750244,4.072338104248047,4.60664176940918,0.07125315070152283,0.0,0.0,0.0,1.438927173614502,0.2321602702140808,4.480463981628418,0.13697171211242676,recon_dom_01_10
4300,,,,,,,,,,1.644498586654663,0.49726054072380066,28.345489501953125,2.4252140522003174,0.14831644296646118,0.0,0.0,0.0,16.515104293823242,0.23393549025058746,22.102733612060547,0.140431210398674,recon_dom_01_10
4301,,,,,,,,,,1.5894629955291748,0.6685488820075989,15.046363830566406,2.408475399017334,0.0989653617143631,0.0,0.0,0.0,8.260591506958008,0.23342572152614594,12.506671905517578,0.1426742970943451,recon_dom_01_10
4302,,,,0.0,0.0,0.0,100.0,50.0,100.0,2.686964511871338,0.2677621841430664,49.359867095947266,3.4483253955841064,0.23719662427902222,0.0,0.0,0.0,29.405147552490234,0.24057263135910034,37.46295166015625,0.13198673725128174,recon_dom_01_10
4303,,,,,,,,,,1.9075000286102295,2.6356005668640137,3.6659440994262695,4.5797600746154785,0.07004277408123016,0.0,0.0,0.0,1.2934575080871582,0.2356189638376236,3.9700777530670166,0.13671991229057312,recon_dom_01_10
4304,,,,,,,,,,2.81895112991333,0.2883870601654053,40.764930725097656,3.5149874687194824,0.21681705117225647,0.0,0.0,0.0,23.182598114013672,0.24057108163833618,32.92205047607422,0.13164377212524414,recon_dom_01_10
4305,,,,,,,,,,2.771559476852417,0.6277444362640381,16.699960708618164,3.5663034915924072,0.13967248797416687,0.0,0.0,0.0,8.831620216369629,0.23544824123382568,14.265746116638184,0.1356189250946045,recon_dom_01_10
4306,,,,,,,,,,2.655111789703369,0.4186810851097107,23.7655029296875,3.311447858810425,0.1377338021993637,0.0,0.0,0.0,13.2518949508667,0.23894266784191132,19.57524299621582,0.13425102829933167,recon_dom_01_10
4307,,,,,,,,,,1.8249058723449707,1.479334831237793,7.048227787017822,3.374722957611084,0.0666101798415184,0.0,0.0,0.0,3.511964797973633,0.234776109457016,6.331446647644043,0.1401118040084839,recon_dom_01_10
4308,,,,,,,,,,2.8134593963623047,0.6613582968711853,16.427650451660156,3.639094114303589,0.12257614731788635,0.0,0.0,0.0,8.537033081054688,0.23762652277946472,14.480709075927734,0.1361968219280243,recon_dom_01_10
4309,,,,,,,,,,2.382591485977173,1.1602013111114502,7.974488258361816,3.622537612915039,0.10103046894073486,0.0,0.0,0.0,3.6547985076904297,0.235855832695961,7.554697036743164,0.136033833026886,recon_dom_01_10
4310,,,,,,,,,,1.6799768209457397,0.34275928139686584,50.0,2.522736072540283,0.2590143382549286,0.0,0.0,0.0,43.32123947143555,0.23855428397655487,51.74985122680664,0.13526998460292816,recon_dom_01_10
4311,,,,,,,,,,2.430389404296875,1.0908831357955933,7.201406478881836,3.5932865142822266,0.10751166194677353,0.0,0.0,0.0,3.0699210166931152,0.23898249864578247,7.11358642578125,0.13235659897327423,recon_dom_01_10
4312,,,,0.0,0.0,0.0,100.0,50.0,0.0,1.4717559814453125,3.920717239379883,3.0097455978393555,5.422570705413818,0.07639309763908386,0.0,0.0,0.0,0.9830335378646851,0.23280739784240723,3.2150766849517822,0.139275461435318,recon_dom_01_10
4313,,,,,,,,,,1.5510153770446777,0.6332980990409851,11.966071128845215,2.303974151611328,0.08155026286840439,0.0,0.0,0.0,6.40343713760376,0.22224003076553345,10.234221458435059,0.15547925233840942,recon_dom_01_10
4314,,,,,,,,,,1.4252910614013672,4.519586563110352,2.7602171897888184,5.972479820251465,0.05025142431259155,0.0,0.0,0.0,0.909564733505249,0.2384030669927597,3.1238067150115967,0.13651621341705322,recon_dom_01_10
4315,,,,,,,,,,1.7470457553863525,0.4855356812477112,25.631797790527344,2.4888994693756104,0.1224977895617485,0.0,0.0,0.0,14.786201477050781,0.23712724447250366,20.391469955444336,0.13659483194351196,recon_dom_01_10
4316,,,,,,,,,,2.782555103302002,0.43436071276664734,18.05471420288086,3.397462844848633,0.13564173877239227,0.0,0.0,0.0,9.56751823425293,0.238630473613739,15.543536186218262,0.13355839252471924,recon_dom_01_10
4317,,,,,,,,,,1.313178539276123,5.181929111480713,1.9342095851898193,6.514449596405029,0.05465197190642357,0.0,0.0,0.0,0.5037918090820312,0.22878703474998474,2.240548610687256,0.14004787802696228,recon_dom_01_10
